env: load .env
env: export EXPO_PUBLIC_GROQ_API_KEY GROQ_API_KEY SUPABASE_ACCESS_TOKEN SUPABASE_PROJECT_REF
Starting project at C:\Users\Neila\MusikaLokal\mobile
React Compiler enabled
Starting Metro Bundler
warning: Bundler cache is empty, rebuilding (this may take a minute)
Waiting on http://localhost:8081
Logs for your project will appear below.
Android .\index.js ░░░░░░░░░░░░░░░░  0.0% (0/1)
Android .\index.js ▓▓░░░░░░░░░░░░░░ 17.1% ( 65/281)
Android .\index.js ▓▓▓▓▓▓░░░░░░░░░░ 37.7% (422/745)
Android .\index.js ▓▓▓▓▓▓▓▓░░░░░░░░ 54.9% (686/966)
Android .\index.js ▓▓▓▓▓▓▓▓░░░░░░░░ 54.9% ( 700/1000)
Android .\index.js ▓▓▓▓▓▓▓▓▓▓░░░░░░ 64.6% ( 842/1048)
Android .\index.js ▓▓▓▓▓▓▓▓▓▓░░░░░░ 68.5% (1063/1325)
Android .\index.js ▓▓▓▓▓▓▓▓▓▓░░░░░░ 68.5% (1350/1721)
Android .\index.js ▓▓▓▓▓▓▓▓▓▓▓▓░░░░ 75.8% (1745/2004)
Android .\index.js ▓▓▓▓▓▓▓▓▓▓▓▓▓░░░ 84.6% (2043/2221)
Android .\index.js ▓▓▓▓▓▓▓▓▓▓▓▓▓▓▓░ 99.9% (2459/2459)
Android Bundled 35787ms index.js (2459 modules)
Android .\index.js ░░░░░░░░░░░░░░░░  0.0% (0/1)
Android .\index.js ▓▓▓░░░░░░░░░░░░░ 19.9% (252/574)
Android .\index.js ▓▓▓░░░░░░░░░░░░░ 19.9% (265/603)
Android .\index.js ▓▓▓░░░░░░░░░░░░░ 21.2% (293/637)
Android .\index.js ▓▓▓░░░░░░░░░░░░░ 24.3% (339/688)
Android .\index.js ▓▓▓▓▓░░░░░░░░░░░ 34.5% (474/807)
Android .\index.js ▓▓▓▓▓▓░░░░░░░░░░ 39.6% (607/964)
Android .\index.js ▓▓▓▓▓▓▓░░░░░░░░░ 46.3% ( 913/1344)
Android .\index.js ▓▓▓▓▓▓▓▓░░░░░░░░ 52.6% (1178/1625)
Android .\index.js ▓▓▓▓▓▓▓▓▓░░░░░░░ 57.2% (1256/1661)
Android .\index.js ▓▓▓▓▓▓▓▓▓▓░░░░░░ 65.5% (1420/1760)
Android .\index.js ▓▓▓▓▓▓▓▓▓▓▓░░░░░ 69.9% (1560/1866)
Android .\index.js ▓▓▓▓▓▓▓▓▓▓▓▓░░░░ 79.2% (1801/2024)
Android .\index.js ▓▓▓▓▓▓▓▓▓▓▓▓▓░░░ 83.5% (1937/2120)
Android .\index.js ▓▓▓▓▓▓▓▓▓▓▓▓▓▓░░ 92.1% (2219/2312)
Android Bundled 54534ms index.js (2448 modules)
 INFO  [radio] react-native-track-player unavailable; radio playback is disabled until you run a native dev build.
 WARN  SafeAreaView has been deprecated and will be removed in a future release. Please use 'react-native-safe-area-context' instead. See https://github.com/th3rdwave/react-native-safe-area-context
 WARN  [expo-av]: Expo AV has been deprecated and will be removed in SDK 54. Use the `expo-audio` and `expo-video` packages to replace the required functionality.
 INFO  [push] expo-notifications unavailable; native push registration is disabled until dependencies are installed and Metro is restarted.
 INFO  [LoadTime][Route] enter {"route": "/", "startedAt": "2026-05-17T14:27:54.712Z"}
Android .\index.js ░░░░░░░░░░░░░░░░  0.0% (0/1)
Android Bundled 302ms index.js (1 module)
 INFO  [radio] react-native-track-player unavailable; radio playback is disabled until you run a native dev build.
 WARN  SafeAreaView has been deprecated and will be removed in a future release. Please use 'react-native-safe-area-context' instead. See https://github.com/th3rdwave/react-native-safe-area-context
 WARN  [expo-av]: Expo AV has been deprecated and will be removed in SDK 54. Use the `expo-audio` and `expo-video` packages to replace the required functionality.
 INFO  [push] expo-notifications unavailable; native push registration is disabled until dependencies are installed and Metro is restarted.
 INFO  [LoadTime][Route] enter {"route": "/", "startedAt": "2026-05-17T14:29:15.301Z"}
 INFO  [LoadTime][Route] leave {"durationMs": 2338, "route": "/"}
 INFO  [LoadTime][Feed] mount {"details": {"hasMore": false, "tab": "for_you", "user": "guest"}, "startedAt": "2026-05-17T14:29:19.057Z"}
 INFO  [LoadTime][Route] enter {"route": "/(tabs)/feed", "startedAt": "2026-05-17T14:29:19.080Z"}
 INFO  [LoadTime][Feed] query-start {"query": "forYouFeed", "status": "pending"}
 LOG  [notification-toast] Notification toast channel status {"activeUserId": "85f60010-24aa-494e-9fdd-9434724f9a8f", "reason": "initial", "status": "SUBSCRIBED"}
 LOG  [notification-toast] Backfilled recent notifications {"count": 0, "queryFloorIso": "2026-05-17T14:24:04.544Z", "reason": "subscribed:initial"}
 INFO  [LoadTime][Edge:manage-social-feed] complete {"action": "get_feed", "cursor": undefined, "durationMs": 1356, "hasUserId": true, "keys": ["action", "cursor", "feed_type", "limit", "personalize", "userId"], "limit": 12}
 INFO  [LoadTime][Feed] primary-page-parsed {"append": false, "feedTab": "for_you", "pages": 1, "posts": 2}
 INFO  [LoadTime][Feed] snapshot-ready {"aiCards": 0, "feedTab": "for_you", "hasMore": false, "posts": 2}
 INFO  [LoadTime][Feed] load-complete {"counts": {"aiCards": 0, "followingEntities": 0, "posts": 2}, "details": {"hasMore": false, "tab": "for_you", "user": "signed-in"}, "durationMs": 3468}
 INFO  [LoadTime][Feed] first-ready {"counts": {"aiCards": 0, "followingEntities": 0, "posts": 2}, "details": {"hasMore": false, "tab": "for_you", "user": "signed-in"}, "durationMs": 3470, "renderCount": 10}
 INFO  [LoadTime][Feed] query-complete {"durationMs": 1580, "error": undefined, "query": "forYouFeed", "status": "success", "updatedAt": "2026-05-17T14:29:21.747Z"}
 INFO  [LoadTime][FeedRadio] fetch-start {"details": {"includeItems": true}}
 INFO  [LoadTime][FeedRadio] edge-complete {"details": {"featuredOnly": true, "playableStations": 1, "stations": 1}, "durationMs": 938}
 INFO  [LoadTime][FeedRadio] fetch-complete {"details": {"playableStations": 1, "stations": 1}, "durationMs": 944}
 WARN  [GROQ_ROUTER] Request failed {"apiKeySignature": "len=56 prefix=gsk_zq suffix=j7J5Bx", "apiKeySource": "process.env.EXPO_PUBLIC_GROQ_API_KEY", "message": "Invalid API Key", "modelId": "llama-3.3-70b-versatile", "modelSource": "default.llama-3.3-70b-versatile", "status": 401}
 WARN  [GROQ_ROUTER] Request exception {"apiKeySignature": "len=56 prefix=gsk_zq suffix=j7J5Bx", "apiKeySource": "process.env.EXPO_PUBLIC_GROQ_API_KEY", "message": "Invalid API Key", "modelId": "llama-3.3-70b-versatile", "modelSource": "default.llama-3.3-70b-versatile"}
 LOG  [notification-toast] Backfilled recent notifications {"count": 0, "queryFloorIso": "2026-05-17T14:29:06.180Z", "reason": "recovery-poll"}
 LOG  [notification-toast] Backfilled recent notifications {"count": 0, "queryFloorIso": "2026-05-17T14:29:10.576Z", "reason": "recovery-poll"}
 LOG  [notification-toast] Backfilled recent notifications {"count": 0, "queryFloorIso": "2026-05-17T14:29:16.606Z", "reason": "recovery-poll"}
 LOG  [notification-toast] Backfilled recent notifications {"count": 0, "queryFloorIso": "2026-05-17T14:29:22.637Z", "reason": "recovery-poll"}
 LOG  [notification-toast] Disposed notification toast channel {"activeUserId": "85f60010-24aa-494e-9fdd-9434724f9a8f", "reason": "app-state:background"}
 INFO  [LoadTime][Route] leave {"durationMs": 28565, "route": "/(tabs)/feed"}
 INFO  [LoadTime][Route] enter {"route": "/edit_profile", "startedAt": "2026-05-17T14:29:47.646Z"}
 LOG  [notification-toast] Notification toast channel status {"activeUserId": "85f60010-24aa-494e-9fdd-9434724f9a8f", "reason": "foreground", "status": "SUBSCRIBED"}
 LOG  [notification-toast] Backfilled recent notifications {"count": 0, "queryFloorIso": "2026-05-17T14:29:31.847Z", "reason": "subscribed:foreground"}
 LOG  [notification-toast] Backfilled recent notifications {"count": 0, "queryFloorIso": "2026-05-17T14:29:32.757Z", "reason": "recovery-poll"}
 LOG  [notification-toast] Backfilled recent notifications {"count": 0, "queryFloorIso": "2026-05-17T14:29:38.680Z", "reason": "recovery-poll"}
 LOG  [notification-toast] Backfilled recent notifications {"count": 0, "queryFloorIso": "2026-05-17T14:29:44.809Z", "reason": "recovery-poll"}
 LOG  [notification-toast] Backfilled recent notifications {"count": 0, "queryFloorIso": "2026-05-17T14:29:50.740Z", "reason": "recovery-poll"}
 LOG  [notification-toast] Backfilled recent notifications {"count": 0, "queryFloorIso": "2026-05-17T14:29:56.771Z", "reason": "recovery-poll"}
 LOG  [notification-toast] Backfilled recent notifications {"count": 0, "queryFloorIso": "2026-05-17T14:30:02.790Z", "reason": "recovery-poll"}
 LOG  [notification-toast] Backfilled recent notifications {"count": 0, "queryFloorIso": "2026-05-17T14:30:08.814Z", "reason": "recovery-poll"}
 LOG  [notification-toast] Backfilled recent notifications {"count": 0, "queryFloorIso": "2026-05-17T14:30:14.846Z", "reason": "recovery-poll"}
 LOG  [notification-toast] Backfilled recent notifications {"count": 0, "queryFloorIso": "2026-05-17T14:30:20.876Z", "reason": "recovery-poll"}
 LOG  [notification-toast] Backfilled recent notifications {"count": 0, "queryFloorIso": "2026-05-17T14:30:26.906Z", "reason": "recovery-poll"}
 LOG  [notification-toast] Backfilled recent notifications {"count": 0, "queryFloorIso": "2026-05-17T14:30:32.936Z", "reason": "recovery-poll"}
 LOG  [notification-toast] Backfilled recent notifications {"count": 0, "queryFloorIso": "2026-05-17T14:30:38.966Z", "reason": "recovery-poll"}
 LOG  [notification-toast] Backfilled recent notifications {"count": 0, "queryFloorIso": "2026-05-17T14:30:44.999Z", "reason": "recovery-poll"}
 LOG  [notification-toast] Backfilled recent notifications {"count": 0, "queryFloorIso": "2026-05-17T14:30:51.028Z", "reason": "recovery-poll"}
 LOG  [notification-toast] Backfilled recent notifications {"count": 0, "queryFloorIso": "2026-05-17T14:30:57.059Z", "reason": "recovery-poll"}
 LOG  [notification-toast] Backfilled recent notifications {"count": 0, "queryFloorIso": "2026-05-17T14:31:03.089Z", "reason": "recovery-poll"}
 LOG  [notification-toast] Backfilled recent notifications {"count": 0, "queryFloorIso": "2026-05-17T14:31:09.119Z", "reason": "recovery-poll"}
 LOG  [notification-toast] Backfilled recent notifications {"count": 0, "queryFloorIso": "2026-05-17T14:31:15.150Z", "reason": "recovery-poll"}
 LOG  [notification-toast] Backfilled recent notifications {"count": 0, "queryFloorIso": "2026-05-17T14:31:21.180Z", "reason": "recovery-poll"}
 LOG  [notification-toast] Backfilled recent notifications {"count": 0, "queryFloorIso": "2026-05-17T14:31:27.211Z", "reason": "recovery-poll"}
 LOG  [notification-toast] Backfilled recent notifications {"count": 0, "queryFloorIso": "2026-05-17T14:31:33.241Z", "reason": "recovery-poll"}
 LOG  [notification-toast] Backfilled recent notifications {"count": 0, "queryFloorIso": "2026-05-17T14:31:39.272Z", "reason": "recovery-poll"}
 LOG  [notification-toast] Backfilled recent notifications {"count": 0, "queryFloorIso": "2026-05-17T14:31:45.302Z", "reason": "recovery-poll"}
 LOG  [notification-toast] Backfilled recent notifications {"count": 0, "queryFloorIso": "2026-05-17T14:31:51.332Z", "reason": "recovery-poll"}
 LOG  [notification-toast] Backfilled recent notifications {"count": 0, "queryFloorIso": "2026-05-17T14:31:57.363Z", "reason": "recovery-poll"}
 LOG  [notification-toast] Backfilled recent notifications {"count": 0, "queryFloorIso": "2026-05-17T14:32:03.393Z", "reason": "recovery-poll"}
 LOG  [notification-toast] Backfilled recent notifications {"count": 0, "queryFloorIso": "2026-05-17T14:32:09.424Z", "reason": "recovery-poll"}
 LOG  [notification-toast] Backfilled recent notifications {"count": 0, "queryFloorIso": "2026-05-17T14:32:15.454Z", "reason": "recovery-poll"}
 LOG  [notification-toast] Backfilled recent notifications {"count": 0, "queryFloorIso": "2026-05-17T14:32:21.485Z", "reason": "recovery-poll"}
 LOG  [notification-toast] Backfilled recent notifications {"count": 0, "queryFloorIso": "2026-05-17T14:32:27.515Z", "reason": "recovery-poll"}
 LOG  [notification-toast] Backfilled recent notifications {"count": 0, "queryFloorIso": "2026-05-17T14:32:33.545Z", "reason": "recovery-poll"}
 LOG  [notification-toast] Backfilled recent notifications {"count": 0, "queryFloorIso": "2026-05-17T14:32:39.576Z", "reason": "recovery-poll"}
 LOG  [notification-toast] Backfilled recent notifications {"count": 0, "queryFloorIso": "2026-05-17T14:32:45.607Z", "reason": "recovery-poll"}
 LOG  [notification-toast] Backfilled recent notifications {"count": 0, "queryFloorIso": "2026-05-17T14:32:51.638Z", "reason": "recovery-poll"}
 LOG  [notification-toast] Backfilled recent notifications {"count": 0, "queryFloorIso": "2026-05-17T14:32:57.669Z", "reason": "recovery-poll"}
 LOG  [notification-toast] Backfilled recent notifications {"count": 0, "queryFloorIso": "2026-05-17T14:33:03.698Z", "reason": "recovery-poll"}
 LOG  [notification-toast] Backfilled recent notifications {"count": 0, "queryFloorIso": "2026-05-17T14:33:09.728Z", "reason": "recovery-poll"}
 LOG  [notification-toast] Backfilled recent notifications {"count": 0, "queryFloorIso": "2026-05-17T14:33:15.759Z", "reason": "recovery-poll"}
 LOG  [notification-toast] Backfilled recent notifications {"count": 0, "queryFloorIso": "2026-05-17T14:33:21.789Z", "reason": "recovery-poll"}
 LOG  [notification-toast] Backfilled recent notifications {"count": 0, "queryFloorIso": "2026-05-17T14:33:27.821Z", "reason": "recovery-poll"}
 LOG  [notification-toast] Backfilled recent notifications {"count": 0, "queryFloorIso": "2026-05-17T14:33:33.850Z", "reason": "recovery-poll"}
 LOG  [notification-toast] Backfilled recent notifications {"count": 0, "queryFloorIso": "2026-05-17T14:33:39.881Z", "reason": "recovery-poll"}
 LOG  [notification-toast] Backfilled recent notifications {"count": 0, "queryFloorIso": "2026-05-17T14:33:45.911Z", "reason": "recovery-poll"}
 LOG  [notification-toast] Backfilled recent notifications {"count": 0, "queryFloorIso": "2026-05-17T14:33:51.942Z", "reason": "recovery-poll"}
 LOG  [notification-toast] Backfilled recent notifications {"count": 0, "queryFloorIso": "2026-05-17T14:33:57.972Z", "reason": "recovery-poll"}
 LOG  [notification-toast] Backfilled recent notifications {"count": 0, "queryFloorIso": "2026-05-17T14:34:04.003Z", "reason": "recovery-poll"}
 LOG  [notification-toast] Backfilled recent notifications {"count": 0, "queryFloorIso": "2026-05-17T14:34:10.033Z", "reason": "recovery-poll"}
 INFO  [LoadTime][Route] leave {"durationMs": 289947, "route": "/edit_profile"}
 INFO  [LoadTime][Route] enter {"route": "/edit_profile", "startedAt": "2026-05-17T14:34:37.596Z"}
 LOG  [notification-toast] Disposed notification toast channel {"activeUserId": "85f60010-24aa-494e-9fdd-9434724f9a8f", "reason": "cleanup"}
 LOG  [notification-toast] Backfilled recent notifications {"count": 0, "queryFloorIso": "2026-05-17T14:34:16.064Z", "reason": "recovery-poll"}
 LOG  [notification-toast] Notification toast channel status {"activeUserId": "85f60010-24aa-494e-9fdd-9434724f9a8f", "reason": "initial", "status": "SUBSCRIBED"}
 LOG  [notification-toast] Backfilled recent notifications {"count": 0, "queryFloorIso": "2026-05-17T14:29:22.597Z", "reason": "subscribed:initial"}
 LOG  [notification-toast] Backfilled recent notifications {"count": 0, "queryFloorIso": "2026-05-17T14:34:22.679Z", "reason": "recovery-poll"}
 LOG  [notification-toast] Backfilled recent notifications {"count": 0, "queryFloorIso": "2026-05-17T14:34:28.624Z", "reason": "recovery-poll"}
Android .\index.js ░░░░░░░░░░░░░░░░  0.0% (0/1)
Android Bundled 252ms index.js (1 module)
 INFO  [radio] react-native-track-player unavailable; radio playback is disabled until you run a native dev build.
 WARN  SafeAreaView has been deprecated and will be removed in a future release. Please use 'react-native-safe-area-context' instead. See https://github.com/th3rdwave/react-native-safe-area-context
 WARN  [expo-av]: Expo AV has been deprecated and will be removed in SDK 54. Use the `expo-audio` and `expo-video` packages to replace the required functionality.
 INFO  [push] expo-notifications unavailable; native push registration is disabled until dependencies are installed and Metro is restarted.
 INFO  [LoadTime][Route] enter {"route": "/", "startedAt": "2026-05-17T14:35:02.177Z"}
Android .\index.js ░░░░░░░░░░░░░░░░  0.0% (0/1)
Android Bundled 265ms index.js (1 module)
 INFO  [radio] react-native-track-player unavailable; radio playback is disabled until you run a native dev build.
 WARN  SafeAreaView has been deprecated and will be removed in a future release. Please use 'react-native-safe-area-context' instead. See https://github.com/th3rdwave/react-native-safe-area-context
 WARN  [expo-av]: Expo AV has been deprecated and will be removed in SDK 54. Use the `expo-audio` and `expo-video` packages to replace the required functionality.
 INFO  [push] expo-notifications unavailable; native push registration is disabled until dependencies are installed and Metro is restarted.
 INFO  [LoadTime][Route] enter {"route": "/", "startedAt": "2026-05-17T14:37:16.768Z"}
 INFO  [LoadTime][Route] leave {"durationMs": 2432, "route": "/"}
 INFO  [LoadTime][Feed] mount {"details": {"hasMore": false, "tab": "for_you", "user": "guest"}, "startedAt": "2026-05-17T14:37:20.783Z"}
 INFO  [LoadTime][Route] enter {"route": "/(tabs)/feed", "startedAt": "2026-05-17T14:37:20.806Z"}
 LOG  [notification-toast] Notification toast channel status {"activeUserId": "cb259949-75c9-4a79-8aed-bc93f048e40e", "reason": "initial", "status": "SUBSCRIBED"}
 INFO  [LoadTime][Feed] query-start {"query": "forYouFeed", "status": "pending"}
 LOG  [notification-toast] Backfilled recent notifications {"count": 0, "queryFloorIso": "2026-05-17T14:32:06.231Z", "reason": "subscribed:initial"}
 INFO  [LoadTime][Edge:manage-social-feed] complete {"action": "get_feed", "cursor": undefined, "durationMs": 1185, "hasUserId": true, "keys": ["action", "cursor", "feed_type", "limit", "personalize", "userId"], "limit": 12}
 INFO  [LoadTime][Feed] primary-page-parsed {"append": false, "feedTab": "for_you", "pages": 1, "posts": 2}
 INFO  [LoadTime][Feed] snapshot-ready {"aiCards": 0, "feedTab": "for_you", "hasMore": false, "posts": 2}
 INFO  [LoadTime][Feed] load-complete {"counts": {"aiCards": 0, "followingEntities": 0, "posts": 2}, "details": {"hasMore": false, "tab": "for_you", "user": "signed-in"}, "durationMs": 3054}
 INFO  [LoadTime][Feed] first-ready {"counts": {"aiCards": 0, "followingEntities": 0, "posts": 2}, "details": {"hasMore": false, "tab": "for_you", "user": "signed-in"}, "durationMs": 3056, "renderCount": 11}
 INFO  [LoadTime][Feed] query-complete {"durationMs": 1452, "error": undefined, "query": "forYouFeed", "status": "success", "updatedAt": "2026-05-17T14:37:23.053Z"}
 INFO  [LoadTime][FeedRadio] fetch-start {"details": {"includeItems": true}}
 INFO  [LoadTime][FeedRadio] edge-complete {"details": {"featuredOnly": true, "playableStations": 1, "stations": 1}, "durationMs": 1664}
 INFO  [LoadTime][FeedRadio] fetch-complete {"details": {"playableStations": 1, "stations": 1}, "durationMs": 1668}
 WARN  [GROQ_ROUTER] Request failed {"apiKeySignature": "len=56 prefix=gsk_zq suffix=j7J5Bx", "apiKeySource": "process.env.EXPO_PUBLIC_GROQ_API_KEY", "message": "Invalid API Key", "modelId": "llama-3.3-70b-versatile", "modelSource": "default.llama-3.3-70b-versatile", "status": 401}
 WARN  [GROQ_ROUTER] Request exception {"apiKeySignature": "len=56 prefix=gsk_zq suffix=j7J5Bx", "apiKeySource": "process.env.EXPO_PUBLIC_GROQ_API_KEY", "message": "Invalid API Key", "modelId": "llama-3.3-70b-versatile", "modelSource": "default.llama-3.3-70b-versatile"}
 LOG  [notification-toast] Backfilled recent notifications {"count": 0, "queryFloorIso": "2026-05-17T14:37:06.701Z", "reason": "recovery-poll"}
 LOG  [notification-toast] Backfilled recent notifications {"count": 0, "queryFloorIso": "2026-05-17T14:37:12.263Z", "reason": "recovery-poll"}
 LOG  [notification-toast] Backfilled recent notifications {"count": 0, "queryFloorIso": "2026-05-17T14:37:18.294Z", "reason": "recovery-poll"}
 LOG  [notification-toast] Backfilled recent notifications {"count": 0, "queryFloorIso": "2026-05-17T14:37:24.324Z", "reason": "recovery-poll"}
 LOG  [notification-toast] Disposed notification toast channel {"activeUserId": "cb259949-75c9-4a79-8aed-bc93f048e40e", "reason": "app-state:background"}
 INFO  [LoadTime][Route] leave {"durationMs": 30005, "route": "/(tabs)/feed"}
 INFO  [LoadTime][Route] enter {"route": "/edit_profile", "startedAt": "2026-05-17T14:37:50.812Z"}
 LOG  [notification-toast] Notification toast channel status {"activeUserId": "cb259949-75c9-4a79-8aed-bc93f048e40e", "reason": "foreground", "status": "SUBSCRIBED"}
 LOG  [notification-toast] Backfilled recent notifications {"count": 0, "queryFloorIso": "2026-05-17T14:37:34.983Z", "reason": "foreground"}
 LOG  [notification-toast] Backfilled recent notifications {"count": 0, "queryFloorIso": "2026-05-17T14:37:35.825Z", "reason": "recovery-poll"}
 LOG  [notification-toast] Backfilled recent notifications {"count": 0, "queryFloorIso": "2026-05-17T14:37:41.850Z", "reason": "recovery-poll"}
 LOG  [notification-toast] Backfilled recent notifications {"count": 0, "queryFloorIso": "2026-05-17T14:37:47.880Z", "reason": "recovery-poll"}
 LOG  [notification-toast] Backfilled recent notifications {"count": 0, "queryFloorIso": "2026-05-17T14:37:53.910Z", "reason": "recovery-poll"}
 LOG  [notification-toast] Backfilled recent notifications {"count": 0, "queryFloorIso": "2026-05-17T14:37:59.941Z", "reason": "recovery-poll"}
 LOG  [notification-toast] Backfilled recent notifications {"count": 0, "queryFloorIso": "2026-05-17T14:38:05.972Z", "reason": "recovery-poll"}
 LOG  [notification-toast] Backfilled recent notifications {"count": 0, "queryFloorIso": "2026-05-17T14:38:12.002Z", "reason": "recovery-poll"}
 LOG  [notification-toast] Backfilled recent notifications {"count": 0, "queryFloorIso": "2026-05-17T14:38:18.049Z", "reason": "recovery-poll"}
 LOG  [notification-toast] Backfilled recent notifications {"count": 0, "queryFloorIso": "2026-05-17T14:38:24.063Z", "reason": "recovery-poll"}
 LOG  [notification-toast] Backfilled recent notifications {"count": 0, "queryFloorIso": "2026-05-17T14:38:30.094Z", "reason": "recovery-poll"}
 LOG  [notification-toast] Backfilled recent notifications {"count": 0, "queryFloorIso": "2026-05-17T14:38:36.124Z", "reason": "recovery-poll"}
 LOG  [notification-toast] Backfilled recent notifications {"count": 0, "queryFloorIso": "2026-05-17T14:38:42.154Z", "reason": "recovery-poll"}
 LOG  [notification-toast] Backfilled recent notifications {"count": 0, "queryFloorIso": "2026-05-17T14:38:48.185Z", "reason": "recovery-poll"}
 LOG  [notification-toast] Backfilled recent notifications {"count": 0, "queryFloorIso": "2026-05-17T14:38:54.215Z", "reason": "recovery-poll"}
 LOG  [notification-toast] Backfilled recent notifications {"count": 0, "queryFloorIso": "2026-05-17T14:39:00.245Z", "reason": "recovery-poll"}
 LOG  [notification-toast] Backfilled recent notifications {"count": 0, "queryFloorIso": "2026-05-17T14:39:06.276Z", "reason": "recovery-poll"}
 LOG  [notification-toast] Backfilled recent notifications {"count": 0, "queryFloorIso": "2026-05-17T14:39:12.306Z", "reason": "recovery-poll"}
 LOG  [notification-toast] Backfilled recent notifications {"count": 0, "queryFloorIso": "2026-05-17T14:39:18.337Z", "reason": "recovery-poll"}
 LOG  [notification-toast] Backfilled recent notifications {"count": 0, "queryFloorIso": "2026-05-17T14:39:24.367Z", "reason": "recovery-poll"}
 LOG  [notification-toast] Backfilled recent notifications {"count": 0, "queryFloorIso": "2026-05-17T14:39:30.398Z", "reason": "recovery-poll"}
 LOG  [notification-toast] Backfilled recent notifications {"count": 0, "queryFloorIso": "2026-05-17T14:39:36.428Z", "reason": "recovery-poll"}
 LOG  [notification-toast] Backfilled recent notifications {"count": 0, "queryFloorIso": "2026-05-17T14:39:42.459Z", "reason": "recovery-poll"}
 LOG  [notification-toast] Backfilled recent notifications {"count": 0, "queryFloorIso": "2026-05-17T14:39:48.489Z", "reason": "recovery-poll"}
 LOG  [notification-toast] Backfilled recent notifications {"count": 0, "queryFloorIso": "2026-05-17T14:39:54.520Z", "reason": "recovery-poll"}
 LOG  [notification-toast] Backfilled recent notifications {"count": 0, "queryFloorIso": "2026-05-17T14:40:00.550Z", "reason": "recovery-poll"}
 LOG  [notification-toast] Backfilled recent notifications {"count": 0, "queryFloorIso": "2026-05-17T14:40:06.580Z", "reason": "recovery-poll"}
 LOG  [notification-toast] Backfilled recent notifications {"count": 0, "queryFloorIso": "2026-05-17T14:40:12.611Z", "reason": "recovery-poll"}
 LOG  [notification-toast] Backfilled recent notifications {"count": 0, "queryFloorIso": "2026-05-17T14:40:18.642Z", "reason": "recovery-poll"}
 LOG  [notification-toast] Backfilled recent notifications {"count": 0, "queryFloorIso": "2026-05-17T14:40:24.672Z", "reason": "recovery-poll"}
 LOG  [notification-toast] Backfilled recent notifications {"count": 0, "queryFloorIso": "2026-05-17T14:40:30.703Z", "reason": "recovery-poll"}
 LOG  [notification-toast] Backfilled recent notifications {"count": 0, "queryFloorIso": "2026-05-17T14:40:36.733Z", "reason": "recovery-poll"}
 LOG  [notification-toast] Backfilled recent notifications {"count": 0, "queryFloorIso": "2026-05-17T14:40:42.764Z", "reason": "recovery-poll"}
 LOG  [notification-toast] Backfilled recent notifications {"count": 0, "queryFloorIso": "2026-05-17T14:40:48.794Z", "reason": "recovery-poll"}
 LOG  [notification-toast] Backfilled recent notifications {"count": 0, "queryFloorIso": "2026-05-17T14:40:54.824Z", "reason": "recovery-poll"}
 LOG  [notification-toast] Backfilled recent notifications {"count": 0, "queryFloorIso": "2026-05-17T14:41:00.855Z", "reason": "recovery-poll"}
 LOG  [notification-toast] Backfilled recent notifications {"count": 0, "queryFloorIso": "2026-05-17T14:41:06.885Z", "reason": "recovery-poll"}
 LOG  [notification-toast] Backfilled recent notifications {"count": 0, "queryFloorIso": "2026-05-17T14:41:12.916Z", "reason": "recovery-poll"}
 LOG  [notification-toast] Backfilled recent notifications {"count": 0, "queryFloorIso": "2026-05-17T14:41:18.946Z", "reason": "recovery-poll"}
 LOG  [notification-toast] Backfilled recent notifications {"count": 0, "queryFloorIso": "2026-05-17T14:41:24.977Z", "reason": "recovery-poll"}
 LOG  [notification-toast] Backfilled recent notifications {"count": 0, "queryFloorIso": "2026-05-17T14:41:31.007Z", "reason": "recovery-poll"}
 LOG  [notification-toast] Backfilled recent notifications {"count": 0, "queryFloorIso": "2026-05-17T14:41:37.038Z", "reason": "recovery-poll"}
 LOG  [notification-toast] Backfilled recent notifications {"count": 0, "queryFloorIso": "2026-05-17T14:41:43.068Z", "reason": "recovery-poll"}
 LOG  [notification-toast] Backfilled recent notifications {"count": 0, "queryFloorIso": "2026-05-17T14:41:49.099Z", "reason": "recovery-poll"}
 LOG  [notification-toast] Backfilled recent notifications {"count": 0, "queryFloorIso": "2026-05-17T14:41:55.130Z", "reason": "recovery-poll"}
 LOG  [notification-toast] Backfilled recent notifications {"count": 0, "queryFloorIso": "2026-05-17T14:42:01.159Z", "reason": "recovery-poll"}
 LOG  [notification-toast] Backfilled recent notifications {"count": 0, "queryFloorIso": "2026-05-17T14:42:07.190Z", "reason": "recovery-poll"}
 LOG  [notification-toast] Backfilled recent notifications {"count": 0, "queryFloorIso": "2026-05-17T14:42:13.220Z", "reason": "recovery-poll"}
 LOG  [notification-toast] Backfilled recent notifications {"count": 0, "queryFloorIso": "2026-05-17T14:42:19.251Z", "reason": "recovery-poll"}
 LOG  [notification-toast] Backfilled recent notifications {"count": 0, "queryFloorIso": "2026-05-17T14:42:25.281Z", "reason": "recovery-poll"}
Android .\index.js ░░░░░░░░░░░░░░░░  0.0% (0/1)
Android Bundled 600ms index.js (1 module)
 INFO  [radio] react-native-track-player unavailable; radio playback is disabled until you run a native dev build.
 WARN  SafeAreaView has been deprecated and will be removed in a future release. Please use 'react-native-safe-area-context' instead. See https://github.com/th3rdwave/react-native-safe-area-context
 WARN  [expo-av]: Expo AV has been deprecated and will be removed in SDK 54. Use the `expo-audio` and `expo-video` packages to replace the required functionality.
 INFO  [push] expo-notifications unavailable; native push registration is disabled until dependencies are installed and Metro is restarted.
 INFO  [LoadTime][Route] enter {"route": "/", "startedAt": "2026-05-17T14:42:59.530Z"}
Android .\index.js ░░░░░░░░░░░░░░░░  0.0% (0/1)
Android Bundled 218ms index.js (1 module)
 INFO  [radio] react-native-track-player unavailable; radio playback is disabled until you run a native dev build.
 WARN  SafeAreaView has been deprecated and will be removed in a future release. Please use 'react-native-safe-area-context' instead. See https://github.com/th3rdwave/react-native-safe-area-context
 WARN  [expo-av]: Expo AV has been deprecated and will be removed in SDK 54. Use the `expo-audio` and `expo-video` packages to replace the required functionality.
 INFO  [push] expo-notifications unavailable; native push registration is disabled until dependencies are installed and Metro is restarted.
 INFO  [LoadTime][Route] enter {"route": "/", "startedAt": "2026-05-17T14:45:14.197Z"}
 INFO  [LoadTime][Route] leave {"durationMs": 2442, "route": "/"}
 INFO  [LoadTime][Feed] mount {"details": {"hasMore": false, "tab": "for_you", "user": "guest"}, "startedAt": "2026-05-17T14:45:18.668Z"}
 INFO  [LoadTime][Route] enter {"route": "/(tabs)/feed", "startedAt": "2026-05-17T14:45:18.691Z"}
 LOG  [notification-toast] Notification toast channel status {"activeUserId": "b68bd2ec-8173-4f46-8f3d-2e20121e48ac", "reason": "initial", "status": "SUBSCRIBED"}
 INFO  [LoadTime][Feed] query-start {"query": "forYouFeed", "status": "pending"}
 LOG  [notification-toast] Backfilled recent notifications {"count": 0, "queryFloorIso": "2026-05-17T14:40:04.113Z", "reason": "subscribed:initial"}
 INFO  [LoadTime][Edge:manage-social-feed] complete {"action": "get_feed", "cursor": undefined, "durationMs": 1175, "hasUserId": true, "keys": ["action", "cursor", "feed_type", "limit", "personalize", "userId"], "limit": 12}
 INFO  [LoadTime][Feed] primary-page-parsed {"append": false, "feedTab": "for_you", "pages": 1, "posts": 2}
 INFO  [LoadTime][Feed] snapshot-ready {"aiCards": 0, "feedTab": "for_you", "hasMore": false, "posts": 2}
 INFO  [LoadTime][Feed] load-complete {"counts": {"aiCards": 0, "followingEntities": 0, "posts": 2}, "details": {"hasMore": false, "tab": "for_you", "user": "signed-in"}, "durationMs": 3571}
 INFO  [LoadTime][Feed] first-ready {"counts": {"aiCards": 0, "followingEntities": 0, "posts": 2}, "details": {"hasMore": false, "tab": "for_you", "user": "signed-in"}, "durationMs": 3573, "renderCount": 10}
 INFO  [LoadTime][Feed] query-complete {"durationMs": 1395, "error": undefined, "query": "forYouFeed", "status": "success", "updatedAt": "2026-05-17T14:45:21.473Z"}
 INFO  [LoadTime][FeedRadio] fetch-start {"details": {"includeItems": true}}
 INFO  [LoadTime][FeedRadio] edge-complete {"details": {"featuredOnly": true, "playableStations": 1, "stations": 1}, "durationMs": 798}
 INFO  [LoadTime][FeedRadio] fetch-complete {"details": {"playableStations": 1, "stations": 1}, "durationMs": 801}
 WARN  [GROQ_ROUTER] Request failed {"apiKeySignature": "len=56 prefix=gsk_zq suffix=j7J5Bx", "apiKeySource": "process.env.EXPO_PUBLIC_GROQ_API_KEY", "message": "Invalid API Key", "modelId": "llama-3.3-70b-versatile", "modelSource": "default.llama-3.3-70b-versatile", "status": 401}
 WARN  [GROQ_ROUTER] Request exception {"apiKeySignature": "len=56 prefix=gsk_zq suffix=j7J5Bx", "apiKeySource": "process.env.EXPO_PUBLIC_GROQ_API_KEY", "message": "Invalid API Key", "modelId": "llama-3.3-70b-versatile", "modelSource": "default.llama-3.3-70b-versatile"}
 LOG  [notification-toast] Backfilled recent notifications {"count": 0, "queryFloorIso": "2026-05-17T14:45:04.742Z", "reason": "recovery-poll"}
 LOG  [notification-toast] Backfilled recent notifications {"count": 0, "queryFloorIso": "2026-05-17T14:45:10.137Z", "reason": "recovery-poll"}
 LOG  [notification-toast] Backfilled recent notifications {"count": 0, "queryFloorIso": "2026-05-17T14:45:16.167Z", "reason": "recovery-poll"}
 LOG  [notification-toast] Backfilled recent notifications {"count": 0, "queryFloorIso": "2026-05-17T14:45:22.199Z", "reason": "recovery-poll"}
 LOG  [notification-toast] Disposed notification toast channel {"activeUserId": "b68bd2ec-8173-4f46-8f3d-2e20121e48ac", "reason": "app-state:background"}
 INFO  [LoadTime][Route] leave {"durationMs": 28357, "route": "/(tabs)/feed"}
 INFO  [LoadTime][Route] enter {"route": "/edit_profile", "startedAt": "2026-05-17T14:45:47.050Z"}
 LOG  [notification-toast] Notification toast channel status {"activeUserId": "b68bd2ec-8173-4f46-8f3d-2e20121e48ac", "reason": "foreground", "status": "SUBSCRIBED"}
 LOG  [notification-toast] Backfilled recent notifications {"count": 0, "queryFloorIso": "2026-05-17T14:45:31.249Z", "reason": "recovery-poll"}
 LOG  [notification-toast] Backfilled recent notifications {"count": 0, "queryFloorIso": "2026-05-17T14:45:35.081Z", "reason": "recovery-poll"}
 LOG  [notification-toast] Backfilled recent notifications {"count": 0, "queryFloorIso": "2026-05-17T14:45:41.094Z", "reason": "recovery-poll"}
 LOG  [notification-toast] Backfilled recent notifications {"count": 0, "queryFloorIso": "2026-05-17T14:45:47.136Z", "reason": "recovery-poll"}
 LOG  [notification-toast] Backfilled recent notifications {"count": 0, "queryFloorIso": "2026-05-17T14:45:53.166Z", "reason": "recovery-poll"}
 LOG  [notification-toast] Backfilled recent notifications {"count": 0, "queryFloorIso": "2026-05-17T14:45:59.197Z", "reason": "recovery-poll"}
 LOG  [notification-toast] Backfilled recent notifications {"count": 0, "queryFloorIso": "2026-05-17T14:46:05.227Z", "reason": "recovery-poll"}
 LOG  [notification-toast] Backfilled recent notifications {"count": 0, "queryFloorIso": "2026-05-17T14:46:11.258Z", "reason": "recovery-poll"}
 LOG  [notification-toast] Backfilled recent notifications {"count": 0, "queryFloorIso": "2026-05-17T14:46:17.288Z", "reason": "recovery-poll"}
 LOG  [notification-toast] Backfilled recent notifications {"count": 0, "queryFloorIso": "2026-05-17T14:46:23.319Z", "reason": "recovery-poll"}
 LOG  [notification-toast] Backfilled recent notifications {"count": 0, "queryFloorIso": "2026-05-17T14:46:29.350Z", "reason": "recovery-poll"}
 LOG  [notification-toast] Backfilled recent notifications {"count": 0, "queryFloorIso": "2026-05-17T14:46:35.379Z", "reason": "recovery-poll"}
 LOG  [notification-toast] Backfilled recent notifications {"count": 0, "queryFloorIso": "2026-05-17T14:46:41.409Z", "reason": "recovery-poll"}
 LOG  [notification-toast] Backfilled recent notifications {"count": 0, "queryFloorIso": "2026-05-17T14:46:47.441Z", "reason": "recovery-poll"}
 LOG  [notification-toast] Backfilled recent notifications {"count": 0, "queryFloorIso": "2026-05-17T14:46:53.472Z", "reason": "recovery-poll"}
 LOG  [notification-toast] Backfilled recent notifications {"count": 0, "queryFloorIso": "2026-05-17T14:46:59.490Z", "reason": "recovery-poll"}
 LOG  [notification-toast] Backfilled recent notifications {"count": 0, "queryFloorIso": "2026-05-17T14:47:05.533Z", "reason": "recovery-poll"}
 LOG  [notification-toast] Backfilled recent notifications {"count": 0, "queryFloorIso": "2026-05-17T14:47:11.562Z", "reason": "recovery-poll"}
 LOG  [notification-toast] Backfilled recent notifications {"count": 0, "queryFloorIso": "2026-05-17T14:47:17.593Z", "reason": "recovery-poll"}
 LOG  [notification-toast] Backfilled recent notifications {"count": 0, "queryFloorIso": "2026-05-17T14:47:23.623Z", "reason": "recovery-poll"}
 LOG  [notification-toast] Backfilled recent notifications {"count": 0, "queryFloorIso": "2026-05-17T14:47:29.655Z", "reason": "recovery-poll"}
 LOG  [notification-toast] Backfilled recent notifications {"count": 0, "queryFloorIso": "2026-05-17T14:47:35.685Z", "reason": "recovery-poll"}
 LOG  [notification-toast] Backfilled recent notifications {"count": 0, "queryFloorIso": "2026-05-17T14:47:41.719Z", "reason": "recovery-poll"}
 LOG  [notification-toast] Backfilled recent notifications {"count": 0, "queryFloorIso": "2026-05-17T14:47:47.745Z", "reason": "recovery-poll"}
 LOG  [notification-toast] Backfilled recent notifications {"count": 0, "queryFloorIso": "2026-05-17T14:47:53.776Z", "reason": "recovery-poll"}
 LOG  [notification-toast] Backfilled recent notifications {"count": 0, "queryFloorIso": "2026-05-17T14:47:59.806Z", "reason": "recovery-poll"}
 LOG  [notification-toast] Backfilled recent notifications {"count": 0, "queryFloorIso": "2026-05-17T14:48:05.836Z", "reason": "recovery-poll"}
 LOG  [notification-toast] Backfilled recent notifications {"count": 0, "queryFloorIso": "2026-05-17T14:48:11.867Z", "reason": "recovery-poll"}
 LOG  [notification-toast] Backfilled recent notifications {"count": 0, "queryFloorIso": "2026-05-17T14:48:17.898Z", "reason": "recovery-poll"}
 LOG  [notification-toast] Backfilled recent notifications {"count": 0, "queryFloorIso": "2026-05-17T14:48:23.928Z", "reason": "recovery-poll"}
 LOG  [notification-toast] Backfilled recent notifications {"count": 0, "queryFloorIso": "2026-05-17T14:48:29.959Z", "reason": "recovery-poll"}
 LOG  [notification-toast] Backfilled recent notifications {"count": 0, "queryFloorIso": "2026-05-17T14:48:35.989Z", "reason": "recovery-poll"}
 LOG  [notification-toast] Backfilled recent notifications {"count": 0, "queryFloorIso": "2026-05-17T14:48:42.020Z", "reason": "recovery-poll"}
 LOG  [notification-toast] Backfilled recent notifications {"count": 0, "queryFloorIso": "2026-05-17T14:48:48.050Z", "reason": "recovery-poll"}
 LOG  [notification-toast] Backfilled recent notifications {"count": 0, "queryFloorIso": "2026-05-17T14:48:54.080Z", "reason": "recovery-poll"}
 LOG  [notification-toast] Backfilled recent notifications {"count": 0, "queryFloorIso": "2026-05-17T14:49:00.111Z", "reason": "recovery-poll"}
 LOG  [notification-toast] Backfilled recent notifications {"count": 0, "queryFloorIso": "2026-05-17T14:49:06.141Z", "reason": "recovery-poll"}
Android .\index.js ░░░░░░░░░░░░░░░░  0.0% (0/1)
Android Bundled 243ms index.js (1 module)
 INFO  [radio] react-native-track-player unavailable; radio playback is disabled until you run a native dev build.
 WARN  SafeAreaView has been deprecated and will be removed in a future release. Please use 'react-native-safe-area-context' instead. See https://github.com/th3rdwave/react-native-safe-area-context
 WARN  [expo-av]: Expo AV has been deprecated and will be removed in SDK 54. Use the `expo-audio` and `expo-video` packages to replace the required functionality.
 INFO  [push] expo-notifications unavailable; native push registration is disabled until dependencies are installed and Metro is restarted.
 INFO  [LoadTime][Route] enter {"route": "/", "startedAt": "2026-05-17T14:49:38.979Z"}
Android .\index.js ░░░░░░░░░░░░░░░░  0.0% (0/1)
Android Bundled 129ms index.js (1 module)
 INFO  [radio] react-native-track-player unavailable; radio playback is disabled until you run a native dev build.
 WARN  SafeAreaView has been deprecated and will be removed in a future release. Please use 'react-native-safe-area-context' instead. See https://github.com/th3rdwave/react-native-safe-area-context
 WARN  [expo-av]: Expo AV has been deprecated and will be removed in SDK 54. Use the `expo-audio` and `expo-video` packages to replace the required functionality.
 INFO  [push] expo-notifications unavailable; native push registration is disabled until dependencies are installed and Metro is restarted.
 INFO  [LoadTime][Route] enter {"route": "/", "startedAt": "2026-05-17T14:51:52.834Z"}
 INFO  [LoadTime][Route] leave {"durationMs": 2654, "route": "/"}
 INFO  [LoadTime][Feed] mount {"details": {"hasMore": false, "tab": "for_you", "user": "guest"}, "startedAt": "2026-05-17T14:51:57.006Z"}
 INFO  [LoadTime][Route] enter {"route": "/(tabs)/feed", "startedAt": "2026-05-17T14:51:57.029Z"}
 LOG  [notification-toast] Notification toast channel status {"activeUserId": "d3456e96-87a4-4e70-999d-68fbe0c5f715", "reason": "initial", "status": "SUBSCRIBED"}
 INFO  [LoadTime][Feed] query-start {"query": "forYouFeed", "status": "pending"}
 LOG  [notification-toast] Backfilled recent notifications {"count": 0, "queryFloorIso": "2026-05-17T14:46:42.442Z", "reason": "subscribed:initial"}
 INFO  [LoadTime][Edge:manage-social-feed] complete {"action": "get_feed", "cursor": undefined, "durationMs": 1132, "hasUserId": true, "keys": ["action", "cursor", "feed_type", "limit", "personalize", "userId"], "limit": 12}
 INFO  [LoadTime][Feed] primary-page-parsed {"append": false, "feedTab": "for_you", "pages": 1, "posts": 2}
 INFO  [LoadTime][Feed] snapshot-ready {"aiCards": 0, "feedTab": "for_you", "hasMore": false, "posts": 2}
 INFO  [LoadTime][Feed] load-complete {"counts": {"aiCards": 0, "followingEntities": 0, "posts": 2}, "details": {"hasMore": false, "tab": "for_you", "user": "signed-in"}, "durationMs": 3186}
 INFO  [LoadTime][Feed] first-ready {"counts": {"aiCards": 0, "followingEntities": 0, "posts": 2}, "details": {"hasMore": false, "tab": "for_you", "user": "signed-in"}, "durationMs": 3189, "renderCount": 10}
 INFO  [LoadTime][Feed] query-complete {"durationMs": 1644, "error": undefined, "query": "forYouFeed", "status": "success", "updatedAt": "2026-05-17T14:51:59.140Z"}
 INFO  [LoadTime][FeedRadio] fetch-start {"details": {"includeItems": true}}
 INFO  [LoadTime][FeedRadio] edge-complete {"details": {"featuredOnly": true, "playableStations": 1, "stations": 1}, "durationMs": 799}
 INFO  [LoadTime][FeedRadio] fetch-complete {"details": {"playableStations": 1, "stations": 1}, "durationMs": 802}
 WARN  [GROQ_ROUTER] Request failed {"apiKeySignature": "len=56 prefix=gsk_zq suffix=j7J5Bx", "apiKeySource": "process.env.EXPO_PUBLIC_GROQ_API_KEY", "message": "Invalid API Key", "modelId": "llama-3.3-70b-versatile", "modelSource": "default.llama-3.3-70b-versatile", "status": 401}
 WARN  [GROQ_ROUTER] Request exception {"apiKeySignature": "len=56 prefix=gsk_zq suffix=j7J5Bx", "apiKeySource": "process.env.EXPO_PUBLIC_GROQ_API_KEY", "message": "Invalid API Key", "modelId": "llama-3.3-70b-versatile", "modelSource": "default.llama-3.3-70b-versatile"}
 LOG  [notification-toast] Backfilled recent notifications {"count": 0, "queryFloorIso": "2026-05-17T14:51:42.893Z", "reason": "recovery-poll"}
 LOG  [notification-toast] Backfilled recent notifications {"count": 0, "queryFloorIso": "2026-05-17T14:51:48.465Z", "reason": "recovery-poll"}
 LOG  [notification-toast] Backfilled recent notifications {"count": 0, "queryFloorIso": "2026-05-17T14:51:54.495Z", "reason": "recovery-poll"}
 LOG  [notification-toast] Backfilled recent notifications {"count": 0, "queryFloorIso": "2026-05-17T14:52:00.526Z", "reason": "recovery-poll"}
 LOG  [notification-toast] Disposed notification toast channel {"activeUserId": "d3456e96-87a4-4e70-999d-68fbe0c5f715", "reason": "app-state:background"}
 INFO  [LoadTime][Route] leave {"durationMs": 28757, "route": "/(tabs)/feed"}
 INFO  [LoadTime][Route] enter {"route": "/edit_profile", "startedAt": "2026-05-17T14:52:25.787Z"}
 LOG  [notification-toast] Notification toast channel status {"activeUserId": "d3456e96-87a4-4e70-999d-68fbe0c5f715", "reason": "foreground", "status": "SUBSCRIBED"}
 LOG  [notification-toast] Backfilled recent notifications {"count": 0, "queryFloorIso": "2026-05-17T14:52:09.992Z", "reason": "foreground"}
 LOG  [notification-toast] Backfilled recent notifications {"count": 0, "queryFloorIso": "2026-05-17T14:52:10.796Z", "reason": "recovery-poll"}
 LOG  [notification-toast] Backfilled recent notifications {"count": 0, "queryFloorIso": "2026-05-17T14:52:16.817Z", "reason": "recovery-poll"}
 LOG  [notification-toast] Backfilled recent notifications {"count": 0, "queryFloorIso": "2026-05-17T14:52:22.848Z", "reason": "recovery-poll"}
 LOG  [notification-toast] Backfilled recent notifications {"count": 0, "queryFloorIso": "2026-05-17T14:52:28.878Z", "reason": "recovery-poll"}
 LOG  [notification-toast] Backfilled recent notifications {"count": 0, "queryFloorIso": "2026-05-17T14:52:34.909Z", "reason": "recovery-poll"}
 LOG  [notification-toast] Backfilled recent notifications {"count": 0, "queryFloorIso": "2026-05-17T14:52:40.940Z", "reason": "recovery-poll"}
 LOG  [notification-toast] Backfilled recent notifications {"count": 0, "queryFloorIso": "2026-05-17T14:52:46.970Z", "reason": "recovery-poll"}
 LOG  [notification-toast] Backfilled recent notifications {"count": 0, "queryFloorIso": "2026-05-17T14:52:53.015Z", "reason": "recovery-poll"}
 LOG  [notification-toast] Backfilled recent notifications {"count": 0, "queryFloorIso": "2026-05-17T14:52:59.031Z", "reason": "recovery-poll"}
 LOG  [notification-toast] Backfilled recent notifications {"count": 0, "queryFloorIso": "2026-05-17T14:53:05.061Z", "reason": "recovery-poll"}
 LOG  [notification-toast] Backfilled recent notifications {"count": 0, "queryFloorIso": "2026-05-17T14:53:11.093Z", "reason": "recovery-poll"}
 LOG  [notification-toast] Backfilled recent notifications {"count": 0, "queryFloorIso": "2026-05-17T14:53:17.122Z", "reason": "recovery-poll"}
 LOG  [notification-toast] Backfilled recent notifications {"count": 0, "queryFloorIso": "2026-05-17T14:53:23.152Z", "reason": "recovery-poll"}
 LOG  [notification-toast] Backfilled recent notifications {"count": 0, "queryFloorIso": "2026-05-17T14:53:29.184Z", "reason": "recovery-poll"}
 LOG  [notification-toast] Backfilled recent notifications {"count": 0, "queryFloorIso": "2026-05-17T14:53:35.213Z", "reason": "recovery-poll"}
 LOG  [notification-toast] Backfilled recent notifications {"count": 0, "queryFloorIso": "2026-05-17T14:53:41.244Z", "reason": "recovery-poll"}
 LOG  [notification-toast] Backfilled recent notifications {"count": 0, "queryFloorIso": "2026-05-17T14:53:47.274Z", "reason": "recovery-poll"}
 LOG  [notification-toast] Backfilled recent notifications {"count": 0, "queryFloorIso": "2026-05-17T14:53:53.305Z", "reason": "recovery-poll"}
 INFO  [LoadTime][Route] leave {"durationMs": 113747, "route": "/edit_profile"}
 INFO  [LoadTime][Route] enter {"route": "/(tabs)/profile", "startedAt": "2026-05-17T14:54:19.546Z"}
 LOG  [notification-toast] Backfilled recent notifications {"count": 0, "queryFloorIso": "2026-05-17T14:53:59.336Z", "reason": "recovery-poll"}
 LOG  [notification-toast] Backfilled recent notifications {"count": 0, "queryFloorIso": "2026-05-17T14:54:05.362Z", "reason": "recovery-poll"}
 LOG  [notification-toast] Backfilled recent notifications {"count": 0, "queryFloorIso": "2026-05-17T14:54:11.396Z", "reason": "recovery-poll"}
 LOG  [notification-toast] Backfilled recent notifications {"count": 0, "queryFloorIso": "2026-05-17T14:54:17.427Z", "reason": "recovery-poll"}
 LOG  [notification-toast] Backfilled recent notifications {"count": 0, "queryFloorIso": "2026-05-17T14:54:23.457Z", "reason": "recovery-poll"}
 LOG  [notification-toast] Backfilled recent notifications {"count": 0, "queryFloorIso": "2026-05-17T14:54:29.488Z", "reason": "recovery-poll"}
 LOG  [notification-toast] Backfilled recent notifications {"count": 0, "queryFloorIso": "2026-05-17T14:54:35.518Z", "reason": "recovery-poll"}
 LOG  [notification-toast] Backfilled recent notifications {"count": 0, "queryFloorIso": "2026-05-17T14:54:41.549Z", "reason": "recovery-poll"}
 LOG  [notification-toast] Backfilled recent notifications {"count": 0, "queryFloorIso": "2026-05-17T14:54:47.580Z", "reason": "recovery-poll"}
 LOG  [notification-toast] Backfilled recent notifications {"count": 0, "queryFloorIso": "2026-05-17T14:54:53.609Z", "reason": "recovery-poll"}
 LOG  [notification-toast] Backfilled recent notifications {"count": 0, "queryFloorIso": "2026-05-17T14:54:59.640Z", "reason": "recovery-poll"}
 LOG  [notification-toast] Backfilled recent notifications {"count": 0, "queryFloorIso": "2026-05-17T14:55:05.671Z", "reason": "recovery-poll"}
 LOG  [notification-toast] Backfilled recent notifications {"count": 0, "queryFloorIso": "2026-05-17T14:55:11.701Z", "reason": "recovery-poll"}
 LOG  [notification-toast] Backfilled recent notifications {"count": 0, "queryFloorIso": "2026-05-17T14:55:17.731Z", "reason": "recovery-poll"}
Android Bundled 164ms index.js (1 module)
 INFO  [radio] react-native-track-player unavailable; radio playback is disabled until you run a native dev build.
 WARN  SafeAreaView has been deprecated and will be removed in a future release. Please use 'react-native-safe-area-context' instead. See https://github.com/th3rdwave/react-native-safe-area-context
 WARN  [expo-av]: Expo AV has been deprecated and will be removed in SDK 54. Use the `expo-audio` and `expo-video` packages to replace the required functionality.
 INFO  [push] expo-notifications unavailable; native push registration is disabled until dependencies are installed and Metro is restarted.
 INFO  [LoadTime][Route] enter {"route": "/", "startedAt": "2026-05-17T14:55:46.244Z"}
Android .\index.js ░░░░░░░░░░░░░░░░  0.0% (0/1)
Android Bundled 145ms index.js (1 module)
 INFO  [radio] react-native-track-player unavailable; radio playback is disabled until you run a native dev build.
 WARN  SafeAreaView has been deprecated and will be removed in a future release. Please use 'react-native-safe-area-context' instead. See https://github.com/th3rdwave/react-native-safe-area-context
 WARN  [expo-av]: Expo AV has been deprecated and will be removed in SDK 54. Use the `expo-audio` and `expo-video` packages to replace the required functionality.
 INFO  [push] expo-notifications unavailable; native push registration is disabled until dependencies are installed and Metro is restarted.
 INFO  [LoadTime][Route] enter {"route": "/", "startedAt": "2026-05-17T14:58:00.788Z"}
 INFO  [LoadTime][Route] leave {"durationMs": 2611, "route": "/"}
 INFO  [LoadTime][Feed] mount {"details": {"hasMore": false, "tab": "for_you", "user": "guest"}, "startedAt": "2026-05-17T14:58:04.936Z"}
 INFO  [LoadTime][Route] enter {"route": "/(tabs)/feed", "startedAt": "2026-05-17T14:58:04.959Z"}
 LOG  [notification-toast] Notification toast channel status {"activeUserId": "616c9958-e689-43b2-b7e5-1b6551a77b8e", "reason": "initial", "status": "SUBSCRIBED"}
 INFO  [LoadTime][Feed] query-start {"query": "forYouFeed", "status": "pending"}
 LOG  [notification-toast] Backfilled recent notifications {"count": 0, "queryFloorIso": "2026-05-17T14:52:50.391Z", "reason": "subscribed:initial"}
 INFO  [LoadTime][Edge:manage-social-feed] complete {"action": "get_feed", "cursor": undefined, "durationMs": 1060, "hasUserId": true, "keys": ["action", "cursor", "feed_type", "limit", "personalize", "userId"], "limit": 12}
 INFO  [LoadTime][Feed] primary-page-parsed {"append": false, "feedTab": "for_you", "pages": 1, "posts": 2}
 INFO  [LoadTime][Feed] snapshot-ready {"aiCards": 0, "feedTab": "for_you", "hasMore": false, "posts": 2}
 INFO  [LoadTime][Feed] load-complete {"counts": {"aiCards": 0, "followingEntities": 0, "posts": 2}, "details": {"hasMore": false, "tab": "for_you", "user": "signed-in"}, "durationMs": 3308}
 INFO  [LoadTime][Feed] first-ready {"counts": {"aiCards": 0, "followingEntities": 0, "posts": 2}, "details": {"hasMore": false, "tab": "for_you", "user": "signed-in"}, "durationMs": 3310, "renderCount": 10}
 INFO  [LoadTime][Feed] query-complete {"durationMs": 1317, "error": undefined, "query": "forYouFeed", "status": "success", "updatedAt": "2026-05-17T14:58:07.441Z"}
 INFO  [LoadTime][FeedRadio] fetch-start {"details": {"includeItems": true}}
 INFO  [LoadTime][FeedRadio] edge-complete {"details": {"featuredOnly": true, "playableStations": 1, "stations": 1}, "durationMs": 881}
 INFO  [LoadTime][FeedRadio] fetch-complete {"details": {"playableStations": 1, "stations": 1}, "durationMs": 883}
 WARN  [GROQ_ROUTER] Request failed {"apiKeySignature": "len=56 prefix=gsk_zq suffix=j7J5Bx", "apiKeySource": "process.env.EXPO_PUBLIC_GROQ_API_KEY", "message": "Invalid API Key", "modelId": "llama-3.3-70b-versatile", "modelSource": "default.llama-3.3-70b-versatile", "status": 401}
 WARN  [GROQ_ROUTER] Request exception {"apiKeySignature": "len=56 prefix=gsk_zq suffix=j7J5Bx", "apiKeySource": "process.env.EXPO_PUBLIC_GROQ_API_KEY", "message": "Invalid API Key", "modelId": "llama-3.3-70b-versatile", "modelSource": "default.llama-3.3-70b-versatile"}
 LOG  [notification-toast] Backfilled recent notifications {"count": 0, "queryFloorIso": "2026-05-17T14:57:50.839Z", "reason": "recovery-poll"}
 LOG  [notification-toast] Backfilled recent notifications {"count": 0, "queryFloorIso": "2026-05-17T14:57:56.423Z", "reason": "recovery-poll"}
 LOG  [notification-toast] Backfilled recent notifications {"count": 0, "queryFloorIso": "2026-05-17T14:58:02.453Z", "reason": "recovery-poll"}
 LOG  [notification-toast] Backfilled recent notifications {"count": 0, "queryFloorIso": "2026-05-17T14:58:08.484Z", "reason": "recovery-poll"}
 LOG  [notification-toast] Disposed notification toast channel {"activeUserId": "616c9958-e689-43b2-b7e5-1b6551a77b8e", "reason": "app-state:background"}
 INFO  [LoadTime][Route] leave {"durationMs": 28553, "route": "/(tabs)/feed"}
 INFO  [LoadTime][Route] enter {"route": "/edit_profile", "startedAt": "2026-05-17T14:58:33.513Z"}
 LOG  [notification-toast] Notification toast channel status {"activeUserId": "616c9958-e689-43b2-b7e5-1b6551a77b8e", "reason": "foreground", "status": "SUBSCRIBED"}
 LOG  [notification-toast] Backfilled recent notifications {"count": 0, "queryFloorIso": "2026-05-17T14:58:17.691Z", "reason": "foreground"}
 LOG  [notification-toast] Backfilled recent notifications {"count": 0, "queryFloorIso": "2026-05-17T14:58:18.526Z", "reason": "recovery-poll"}
 LOG  [notification-toast] Backfilled recent notifications {"count": 0, "queryFloorIso": "2026-05-17T14:58:24.560Z", "reason": "recovery-poll"}
 LOG  [notification-toast] Backfilled recent notifications {"count": 0, "queryFloorIso": "2026-05-17T14:58:30.590Z", "reason": "recovery-poll"}
 LOG  [notification-toast] Backfilled recent notifications {"count": 0, "queryFloorIso": "2026-05-17T14:58:36.620Z", "reason": "recovery-poll"}
 LOG  [notification-toast] Backfilled recent notifications {"count": 0, "queryFloorIso": "2026-05-17T14:58:42.651Z", "reason": "recovery-poll"}
 LOG  [notification-toast] Backfilled recent notifications {"count": 0, "queryFloorIso": "2026-05-17T14:58:48.681Z", "reason": "recovery-poll"}
 LOG  [notification-toast] Backfilled recent notifications {"count": 0, "queryFloorIso": "2026-05-17T14:58:54.712Z", "reason": "recovery-poll"}
 LOG  [notification-toast] Backfilled recent notifications {"count": 0, "queryFloorIso": "2026-05-17T14:59:00.756Z", "reason": "recovery-poll"}
 LOG  [notification-toast] Backfilled recent notifications {"count": 0, "queryFloorIso": "2026-05-17T14:59:06.771Z", "reason": "recovery-poll"}
 LOG  [notification-toast] Backfilled recent notifications {"count": 0, "queryFloorIso": "2026-05-17T14:59:12.804Z", "reason": "recovery-poll"}
 LOG  [notification-toast] Backfilled recent notifications {"count": 0, "queryFloorIso": "2026-05-17T14:59:18.833Z", "reason": "recovery-poll"}
 LOG  [notification-toast] Backfilled recent notifications {"count": 0, "queryFloorIso": "2026-05-17T14:59:24.864Z", "reason": "recovery-poll"}
 LOG  [notification-toast] Backfilled recent notifications {"count": 0, "queryFloorIso": "2026-05-17T14:59:30.895Z", "reason": "recovery-poll"}
 LOG  [notification-toast] Backfilled recent notifications {"count": 0, "queryFloorIso": "2026-05-17T14:59:36.925Z", "reason": "recovery-poll"}
 LOG  [notification-toast] Backfilled recent notifications {"count": 0, "queryFloorIso": "2026-05-17T14:59:42.956Z", "reason": "recovery-poll"}
 LOG  [notification-toast] Backfilled recent notifications {"count": 0, "queryFloorIso": "2026-05-17T14:59:48.987Z", "reason": "recovery-poll"}
 LOG  [notification-toast] Backfilled recent notifications {"count": 0, "queryFloorIso": "2026-05-17T14:59:55.016Z", "reason": "recovery-poll"}
 LOG  [notification-toast] Backfilled recent notifications {"count": 0, "queryFloorIso": "2026-05-17T15:00:01.056Z", "reason": "recovery-poll"}
 INFO  [LoadTime][Route] leave {"durationMs": 114034, "route": "/edit_profile"}
 INFO  [LoadTime][Route] enter {"route": "/(tabs)/profile", "startedAt": "2026-05-17T15:00:27.559Z"}
 LOG  [notification-toast] Backfilled recent notifications {"count": 0, "queryFloorIso": "2026-05-17T15:00:07.077Z", "reason": "recovery-poll"}
 LOG  [notification-toast] Backfilled recent notifications {"count": 0, "queryFloorIso": "2026-05-17T15:00:13.104Z", "reason": "recovery-poll"}
 LOG  [notification-toast] Backfilled recent notifications {"count": 0, "queryFloorIso": "2026-05-17T15:00:19.138Z", "reason": "recovery-poll"}
 LOG  [notification-toast] Backfilled recent notifications {"count": 0, "queryFloorIso": "2026-05-17T15:00:25.169Z", "reason": "recovery-poll"}
 LOG  [notification-toast] Backfilled recent notifications {"count": 0, "queryFloorIso": "2026-05-17T15:00:31.200Z", "reason": "recovery-poll"}
 LOG  [notification-toast] Backfilled recent notifications {"count": 0, "queryFloorIso": "2026-05-17T15:00:37.230Z", "reason": "recovery-poll"}
 LOG  [notification-toast] Backfilled recent notifications {"count": 0, "queryFloorIso": "2026-05-17T15:00:43.260Z", "reason": "recovery-poll"}
 LOG  [notification-toast] Backfilled recent notifications {"count": 0, "queryFloorIso": "2026-05-17T15:00:49.291Z", "reason": "recovery-poll"}
 LOG  [notification-toast] Backfilled recent notifications {"count": 0, "queryFloorIso": "2026-05-17T15:00:55.321Z", "reason": "recovery-poll"}
 LOG  [notification-toast] Backfilled recent notifications {"count": 0, "queryFloorIso": "2026-05-17T15:01:01.352Z", "reason": "recovery-poll"}
 LOG  [notification-toast] Backfilled recent notifications {"count": 0, "queryFloorIso": "2026-05-17T15:01:07.382Z", "reason": "recovery-poll"}
Android .\index.js ░░░░░░░░░░░░░░░░  0.0% (0/1)
Android Bundled 263ms index.js (1 module)
 INFO  [radio] react-native-track-player unavailable; radio playback is disabled until you run a native dev build.
 WARN  SafeAreaView has been deprecated and will be removed in a future release. Please use 'react-native-safe-area-context' instead. See https://github.com/th3rdwave/react-native-safe-area-context
 WARN  [expo-av]: Expo AV has been deprecated and will be removed in SDK 54. Use the `expo-audio` and `expo-video` packages to replace the required functionality.
 INFO  [push] expo-notifications unavailable; native push registration is disabled until dependencies are installed and Metro is restarted.
 INFO  [LoadTime][Route] enter {"route": "/", "startedAt": "2026-05-17T15:01:37.748Z"}
Android .\index.js ░░░░░░░░░░░░░░░░  0.0% (0/1)
Android Bundled 138ms index.js (1 module)
 INFO  [radio] react-native-track-player unavailable; radio playback is disabled until you run a native dev build.
 WARN  SafeAreaView has been deprecated and will be removed in a future release. Please use 'react-native-safe-area-context' instead. See https://github.com/th3rdwave/react-native-safe-area-context
 WARN  [expo-av]: Expo AV has been deprecated and will be removed in SDK 54. Use the `expo-audio` and `expo-video` packages to replace the required functionality.
 INFO  [push] expo-notifications unavailable; native push registration is disabled until dependencies are installed and Metro is restarted.
 INFO  [LoadTime][Route] enter {"route": "/", "startedAt": "2026-05-17T15:03:51.530Z"}
 INFO  [LoadTime][Route] leave {"durationMs": 2620, "route": "/"}
 INFO  [LoadTime][Feed] mount {"details": {"hasMore": false, "tab": "for_you", "user": "guest"}, "startedAt": "2026-05-17T15:03:55.780Z"}
 INFO  [LoadTime][Route] enter {"route": "/(tabs)/feed", "startedAt": "2026-05-17T15:03:55.802Z"}
 LOG  [notification-toast] Notification toast channel status {"activeUserId": "b1ecba93-393b-4e7c-a3b9-6973de03c025", "reason": "initial", "status": "SUBSCRIBED"}
 INFO  [LoadTime][Feed] query-start {"query": "forYouFeed", "status": "pending"}
 LOG  [notification-toast] Backfilled recent notifications {"count": 0, "queryFloorIso": "2026-05-17T14:58:41.202Z", "reason": "subscribed:initial"}
 INFO  [LoadTime][Edge:manage-social-feed] complete {"action": "get_feed", "cursor": undefined, "durationMs": 1103, "hasUserId": true, "keys": ["action", "cursor", "feed_type", "limit", "personalize", "userId"], "limit": 12}
 INFO  [LoadTime][Feed] primary-page-parsed {"append": false, "feedTab": "for_you", "pages": 1, "posts": 2}
 INFO  [LoadTime][Feed] snapshot-ready {"aiCards": 0, "feedTab": "for_you", "hasMore": false, "posts": 2}
 INFO  [LoadTime][Feed] load-complete {"counts": {"aiCards": 0, "followingEntities": 0, "posts": 2}, "details": {"hasMore": false, "tab": "for_you", "user": "signed-in"}, "durationMs": 3422}
 INFO  [LoadTime][Feed] first-ready {"counts": {"aiCards": 0, "followingEntities": 0, "posts": 2}, "details": {"hasMore": false, "tab": "for_you", "user": "signed-in"}, "durationMs": 3424, "renderCount": 10}
 INFO  [LoadTime][Feed] query-complete {"durationMs": 1361, "error": undefined, "query": "forYouFeed", "status": "success", "updatedAt": "2026-05-17T15:03:58.400Z"}
 INFO  [LoadTime][FeedRadio] fetch-start {"details": {"includeItems": true}}
 INFO  [LoadTime][FeedRadio] edge-complete {"details": {"featuredOnly": true, "playableStations": 1, "stations": 1}, "durationMs": 824}
 INFO  [LoadTime][FeedRadio] fetch-complete {"details": {"playableStations": 1, "stations": 1}, "durationMs": 826}
 WARN  [GROQ_ROUTER] Request failed {"apiKeySignature": "len=56 prefix=gsk_zq suffix=j7J5Bx", "apiKeySource": "process.env.EXPO_PUBLIC_GROQ_API_KEY", "message": "Invalid API Key", "modelId": "llama-3.3-70b-versatile", "modelSource": "default.llama-3.3-70b-versatile", "status": 401}
 WARN  [GROQ_ROUTER] Request exception {"apiKeySignature": "len=56 prefix=gsk_zq suffix=j7J5Bx", "apiKeySource": "process.env.EXPO_PUBLIC_GROQ_API_KEY", "message": "Invalid API Key", "modelId": "llama-3.3-70b-versatile", "modelSource": "default.llama-3.3-70b-versatile"}
 LOG  [notification-toast] Backfilled recent notifications {"count": 0, "queryFloorIso": "2026-05-17T15:03:41.876Z", "reason": "recovery-poll"}
 LOG  [notification-toast] Backfilled recent notifications {"count": 0, "queryFloorIso": "2026-05-17T15:03:47.223Z", "reason": "recovery-poll"}
 LOG  [notification-toast] Backfilled recent notifications {"count": 0, "queryFloorIso": "2026-05-17T15:03:53.253Z", "reason": "recovery-poll"}
 LOG  [notification-toast] Backfilled recent notifications {"count": 0, "queryFloorIso": "2026-05-17T15:03:59.284Z", "reason": "recovery-poll"}
 LOG  [notification-toast] Disposed notification toast channel {"activeUserId": "b1ecba93-393b-4e7c-a3b9-6973de03c025", "reason": "app-state:background"}
 INFO  [LoadTime][Route] leave {"durationMs": 29568, "route": "/(tabs)/feed"}
 INFO  [LoadTime][Route] enter {"route": "/edit_profile", "startedAt": "2026-05-17T15:04:25.371Z"}
 LOG  [notification-toast] Notification toast channel status {"activeUserId": "b1ecba93-393b-4e7c-a3b9-6973de03c025", "reason": "foreground", "status": "SUBSCRIBED"}
 LOG  [notification-toast] Backfilled recent notifications {"count": 0, "queryFloorIso": "2026-05-17T15:04:09.575Z", "reason": "foreground"}
 LOG  [notification-toast] Backfilled recent notifications {"count": 0, "queryFloorIso": "2026-05-17T15:04:10.383Z", "reason": "recovery-poll"}
 LOG  [notification-toast] Backfilled recent notifications {"count": 0, "queryFloorIso": "2026-05-17T15:04:16.409Z", "reason": "recovery-poll"}
 LOG  [notification-toast] Backfilled recent notifications {"count": 0, "queryFloorIso": "2026-05-17T15:04:22.517Z", "reason": "recovery-poll"}
 LOG  [notification-toast] Backfilled recent notifications {"count": 0, "queryFloorIso": "2026-05-17T15:04:28.470Z", "reason": "recovery-poll"}
 LOG  [notification-toast] Backfilled recent notifications {"count": 0, "queryFloorIso": "2026-05-17T15:04:34.500Z", "reason": "recovery-poll"}
 LOG  [notification-toast] Backfilled recent notifications {"count": 0, "queryFloorIso": "2026-05-17T15:04:40.531Z", "reason": "recovery-poll"}
 LOG  [notification-toast] Backfilled recent notifications {"count": 0, "queryFloorIso": "2026-05-17T15:04:46.561Z", "reason": "recovery-poll"}
 LOG  [notification-toast] Backfilled recent notifications {"count": 0, "queryFloorIso": "2026-05-17T15:04:52.592Z", "reason": "recovery-poll"}
 LOG  [notification-toast] Backfilled recent notifications {"count": 0, "queryFloorIso": "2026-05-17T15:04:58.623Z", "reason": "recovery-poll"}
 LOG  [notification-toast] Backfilled recent notifications {"count": 0, "queryFloorIso": "2026-05-17T15:05:04.653Z", "reason": "recovery-poll"}
 LOG  [notification-toast] Backfilled recent notifications {"count": 0, "queryFloorIso": "2026-05-17T15:05:10.685Z", "reason": "recovery-poll"}
 LOG  [notification-toast] Backfilled recent notifications {"count": 0, "queryFloorIso": "2026-05-17T15:05:16.713Z", "reason": "recovery-poll"}
 LOG  [notification-toast] Backfilled recent notifications {"count": 0, "queryFloorIso": "2026-05-17T15:05:22.744Z", "reason": "recovery-poll"}
 LOG  [notification-toast] Backfilled recent notifications {"count": 0, "queryFloorIso": "2026-05-17T15:05:28.775Z", "reason": "recovery-poll"}
 LOG  [notification-toast] Backfilled recent notifications {"count": 0, "queryFloorIso": "2026-05-17T15:05:34.793Z", "reason": "recovery-poll"}
 LOG  [notification-toast] Backfilled recent notifications {"count": 0, "queryFloorIso": "2026-05-17T15:05:40.836Z", "reason": "recovery-poll"}
 LOG  [notification-toast] Backfilled recent notifications {"count": 0, "queryFloorIso": "2026-05-17T15:05:46.866Z", "reason": "recovery-poll"}
 LOG  [notification-toast] Backfilled recent notifications {"count": 0, "queryFloorIso": "2026-05-17T15:05:52.896Z", "reason": "recovery-poll"}
 LOG  [notification-toast] Backfilled recent notifications {"count": 0, "queryFloorIso": "2026-05-17T15:05:58.927Z", "reason": "recovery-poll"}
 INFO  [LoadTime][Route] leave {"durationMs": 115685, "route": "/edit_profile"}
 INFO  [LoadTime][Route] enter {"route": "/(tabs)/profile", "startedAt": "2026-05-17T15:06:21.068Z"}
 LOG  [notification-toast] Backfilled recent notifications {"count": 0, "queryFloorIso": "2026-05-17T15:06:04.958Z", "reason": "recovery-poll"}
 LOG  [notification-toast] Backfilled recent notifications {"count": 0, "queryFloorIso": "2026-05-17T15:06:10.988Z", "reason": "recovery-poll"}
 LOG  [notification-toast] Backfilled recent notifications {"count": 0, "queryFloorIso": "2026-05-17T15:06:17.018Z", "reason": "recovery-poll"}
 LOG  [notification-toast] Backfilled recent notifications {"count": 0, "queryFloorIso": "2026-05-17T15:06:23.048Z", "reason": "recovery-poll"}
 LOG  [notification-toast] Backfilled recent notifications {"count": 0, "queryFloorIso": "2026-05-17T15:06:29.079Z", "reason": "recovery-poll"}
Android .\index.js ░░░░░░░░░░░░░░░░  0.0% (0/1)
Android Bundled 174ms index.js (1 module)
 INFO  [radio] react-native-track-player unavailable; radio playback is disabled until you run a native dev build.
 WARN  SafeAreaView has been deprecated and will be removed in a future release. Please use 'react-native-safe-area-context' instead. See https://github.com/th3rdwave/react-native-safe-area-context
 WARN  [expo-av]: Expo AV has been deprecated and will be removed in SDK 54. Use the `expo-audio` and `expo-video` packages to replace the required functionality.
 INFO  [push] expo-notifications unavailable; native push registration is disabled until dependencies are installed and Metro is restarted.
 INFO  [LoadTime][Route] enter {"route": "/", "startedAt": "2026-05-17T15:06:58.595Z"}
Android .\index.js ░░░░░░░░░░░░░░░░  0.0% (0/1)
Android Bundled 177ms index.js (1 module)
 INFO  [radio] react-native-track-player unavailable; radio playback is disabled until you run a native dev build.
 WARN  SafeAreaView has been deprecated and will be removed in a future release. Please use 'react-native-safe-area-context' instead. See https://github.com/th3rdwave/react-native-safe-area-context
 WARN  [expo-av]: Expo AV has been deprecated and will be removed in SDK 54. Use the `expo-audio` and `expo-video` packages to replace the required functionality.
 INFO  [push] expo-notifications unavailable; native push registration is disabled until dependencies are installed and Metro is restarted.
 INFO  [LoadTime][Route] enter {"route": "/", "startedAt": "2026-05-17T15:09:12.755Z"}
 INFO  [LoadTime][Route] leave {"durationMs": 2408, "route": "/"}
 INFO  [LoadTime][Feed] mount {"details": {"hasMore": false, "tab": "for_you", "user": "guest"}, "startedAt": "2026-05-17T15:09:16.704Z"}
 INFO  [LoadTime][Route] enter {"route": "/(tabs)/feed", "startedAt": "2026-05-17T15:09:16.727Z"}
 LOG  [notification-toast] Notification toast channel status {"activeUserId": "09fab0c9-c2ab-4ec4-a330-6be00a6dea29", "reason": "initial", "status": "SUBSCRIBED"}
 INFO  [LoadTime][Feed] query-start {"query": "forYouFeed", "status": "pending"}
 LOG  [notification-toast] Backfilled recent notifications {"count": 0, "queryFloorIso": "2026-05-17T15:04:02.154Z", "reason": "subscribed:initial"}
 INFO  [LoadTime][Edge:manage-social-feed] complete {"action": "get_feed", "cursor": undefined, "durationMs": 991, "hasUserId": true, "keys": ["action", "cursor", "feed_type", "limit", "personalize", "userId"], "limit": 12}
 INFO  [LoadTime][Feed] primary-page-parsed {"append": false, "feedTab": "for_you", "pages": 1, "posts": 2}
 INFO  [LoadTime][Feed] snapshot-ready {"aiCards": 0, "feedTab": "for_you", "hasMore": false, "posts": 2}
 INFO  [LoadTime][Feed] load-complete {"counts": {"aiCards": 0, "followingEntities": 0, "posts": 2}, "details": {"hasMore": false, "tab": "for_you", "user": "signed-in"}, "durationMs": 3164}
 INFO  [LoadTime][Feed] first-ready {"counts": {"aiCards": 0, "followingEntities": 0, "posts": 2}, "details": {"hasMore": false, "tab": "for_you", "user": "signed-in"}, "durationMs": 3167, "renderCount": 10}
 INFO  [LoadTime][Feed] query-complete {"durationMs": 1421, "error": undefined, "query": "forYouFeed", "status": "success", "updatedAt": "2026-05-17T15:09:18.895Z"}
 INFO  [LoadTime][FeedRadio] fetch-start {"details": {"includeItems": true}}
 INFO  [LoadTime][FeedRadio] edge-complete {"details": {"featuredOnly": true, "playableStations": 1, "stations": 1}, "durationMs": 716}
 INFO  [LoadTime][FeedRadio] fetch-complete {"details": {"playableStations": 1, "stations": 1}, "durationMs": 719}
 WARN  [GROQ_ROUTER] Request failed {"apiKeySignature": "len=56 prefix=gsk_zq suffix=j7J5Bx", "apiKeySource": "process.env.EXPO_PUBLIC_GROQ_API_KEY", "message": "Invalid API Key", "modelId": "llama-3.3-70b-versatile", "modelSource": "default.llama-3.3-70b-versatile", "status": 401}
 WARN  [GROQ_ROUTER] Request exception {"apiKeySignature": "len=56 prefix=gsk_zq suffix=j7J5Bx", "apiKeySource": "process.env.EXPO_PUBLIC_GROQ_API_KEY", "message": "Invalid API Key", "modelId": "llama-3.3-70b-versatile", "modelSource": "default.llama-3.3-70b-versatile"}
 LOG  [notification-toast] Backfilled recent notifications {"count": 0, "queryFloorIso": "2026-05-17T15:09:02.882Z", "reason": "recovery-poll"}
 LOG  [notification-toast] Backfilled recent notifications {"count": 0, "queryFloorIso": "2026-05-17T15:09:08.187Z", "reason": "recovery-poll"}
 LOG  [notification-toast] Backfilled recent notifications {"count": 0, "queryFloorIso": "2026-05-17T15:09:14.218Z", "reason": "recovery-poll"}
 LOG  [notification-toast] Backfilled recent notifications {"count": 0, "queryFloorIso": "2026-05-17T15:09:20.249Z", "reason": "recovery-poll"}
 LOG  [notification-toast] Disposed notification toast channel {"activeUserId": "09fab0c9-c2ab-4ec4-a330-6be00a6dea29", "reason": "app-state:background"}
 INFO  [LoadTime][Route] leave {"durationMs": 29038, "route": "/(tabs)/feed"}
 INFO  [LoadTime][Route] enter {"route": "/add_production", "startedAt": "2026-05-17T15:09:45.767Z"}
 LOG  [notification-toast] Notification toast channel status {"activeUserId": "09fab0c9-c2ab-4ec4-a330-6be00a6dea29", "reason": "foreground", "status": "SUBSCRIBED"}
 LOG  [notification-toast] Backfilled recent notifications {"count": 0, "queryFloorIso": "2026-05-17T15:09:29.864Z", "reason": "foreground"}
 LOG  [notification-toast] Backfilled recent notifications {"count": 0, "queryFloorIso": "2026-05-17T15:09:30.783Z", "reason": "recovery-poll"}
 LOG  [notification-toast] Backfilled recent notifications {"count": 0, "queryFloorIso": "2026-05-17T15:09:36.806Z", "reason": "recovery-poll"}
 LOG  [notification-toast] Backfilled recent notifications {"count": 0, "queryFloorIso": "2026-05-17T15:09:42.846Z", "reason": "recovery-poll"}
 LOG  [notification-toast] Backfilled recent notifications {"count": 0, "queryFloorIso": "2026-05-17T15:09:48.868Z", "reason": "recovery-poll"}
 LOG  [notification-toast] Backfilled recent notifications {"count": 0, "queryFloorIso": "2026-05-17T15:09:54.898Z", "reason": "recovery-poll"}
 LOG  [notification-toast] Backfilled recent notifications {"count": 0, "queryFloorIso": "2026-05-17T15:10:00.917Z", "reason": "recovery-poll"}
 LOG  [notification-toast] Backfilled recent notifications {"count": 0, "queryFloorIso": "2026-05-17T15:10:06.959Z", "reason": "recovery-poll"}
 LOG  [notification-toast] Backfilled recent notifications {"count": 0, "queryFloorIso": "2026-05-17T15:10:12.990Z", "reason": "recovery-poll"}
 LOG  [notification-toast] Backfilled recent notifications {"count": 0, "queryFloorIso": "2026-05-17T15:10:19.060Z", "reason": "recovery-poll"}
 LOG  [notification-toast] Backfilled recent notifications {"count": 0, "queryFloorIso": "2026-05-17T15:10:25.051Z", "reason": "recovery-poll"}
 LOG  [notification-toast] Backfilled recent notifications {"count": 0, "queryFloorIso": "2026-05-17T15:10:31.081Z", "reason": "recovery-poll"}
 LOG  [notification-toast] Backfilled recent notifications {"count": 0, "queryFloorIso": "2026-05-17T15:10:37.112Z", "reason": "recovery-poll"}
 LOG  [notification-toast] Backfilled recent notifications {"count": 0, "queryFloorIso": "2026-05-17T15:10:43.143Z", "reason": "recovery-poll"}
 LOG  [notification-toast] Disposed notification toast channel {"activeUserId": "09fab0c9-c2ab-4ec4-a330-6be00a6dea29", "reason": "app-state:background"}
Android .\index.js ░░░░░░░░░░░░░░░░  0.0% (0/1)
Android Bundled 693ms index.js (1 module)
 INFO  [radio] react-native-track-player unavailable; radio playback is disabled until you run a native dev build.
 WARN  SafeAreaView has been deprecated and will be removed in a future release. Please use 'react-native-safe-area-context' instead. See https://github.com/th3rdwave/react-native-safe-area-context
 WARN  [expo-av]: Expo AV has been deprecated and will be removed in SDK 54. Use the `expo-audio` and `expo-video` packages to replace the required functionality.
 INFO  [push] expo-notifications unavailable; native push registration is disabled until dependencies are installed and Metro is restarted.
 INFO  [LoadTime][Route] enter {"route": "/", "startedAt": "2026-05-17T15:13:18.946Z"}
Android .\index.js ░░░░░░░░░░░░░░░░  0.0% (0/1)
Android Bundled 130ms index.js (1 module)
 INFO  [radio] react-native-track-player unavailable; radio playback is disabled until you run a native dev build.
 WARN  SafeAreaView has been deprecated and will be removed in a future release. Please use 'react-native-safe-area-context' instead. See https://github.com/th3rdwave/react-native-safe-area-context
 WARN  [expo-av]: Expo AV has been deprecated and will be removed in SDK 54. Use the `expo-audio` and `expo-video` packages to replace the required functionality.
 INFO  [push] expo-notifications unavailable; native push registration is disabled until dependencies are installed and Metro is restarted.
 INFO  [LoadTime][Route] enter {"route": "/", "startedAt": "2026-05-17T15:15:32.737Z"}
 INFO  [LoadTime][Route] leave {"durationMs": 2616, "route": "/"}
 INFO  [LoadTime][Feed] mount {"details": {"hasMore": false, "tab": "for_you", "user": "guest"}, "startedAt": "2026-05-17T15:15:37.213Z"}
 INFO  [LoadTime][Route] enter {"route": "/(tabs)/feed", "startedAt": "2026-05-17T15:15:37.236Z"}
 LOG  [notification-toast] Notification toast channel status {"activeUserId": "f7621101-77d5-4e80-a984-94e6e43f4ecd", "reason": "initial", "status": "SUBSCRIBED"}
 INFO  [LoadTime][Feed] query-start {"query": "forYouFeed", "status": "pending"}
 LOG  [notification-toast] Backfilled recent notifications {"count": 0, "queryFloorIso": "2026-05-17T15:10:22.753Z", "reason": "subscribed:initial"}
 INFO  [LoadTime][Edge:manage-social-feed] complete {"action": "get_feed", "cursor": undefined, "durationMs": 1159, "hasUserId": true, "keys": ["action", "cursor", "feed_type", "limit", "personalize", "userId"], "limit": 12}
 INFO  [LoadTime][Feed] primary-page-parsed {"append": false, "feedTab": "for_you", "pages": 1, "posts": 2}
 INFO  [LoadTime][Feed] snapshot-ready {"aiCards": 0, "feedTab": "for_you", "hasMore": false, "posts": 2}
 INFO  [LoadTime][Feed] load-complete {"counts": {"aiCards": 0, "followingEntities": 0, "posts": 2}, "details": {"hasMore": false, "tab": "for_you", "user": "signed-in"}, "durationMs": 3482}
 INFO  [LoadTime][Feed] first-ready {"counts": {"aiCards": 0, "followingEntities": 0, "posts": 2}, "details": {"hasMore": false, "tab": "for_you", "user": "signed-in"}, "durationMs": 3484, "renderCount": 10}
 INFO  [LoadTime][Feed] query-complete {"durationMs": 1401, "error": undefined, "query": "forYouFeed", "status": "success", "updatedAt": "2026-05-17T15:15:39.892Z"}
 INFO  [LoadTime][FeedRadio] fetch-start {"details": {"includeItems": true}}
 INFO  [LoadTime][FeedRadio] edge-complete {"details": {"featuredOnly": true, "playableStations": 1, "stations": 1}, "durationMs": 867}
 INFO  [LoadTime][FeedRadio] fetch-complete {"details": {"playableStations": 1, "stations": 1}, "durationMs": 869}
 WARN  [GROQ_ROUTER] Request failed {"apiKeySignature": "len=56 prefix=gsk_zq suffix=j7J5Bx", "apiKeySource": "process.env.EXPO_PUBLIC_GROQ_API_KEY", "message": "Invalid API Key", "modelId": "llama-3.3-70b-versatile", "modelSource": "default.llama-3.3-70b-versatile", "status": 401}
 WARN  [GROQ_ROUTER] Request exception {"apiKeySignature": "len=56 prefix=gsk_zq suffix=j7J5Bx", "apiKeySource": "process.env.EXPO_PUBLIC_GROQ_API_KEY", "message": "Invalid API Key", "modelId": "llama-3.3-70b-versatile", "modelSource": "default.llama-3.3-70b-versatile"}
 LOG  [notification-toast] Backfilled recent notifications {"count": 0, "queryFloorIso": "2026-05-17T15:15:23.484Z", "reason": "recovery-poll"}
 LOG  [notification-toast] Backfilled recent notifications {"count": 0, "queryFloorIso": "2026-05-17T15:15:28.774Z", "reason": "recovery-poll"}
 LOG  [notification-toast] Backfilled recent notifications {"count": 0, "queryFloorIso": "2026-05-17T15:15:34.804Z", "reason": "recovery-poll"}
 LOG  [notification-toast] Backfilled recent notifications {"count": 0, "queryFloorIso": "2026-05-17T15:15:40.834Z", "reason": "recovery-poll"}
 LOG  [notification-toast] Disposed notification toast channel {"activeUserId": "f7621101-77d5-4e80-a984-94e6e43f4ecd", "reason": "app-state:background"}
 INFO  [LoadTime][Route] leave {"durationMs": 27967, "route": "/(tabs)/feed"}
 INFO  [LoadTime][Route] enter {"route": "/add_production", "startedAt": "2026-05-17T15:16:05.205Z"}
 LOG  [notification-toast] Notification toast channel status {"activeUserId": "f7621101-77d5-4e80-a984-94e6e43f4ecd", "reason": "foreground", "status": "SUBSCRIBED"}
 LOG  [notification-toast] Backfilled recent notifications {"count": 0, "queryFloorIso": "2026-05-17T15:15:49.349Z", "reason": "recovery-poll"}
 LOG  [notification-toast] Backfilled recent notifications {"count": 0, "queryFloorIso": "2026-05-17T15:15:53.229Z", "reason": "recovery-poll"}
 LOG  [notification-toast] Backfilled recent notifications {"count": 0, "queryFloorIso": "2026-05-17T15:15:59.259Z", "reason": "recovery-poll"}
 LOG  [notification-toast] Backfilled recent notifications {"count": 0, "queryFloorIso": "2026-05-17T15:16:05.289Z", "reason": "recovery-poll"}
 LOG  [notification-toast] Backfilled recent notifications {"count": 0, "queryFloorIso": "2026-05-17T15:16:11.320Z", "reason": "recovery-poll"}
 LOG  [notification-toast] Backfilled recent notifications {"count": 0, "queryFloorIso": "2026-05-17T15:16:17.351Z", "reason": "recovery-poll"}
 LOG  [notification-toast] Backfilled recent notifications {"count": 0, "queryFloorIso": "2026-05-17T15:16:23.381Z", "reason": "recovery-poll"}
 LOG  [notification-toast] Backfilled recent notifications {"count": 0, "queryFloorIso": "2026-05-17T15:16:29.412Z", "reason": "recovery-poll"}
 LOG  [notification-toast] Backfilled recent notifications {"count": 0, "queryFloorIso": "2026-05-17T15:16:35.441Z", "reason": "recovery-poll"}
 LOG  [notification-toast] Backfilled recent notifications {"count": 0, "queryFloorIso": "2026-05-17T15:16:41.472Z", "reason": "recovery-poll"}
 LOG  [notification-toast] Backfilled recent notifications {"count": 0, "queryFloorIso": "2026-05-17T15:16:47.503Z", "reason": "recovery-poll"}
 LOG  [notification-toast] Backfilled recent notifications {"count": 0, "queryFloorIso": "2026-05-17T15:16:53.533Z", "reason": "recovery-poll"}
 LOG  [notification-toast] Backfilled recent notifications {"count": 0, "queryFloorIso": "2026-05-17T15:16:59.564Z", "reason": "recovery-poll"}
 LOG  [notification-toast] Backfilled recent notifications {"count": 0, "queryFloorIso": "2026-05-17T15:17:05.594Z", "reason": "recovery-poll"}
 LOG  [notification-toast] Backfilled recent notifications {"count": 0, "queryFloorIso": "2026-05-17T15:17:11.624Z", "reason": "recovery-poll"}
 LOG  [notification-toast] Backfilled recent notifications {"count": 0, "queryFloorIso": "2026-05-17T15:17:17.656Z", "reason": "recovery-poll"}
 LOG  [notification-toast] Backfilled recent notifications {"count": 0, "queryFloorIso": "2026-05-17T15:17:23.685Z", "reason": "recovery-poll"}
 LOG  [notification-toast] Backfilled recent notifications {"count": 0, "queryFloorIso": "2026-05-17T15:17:29.715Z", "reason": "recovery-poll"}
 LOG  [notification-toast] Backfilled recent notifications {"count": 0, "queryFloorIso": "2026-05-17T15:17:35.746Z", "reason": "recovery-poll"}
 LOG  [notification-toast] Backfilled recent notifications {"count": 0, "queryFloorIso": "2026-05-17T15:17:41.776Z", "reason": "recovery-poll"}
 LOG  [notification-toast] Backfilled recent notifications {"count": 0, "queryFloorIso": "2026-05-17T15:17:47.814Z", "reason": "recovery-poll"}
 LOG  [notification-toast] Backfilled recent notifications {"count": 0, "queryFloorIso": "2026-05-17T15:17:53.838Z", "reason": "recovery-poll"}
 LOG  [notification-toast] Backfilled recent notifications {"count": 0, "queryFloorIso": "2026-05-17T15:17:59.868Z", "reason": "recovery-poll"}
 LOG  [notification-toast] Backfilled recent notifications {"count": 0, "queryFloorIso": "2026-05-17T15:18:05.905Z", "reason": "recovery-poll"}
 LOG  [notification-toast] Backfilled recent notifications {"count": 0, "queryFloorIso": "2026-05-17T15:18:11.929Z", "reason": "recovery-poll"}
 LOG  [notification-toast] Backfilled recent notifications {"count": 0, "queryFloorIso": "2026-05-17T15:18:17.961Z", "reason": "recovery-poll"}
 LOG  [notification-toast] Backfilled recent notifications {"count": 0, "queryFloorIso": "2026-05-17T15:18:23.990Z", "reason": "recovery-poll"}
 LOG  [notification-toast] Backfilled recent notifications {"count": 0, "queryFloorIso": "2026-05-17T15:18:30.020Z", "reason": "recovery-poll"}
 LOG  [notification-toast] Backfilled recent notifications {"count": 0, "queryFloorIso": "2026-05-17T15:18:36.051Z", "reason": "recovery-poll"}
 LOG  [notification-toast] Backfilled recent notifications {"count": 0, "queryFloorIso": "2026-05-17T15:18:42.081Z", "reason": "recovery-poll"}
 LOG  [notification-toast] Backfilled recent notifications {"count": 0, "queryFloorIso": "2026-05-17T15:18:48.112Z", "reason": "recovery-poll"}
 LOG  [notification-toast] Backfilled recent notifications {"count": 0, "queryFloorIso": "2026-05-17T15:18:54.142Z", "reason": "recovery-poll"}
 LOG  [notification-toast] Backfilled recent notifications {"count": 0, "queryFloorIso": "2026-05-17T15:19:00.172Z", "reason": "recovery-poll"}
 LOG  [notification-toast] Backfilled recent notifications {"count": 0, "queryFloorIso": "2026-05-17T15:19:06.203Z", "reason": "recovery-poll"}
Android .\index.js ░░░░░░░░░░░░░░░░  0.0% (0/1)
Android Bundled 195ms index.js (1 module)
 INFO  [radio] react-native-track-player unavailable; radio playback is disabled until you run a native dev build.
 WARN  SafeAreaView has been deprecated and will be removed in a future release. Please use 'react-native-safe-area-context' instead. See https://github.com/th3rdwave/react-native-safe-area-context
 WARN  [expo-av]: Expo AV has been deprecated and will be removed in SDK 54. Use the `expo-audio` and `expo-video` packages to replace the required functionality.
 INFO  [push] expo-notifications unavailable; native push registration is disabled until dependencies are installed and Metro is restarted.
 INFO  [LoadTime][Route] enter {"route": "/", "startedAt": "2026-05-17T15:19:35.975Z"}
Android .\index.js ░░░░░░░░░░░░░░░░  0.0% (0/1)
Android Bundled 143ms index.js (1 module)
 INFO  [radio] react-native-track-player unavailable; radio playback is disabled until you run a native dev build.
 WARN  SafeAreaView has been deprecated and will be removed in a future release. Please use 'react-native-safe-area-context' instead. See https://github.com/th3rdwave/react-native-safe-area-context
 WARN  [expo-av]: Expo AV has been deprecated and will be removed in SDK 54. Use the `expo-audio` and `expo-video` packages to replace the required functionality.
 INFO  [push] expo-notifications unavailable; native push registration is disabled until dependencies are installed and Metro is restarted.
 INFO  [LoadTime][Route] enter {"route": "/", "startedAt": "2026-05-17T15:21:50.030Z"}
 INFO  [LoadTime][Route] leave {"durationMs": 2342, "route": "/"}
 INFO  [LoadTime][Feed] mount {"details": {"hasMore": false, "tab": "for_you", "user": "guest"}, "startedAt": "2026-05-17T15:21:54.246Z"}
 INFO  [LoadTime][Route] enter {"route": "/(tabs)/feed", "startedAt": "2026-05-17T15:21:54.270Z"}
 LOG  [notification-toast] Notification toast channel status {"activeUserId": "f9431cd0-4b32-4b8d-8821-be101f18c86f", "reason": "initial", "status": "SUBSCRIBED"}
 INFO  [LoadTime][Feed] query-start {"query": "forYouFeed", "status": "pending"}
 LOG  [notification-toast] Backfilled recent notifications {"count": 0, "queryFloorIso": "2026-05-17T15:16:39.714Z", "reason": "subscribed:initial"}
 INFO  [LoadTime][Edge:manage-social-feed] complete {"action": "get_feed", "cursor": undefined, "durationMs": 1244, "hasUserId": true, "keys": ["action", "cursor", "feed_type", "limit", "personalize", "userId"], "limit": 12}
 INFO  [LoadTime][Feed] primary-page-parsed {"append": false, "feedTab": "for_you", "pages": 1, "posts": 2}
 INFO  [LoadTime][Feed] snapshot-ready {"aiCards": 0, "feedTab": "for_you", "hasMore": false, "posts": 2}
 INFO  [LoadTime][Feed] load-complete {"counts": {"aiCards": 0, "followingEntities": 0, "posts": 2}, "details": {"hasMore": false, "tab": "for_you", "user": "signed-in"}, "durationMs": 4413}
 INFO  [LoadTime][Feed] first-ready {"counts": {"aiCards": 0, "followingEntities": 0, "posts": 2}, "details": {"hasMore": false, "tab": "for_you", "user": "signed-in"}, "durationMs": 4415, "renderCount": 11}
 INFO  [LoadTime][Feed] query-complete {"durationMs": 1533, "error": undefined, "query": "forYouFeed", "status": "success", "updatedAt": "2026-05-17T15:21:57.817Z"}
 INFO  [LoadTime][FeedRadio] fetch-start {"details": {"includeItems": true}}
 INFO  [LoadTime][FeedRadio] edge-complete {"details": {"featuredOnly": true, "playableStations": 1, "stations": 1}, "durationMs": 876}
 INFO  [LoadTime][FeedRadio] fetch-complete {"details": {"playableStations": 1, "stations": 1}, "durationMs": 878}
 WARN  [GROQ_ROUTER] Request failed {"apiKeySignature": "len=56 prefix=gsk_zq suffix=j7J5Bx", "apiKeySource": "process.env.EXPO_PUBLIC_GROQ_API_KEY", "message": "Invalid API Key", "modelId": "llama-3.3-70b-versatile", "modelSource": "default.llama-3.3-70b-versatile", "status": 401}
 WARN  [GROQ_ROUTER] Request exception {"apiKeySignature": "len=56 prefix=gsk_zq suffix=j7J5Bx", "apiKeySource": "process.env.EXPO_PUBLIC_GROQ_API_KEY", "message": "Invalid API Key", "modelId": "llama-3.3-70b-versatile", "modelSource": "default.llama-3.3-70b-versatile"}
 LOG  [notification-toast] Backfilled recent notifications {"count": 0, "queryFloorIso": "2026-05-17T15:21:40.310Z", "reason": "recovery-poll"}
 LOG  [notification-toast] Backfilled recent notifications {"count": 0, "queryFloorIso": "2026-05-17T15:21:45.733Z", "reason": "recovery-poll"}
 LOG  [notification-toast] Backfilled recent notifications {"count": 0, "queryFloorIso": "2026-05-17T15:21:51.775Z", "reason": "recovery-poll"}
 LOG  [notification-toast] Backfilled recent notifications {"count": 0, "queryFloorIso": "2026-05-17T15:21:57.806Z", "reason": "recovery-poll"}
 LOG  [notification-toast] Disposed notification toast channel {"activeUserId": "f9431cd0-4b32-4b8d-8821-be101f18c86f", "reason": "app-state:background"}
 INFO  [LoadTime][Route] leave {"durationMs": 28094, "route": "/(tabs)/feed"}
 INFO  [LoadTime][Route] enter {"route": "/add_production", "startedAt": "2026-05-17T15:22:22.366Z"}
 LOG  [notification-toast] Notification toast channel status {"activeUserId": "f9431cd0-4b32-4b8d-8821-be101f18c86f", "reason": "foreground", "status": "SUBSCRIBED"}
 LOG  [notification-toast] Backfilled recent notifications {"count": 0, "queryFloorIso": "2026-05-17T15:22:06.483Z", "reason": "recovery-poll"}
 LOG  [notification-toast] Backfilled recent notifications {"count": 0, "queryFloorIso": "2026-05-17T15:22:10.380Z", "reason": "recovery-poll"}
 LOG  [notification-toast] Backfilled recent notifications {"count": 0, "queryFloorIso": "2026-05-17T15:22:16.413Z", "reason": "recovery-poll"}
 LOG  [notification-toast] Backfilled recent notifications {"count": 0, "queryFloorIso": "2026-05-17T15:22:22.444Z", "reason": "recovery-poll"}
 LOG  [notification-toast] Backfilled recent notifications {"count": 0, "queryFloorIso": "2026-05-17T15:22:28.474Z", "reason": "recovery-poll"}
 LOG  [notification-toast] Backfilled recent notifications {"count": 0, "queryFloorIso": "2026-05-17T15:22:34.504Z", "reason": "recovery-poll"}
 LOG  [notification-toast] Backfilled recent notifications {"count": 0, "queryFloorIso": "2026-05-17T15:22:40.534Z", "reason": "recovery-poll"}
 LOG  [notification-toast] Backfilled recent notifications {"count": 0, "queryFloorIso": "2026-05-17T15:22:46.580Z", "reason": "recovery-poll"}
 LOG  [notification-toast] Backfilled recent notifications {"count": 0, "queryFloorIso": "2026-05-17T15:22:52.596Z", "reason": "recovery-poll"}
 LOG  [notification-toast] Backfilled recent notifications {"count": 0, "queryFloorIso": "2026-05-17T15:22:58.626Z", "reason": "recovery-poll"}
 LOG  [notification-toast] Backfilled recent notifications {"count": 0, "queryFloorIso": "2026-05-17T15:23:04.657Z", "reason": "recovery-poll"}
 LOG  [notification-toast] Backfilled recent notifications {"count": 0, "queryFloorIso": "2026-05-17T15:23:10.687Z", "reason": "recovery-poll"}
 LOG  [notification-toast] Backfilled recent notifications {"count": 0, "queryFloorIso": "2026-05-17T15:23:16.718Z", "reason": "recovery-poll"}
 LOG  [notification-toast] Backfilled recent notifications {"count": 0, "queryFloorIso": "2026-05-17T15:23:22.748Z", "reason": "recovery-poll"}
 LOG  [notification-toast] Backfilled recent notifications {"count": 0, "queryFloorIso": "2026-05-17T15:23:28.779Z", "reason": "recovery-poll"}
 INFO  [LoadTime][Route] leave {"durationMs": 93074, "route": "/add_production"}
 INFO  [LoadTime][Route] enter {"route": "/(tabs)/my_production", "startedAt": "2026-05-17T15:23:55.469Z"}
 LOG  [notification-toast] Backfilled recent notifications {"count": 0, "queryFloorIso": "2026-05-17T15:23:34.808Z", "reason": "recovery-poll"}
 LOG  [notification-toast] Backfilled recent notifications {"count": 0, "queryFloorIso": "2026-05-17T15:23:40.837Z", "reason": "recovery-poll"}
 LOG  [notification-toast] Backfilled recent notifications {"count": 0, "queryFloorIso": "2026-05-17T15:23:46.870Z", "reason": "recovery-poll"}
 LOG  [notification-toast] Backfilled recent notifications {"count": 0, "queryFloorIso": "2026-05-17T15:23:52.900Z", "reason": "recovery-poll"}
 LOG  [notification-toast] Backfilled recent notifications {"count": 0, "queryFloorIso": "2026-05-17T15:23:58.931Z", "reason": "recovery-poll"}
 LOG  [notification-toast] Backfilled recent notifications {"count": 0, "queryFloorIso": "2026-05-17T15:24:04.961Z", "reason": "recovery-poll"}
 LOG  [notification-toast] Backfilled recent notifications {"count": 0, "queryFloorIso": "2026-05-17T15:24:10.992Z", "reason": "recovery-poll"}
 LOG  [notification-toast] Backfilled recent notifications {"count": 0, "queryFloorIso": "2026-05-17T15:24:17.022Z", "reason": "recovery-poll"}
 LOG  [notification-toast] Backfilled recent notifications {"count": 0, "queryFloorIso": "2026-05-17T15:24:23.053Z", "reason": "recovery-poll"}
 LOG  [notification-toast] Backfilled recent notifications {"count": 0, "queryFloorIso": "2026-05-17T15:24:29.083Z", "reason": "recovery-poll"}
 LOG  [notification-toast] Backfilled recent notifications {"count": 0, "queryFloorIso": "2026-05-17T15:24:35.114Z", "reason": "recovery-poll"}
 LOG  [notification-toast] Backfilled recent notifications {"count": 0, "queryFloorIso": "2026-05-17T15:24:41.145Z", "reason": "recovery-poll"}
 LOG  [notification-toast] Backfilled recent notifications {"count": 0, "queryFloorIso": "2026-05-17T15:24:47.176Z", "reason": "recovery-poll"}
 LOG  [notification-toast] Backfilled recent notifications {"count": 0, "queryFloorIso": "2026-05-17T15:24:53.205Z", "reason": "recovery-poll"}
 LOG  [notification-toast] Backfilled recent notifications {"count": 0, "queryFloorIso": "2026-05-17T15:24:59.236Z", "reason": "recovery-poll"}
Android Bundled 157ms index.js (1 module)
 INFO  [radio] react-native-track-player unavailable; radio playback is disabled until you run a native dev build.
 WARN  SafeAreaView has been deprecated and will be removed in a future release. Please use 'react-native-safe-area-context' instead. See https://github.com/th3rdwave/react-native-safe-area-context
 WARN  [expo-av]: Expo AV has been deprecated and will be removed in SDK 54. Use the `expo-audio` and `expo-video` packages to replace the required functionality.
 INFO  [push] expo-notifications unavailable; native push registration is disabled until dependencies are installed and Metro is restarted.
 INFO  [LoadTime][Route] enter {"route": "/", "startedAt": "2026-05-17T15:25:27.736Z"}
Android .\index.js ░░░░░░░░░░░░░░░░  0.0% (0/1)
Android Bundled 196ms index.js (1 module)
 INFO  [radio] react-native-track-player unavailable; radio playback is disabled until you run a native dev build.
 WARN  SafeAreaView has been deprecated and will be removed in a future release. Please use 'react-native-safe-area-context' instead. See https://github.com/th3rdwave/react-native-safe-area-context
 WARN  [expo-av]: Expo AV has been deprecated and will be removed in SDK 54. Use the `expo-audio` and `expo-video` packages to replace the required functionality.
 INFO  [push] expo-notifications unavailable; native push registration is disabled until dependencies are installed and Metro is restarted.
 INFO  [LoadTime][Route] enter {"route": "/", "startedAt": "2026-05-17T15:27:42.583Z"}
 INFO  [LoadTime][Route] leave {"durationMs": 2474, "route": "/"}
 INFO  [LoadTime][Feed] mount {"details": {"hasMore": false, "tab": "for_you", "user": "guest"}, "startedAt": "2026-05-17T15:27:46.629Z"}
 INFO  [LoadTime][Route] enter {"route": "/(tabs)/feed", "startedAt": "2026-05-17T15:27:46.652Z"}
 LOG  [notification-toast] Notification toast channel status {"activeUserId": "beed6b7c-7c7a-4ba8-9cf6-1cdac1fa19a8", "reason": "initial", "status": "SUBSCRIBED"}
 INFO  [LoadTime][Feed] query-start {"query": "forYouFeed", "status": "pending"}
 LOG  [notification-toast] Backfilled recent notifications {"count": 0, "queryFloorIso": "2026-05-17T15:22:32.066Z", "reason": "subscribed:initial"}
 INFO  [LoadTime][Edge:manage-social-feed] complete {"action": "get_feed", "cursor": undefined, "durationMs": 1166, "hasUserId": true, "keys": ["action", "cursor", "feed_type", "limit", "personalize", "userId"], "limit": 12}
 INFO  [LoadTime][Feed] primary-page-parsed {"append": false, "feedTab": "for_you", "pages": 1, "posts": 2}
 INFO  [LoadTime][Feed] snapshot-ready {"aiCards": 0, "feedTab": "for_you", "hasMore": false, "posts": 2}
 INFO  [LoadTime][Feed] load-complete {"counts": {"aiCards": 0, "followingEntities": 0, "posts": 2}, "details": {"hasMore": false, "tab": "for_you", "user": "signed-in"}, "durationMs": 3254}
 INFO  [LoadTime][Feed] first-ready {"counts": {"aiCards": 0, "followingEntities": 0, "posts": 2}, "details": {"hasMore": false, "tab": "for_you", "user": "signed-in"}, "durationMs": 3256, "renderCount": 11}
 INFO  [LoadTime][Feed] query-complete {"durationMs": 1432, "error": undefined, "query": "forYouFeed", "status": "success", "updatedAt": "2026-05-17T15:27:49.095Z"}
 INFO  [LoadTime][FeedRadio] fetch-start {"details": {"includeItems": true}}
 INFO  [LoadTime][FeedRadio] edge-complete {"details": {"featuredOnly": true, "playableStations": 1, "stations": 1}, "durationMs": 765}
 INFO  [LoadTime][FeedRadio] fetch-complete {"details": {"playableStations": 1, "stations": 1}, "durationMs": 768}
 WARN  [GROQ_ROUTER] Request failed {"apiKeySignature": "len=56 prefix=gsk_zq suffix=j7J5Bx", "apiKeySource": "process.env.EXPO_PUBLIC_GROQ_API_KEY", "message": "Invalid API Key", "modelId": "llama-3.3-70b-versatile", "modelSource": "default.llama-3.3-70b-versatile", "status": 401}
 WARN  [GROQ_ROUTER] Request exception {"apiKeySignature": "len=56 prefix=gsk_zq suffix=j7J5Bx", "apiKeySource": "process.env.EXPO_PUBLIC_GROQ_API_KEY", "message": "Invalid API Key", "modelId": "llama-3.3-70b-versatile", "modelSource": "default.llama-3.3-70b-versatile"}
 LOG  [notification-toast] Backfilled recent notifications {"count": 0, "queryFloorIso": "2026-05-17T15:27:32.828Z", "reason": "recovery-poll"}
 LOG  [notification-toast] Backfilled recent notifications {"count": 0, "queryFloorIso": "2026-05-17T15:27:38.094Z", "reason": "recovery-poll"}
 LOG  [notification-toast] Backfilled recent notifications {"count": 0, "queryFloorIso": "2026-05-17T15:27:44.124Z", "reason": "recovery-poll"}
 LOG  [notification-toast] Backfilled recent notifications {"count": 0, "queryFloorIso": "2026-05-17T15:27:50.155Z", "reason": "recovery-poll"}
 LOG  [notification-toast] Disposed notification toast channel {"activeUserId": "beed6b7c-7c7a-4ba8-9cf6-1cdac1fa19a8", "reason": "app-state:background"}
 INFO  [LoadTime][Route] leave {"durationMs": 30159, "route": "/(tabs)/feed"}
 INFO  [LoadTime][Route] enter {"route": "/add_production", "startedAt": "2026-05-17T15:28:16.812Z"}
 LOG  [notification-toast] Notification toast channel status {"activeUserId": "beed6b7c-7c7a-4ba8-9cf6-1cdac1fa19a8", "reason": "foreground", "status": "SUBSCRIBED"}
 LOG  [notification-toast] Backfilled recent notifications {"count": 0, "queryFloorIso": "2026-05-17T15:28:00.939Z", "reason": "foreground"}
 LOG  [notification-toast] Backfilled recent notifications {"count": 0, "queryFloorIso": "2026-05-17T15:28:01.825Z", "reason": "recovery-poll"}
 LOG  [notification-toast] Backfilled recent notifications {"count": 0, "queryFloorIso": "2026-05-17T15:28:07.847Z", "reason": "recovery-poll"}
 LOG  [notification-toast] Backfilled recent notifications {"count": 0, "queryFloorIso": "2026-05-17T15:28:13.876Z", "reason": "recovery-poll"}
 LOG  [notification-toast] Backfilled recent notifications {"count": 0, "queryFloorIso": "2026-05-17T15:28:19.907Z", "reason": "recovery-poll"}
 LOG  [notification-toast] Backfilled recent notifications {"count": 0, "queryFloorIso": "2026-05-17T15:28:25.937Z", "reason": "recovery-poll"}
 LOG  [notification-toast] Backfilled recent notifications {"count": 0, "queryFloorIso": "2026-05-17T15:28:31.968Z", "reason": "recovery-poll"}
 LOG  [notification-toast] Backfilled recent notifications {"count": 0, "queryFloorIso": "2026-05-17T15:28:37.998Z", "reason": "recovery-poll"}
 LOG  [notification-toast] Backfilled recent notifications {"count": 0, "queryFloorIso": "2026-05-17T15:28:44.029Z", "reason": "recovery-poll"}
 LOG  [notification-toast] Backfilled recent notifications {"count": 0, "queryFloorIso": "2026-05-17T15:28:50.071Z", "reason": "recovery-poll"}
 LOG  [notification-toast] Backfilled recent notifications {"count": 0, "queryFloorIso": "2026-05-17T15:28:56.090Z", "reason": "recovery-poll"}
 LOG  [notification-toast] Backfilled recent notifications {"count": 0, "queryFloorIso": "2026-05-17T15:29:02.120Z", "reason": "recovery-poll"}
 LOG  [notification-toast] Backfilled recent notifications {"count": 0, "queryFloorIso": "2026-05-17T15:29:08.151Z", "reason": "recovery-poll"}
 LOG  [notification-toast] Backfilled recent notifications {"count": 0, "queryFloorIso": "2026-05-17T15:29:14.180Z", "reason": "recovery-poll"}
 LOG  [notification-toast] Backfilled recent notifications {"count": 0, "queryFloorIso": "2026-05-17T15:29:20.212Z", "reason": "recovery-poll"}
 LOG  [notification-toast] Backfilled recent notifications {"count": 0, "queryFloorIso": "2026-05-17T15:29:26.230Z", "reason": "recovery-poll"}
 INFO  [LoadTime][Route] leave {"durationMs": 91738, "route": "/add_production"}
 INFO  [LoadTime][Route] enter {"route": "/(tabs)/my_production", "startedAt": "2026-05-17T15:29:48.568Z"}
 LOG  [notification-toast] Backfilled recent notifications {"count": 0, "queryFloorIso": "2026-05-17T15:29:32.272Z", "reason": "recovery-poll"}
 LOG  [notification-toast] Backfilled recent notifications {"count": 0, "queryFloorIso": "2026-05-17T15:29:38.303Z", "reason": "recovery-poll"}
 LOG  [notification-toast] Backfilled recent notifications {"count": 0, "queryFloorIso": "2026-05-17T15:29:44.333Z", "reason": "recovery-poll"}
 LOG  [notification-toast] Backfilled recent notifications {"count": 0, "queryFloorIso": "2026-05-17T15:29:50.364Z", "reason": "recovery-poll"}
 LOG  [notification-toast] Backfilled recent notifications {"count": 0, "queryFloorIso": "2026-05-17T15:29:56.397Z", "reason": "recovery-poll"}
 LOG  [notification-toast] Backfilled recent notifications {"count": 0, "queryFloorIso": "2026-05-17T15:30:02.425Z", "reason": "recovery-poll"}
 LOG  [notification-toast] Backfilled recent notifications {"count": 0, "queryFloorIso": "2026-05-17T15:30:08.455Z", "reason": "recovery-poll"}
 LOG  [notification-toast] Backfilled recent notifications {"count": 0, "queryFloorIso": "2026-05-17T15:30:14.486Z", "reason": "recovery-poll"}
 LOG  [notification-toast] Backfilled recent notifications {"count": 0, "queryFloorIso": "2026-05-17T15:30:20.516Z", "reason": "recovery-poll"}
Android Bundled 139ms index.js (1 module)
 INFO  [radio] react-native-track-player unavailable; radio playback is disabled until you run a native dev build.
 WARN  SafeAreaView has been deprecated and will be removed in a future release. Please use 'react-native-safe-area-context' instead. See https://github.com/th3rdwave/react-native-safe-area-context
 WARN  [expo-av]: Expo AV has been deprecated and will be removed in SDK 54. Use the `expo-audio` and `expo-video` packages to replace the required functionality.
 INFO  [push] expo-notifications unavailable; native push registration is disabled until dependencies are installed and Metro is restarted.
 INFO  [LoadTime][Route] enter {"route": "/", "startedAt": "2026-05-17T15:30:48.630Z"}
Android .\index.js ░░░░░░░░░░░░░░░░  0.0% (0/1)
Android Bundled 110ms index.js (1 module)
 INFO  [radio] react-native-track-player unavailable; radio playback is disabled until you run a native dev build.
 WARN  SafeAreaView has been deprecated and will be removed in a future release. Please use 'react-native-safe-area-context' instead. See https://github.com/th3rdwave/react-native-safe-area-context
 WARN  [expo-av]: Expo AV has been deprecated and will be removed in SDK 54. Use the `expo-audio` and `expo-video` packages to replace the required functionality.
 INFO  [push] expo-notifications unavailable; native push registration is disabled until dependencies are installed and Metro is restarted.
 INFO  [LoadTime][Route] enter {"route": "/", "startedAt": "2026-05-17T15:33:02.481Z"}
 INFO  [LoadTime][Route] leave {"durationMs": 2511, "route": "/"}
 INFO  [LoadTime][Feed] mount {"details": {"hasMore": false, "tab": "for_you", "user": "guest"}, "startedAt": "2026-05-17T15:33:07.027Z"}
 INFO  [LoadTime][Route] enter {"route": "/(tabs)/feed", "startedAt": "2026-05-17T15:33:07.051Z"}
 LOG  [notification-toast] Notification toast channel status {"activeUserId": "9b8f3380-eed9-4696-9e41-2ffe392ac3b6", "reason": "initial", "status": "SUBSCRIBED"}
 INFO  [LoadTime][Feed] query-start {"query": "forYouFeed", "status": "pending"}
 LOG  [notification-toast] Backfilled recent notifications {"count": 0, "queryFloorIso": "2026-05-17T15:27:52.447Z", "reason": "subscribed:initial"}
 INFO  [LoadTime][Edge:manage-social-feed] complete {"action": "get_feed", "cursor": undefined, "durationMs": 2033, "hasUserId": true, "keys": ["action", "cursor", "feed_type", "limit", "personalize", "userId"], "limit": 12}
 INFO  [LoadTime][Feed] primary-page-parsed {"append": false, "feedTab": "for_you", "pages": 1, "posts": 2}
 INFO  [LoadTime][Feed] snapshot-ready {"aiCards": 0, "feedTab": "for_you", "hasMore": false, "posts": 2}
 INFO  [LoadTime][Feed] load-complete {"counts": {"aiCards": 0, "followingEntities": 0, "posts": 2}, "details": {"hasMore": false, "tab": "for_you", "user": "signed-in"}, "durationMs": 4341}
 INFO  [LoadTime][Feed] first-ready {"counts": {"aiCards": 0, "followingEntities": 0, "posts": 2}, "details": {"hasMore": false, "tab": "for_you", "user": "signed-in"}, "durationMs": 4343, "renderCount": 10}
 INFO  [LoadTime][Feed] query-complete {"durationMs": 2248, "error": undefined, "query": "forYouFeed", "status": "success", "updatedAt": "2026-05-17T15:33:10.590Z"}
 INFO  [LoadTime][FeedRadio] fetch-start {"details": {"includeItems": true}}
 INFO  [LoadTime][FeedRadio] edge-complete {"details": {"featuredOnly": true, "playableStations": 1, "stations": 1}, "durationMs": 783}
 INFO  [LoadTime][FeedRadio] fetch-complete {"details": {"playableStations": 1, "stations": 1}, "durationMs": 786}
 WARN  [GROQ_ROUTER] Request failed {"apiKeySignature": "len=56 prefix=gsk_zq suffix=j7J5Bx", "apiKeySource": "process.env.EXPO_PUBLIC_GROQ_API_KEY", "message": "Invalid API Key", "modelId": "llama-3.3-70b-versatile", "modelSource": "default.llama-3.3-70b-versatile", "status": 401}
 WARN  [GROQ_ROUTER] Request exception {"apiKeySignature": "len=56 prefix=gsk_zq suffix=j7J5Bx", "apiKeySource": "process.env.EXPO_PUBLIC_GROQ_API_KEY", "message": "Invalid API Key", "modelId": "llama-3.3-70b-versatile", "modelSource": "default.llama-3.3-70b-versatile"}
 LOG  [notification-toast] Backfilled recent notifications {"count": 0, "queryFloorIso": "2026-05-17T15:32:52.858Z", "reason": "recovery-poll"}
 LOG  [notification-toast] Backfilled recent notifications {"count": 0, "queryFloorIso": "2026-05-17T15:32:58.474Z", "reason": "recovery-poll"}
 LOG  [notification-toast] Backfilled recent notifications {"count": 0, "queryFloorIso": "2026-05-17T15:33:04.505Z", "reason": "recovery-poll"}
 LOG  [notification-toast] Backfilled recent notifications {"count": 0, "queryFloorIso": "2026-05-17T15:33:10.536Z", "reason": "recovery-poll"}
 LOG  [notification-toast] Disposed notification toast channel {"activeUserId": "9b8f3380-eed9-4696-9e41-2ffe392ac3b6", "reason": "app-state:background"}
 INFO  [LoadTime][Route] leave {"durationMs": 27907, "route": "/(tabs)/feed"}
 INFO  [LoadTime][Route] enter {"route": "/edit_production", "startedAt": "2026-05-17T15:33:34.960Z"}
 LOG  [notification-toast] Notification toast channel status {"activeUserId": "9b8f3380-eed9-4696-9e41-2ffe392ac3b6", "reason": "foreground", "status": "SUBSCRIBED"}
 LOG  [notification-toast] Backfilled recent notifications {"count": 0, "queryFloorIso": "2026-05-17T15:33:19.186Z", "reason": "recovery-poll"}
 LOG  [notification-toast] Backfilled recent notifications {"count": 0, "queryFloorIso": "2026-05-17T15:33:23.011Z", "reason": "recovery-poll"}
 LOG  [notification-toast] Backfilled recent notifications {"count": 0, "queryFloorIso": "2026-05-17T15:33:29.027Z", "reason": "recovery-poll"}
 LOG  [notification-toast] Backfilled recent notifications {"count": 0, "queryFloorIso": "2026-05-17T15:33:35.045Z", "reason": "recovery-poll"}
 LOG  [notification-toast] Backfilled recent notifications {"count": 0, "queryFloorIso": "2026-05-17T15:33:41.088Z", "reason": "recovery-poll"}
 LOG  [notification-toast] Backfilled recent notifications {"count": 0, "queryFloorIso": "2026-05-17T15:33:47.118Z", "reason": "recovery-poll"}
 LOG  [notification-toast] Backfilled recent notifications {"count": 0, "queryFloorIso": "2026-05-17T15:33:53.148Z", "reason": "recovery-poll"}
 LOG  [notification-toast] Backfilled recent notifications {"count": 0, "queryFloorIso": "2026-05-17T15:33:59.179Z", "reason": "recovery-poll"}
 LOG  [notification-toast] Backfilled recent notifications {"count": 0, "queryFloorIso": "2026-05-17T15:34:05.209Z", "reason": "recovery-poll"}
 LOG  [notification-toast] Backfilled recent notifications {"count": 0, "queryFloorIso": "2026-05-17T15:34:11.240Z", "reason": "recovery-poll"}
 LOG  [notification-toast] Backfilled recent notifications {"count": 0, "queryFloorIso": "2026-05-17T15:34:17.271Z", "reason": "recovery-poll"}
 LOG  [notification-toast] Backfilled recent notifications {"count": 0, "queryFloorIso": "2026-05-17T15:34:23.301Z", "reason": "recovery-poll"}
 LOG  [notification-toast] Backfilled recent notifications {"count": 0, "queryFloorIso": "2026-05-17T15:34:29.332Z", "reason": "recovery-poll"}
 LOG  [notification-toast] Backfilled recent notifications {"count": 0, "queryFloorIso": "2026-05-17T15:34:35.362Z", "reason": "recovery-poll"}
 LOG  [notification-toast] Backfilled recent notifications {"count": 0, "queryFloorIso": "2026-05-17T15:34:41.393Z", "reason": "recovery-poll"}
 LOG  [notification-toast] Backfilled recent notifications {"count": 0, "queryFloorIso": "2026-05-17T15:34:47.423Z", "reason": "recovery-poll"}
 LOG  [notification-toast] Backfilled recent notifications {"count": 0, "queryFloorIso": "2026-05-17T15:34:53.453Z", "reason": "recovery-poll"}
 LOG  [notification-toast] Backfilled recent notifications {"count": 0, "queryFloorIso": "2026-05-17T15:34:59.484Z", "reason": "recovery-poll"}
 LOG  [notification-toast] Backfilled recent notifications {"count": 0, "queryFloorIso": "2026-05-17T15:35:05.515Z", "reason": "recovery-poll"}
 LOG  [notification-toast] Backfilled recent notifications {"count": 0, "queryFloorIso": "2026-05-17T15:35:11.545Z", "reason": "recovery-poll"}
 LOG  [notification-toast] Backfilled recent notifications {"count": 0, "queryFloorIso": "2026-05-17T15:35:17.576Z", "reason": "recovery-poll"}
 LOG  [notification-toast] Backfilled recent notifications {"count": 0, "queryFloorIso": "2026-05-17T15:35:23.606Z", "reason": "recovery-poll"}
 LOG  [notification-toast] Backfilled recent notifications {"count": 0, "queryFloorIso": "2026-05-17T15:35:29.636Z", "reason": "recovery-poll"}
 LOG  [notification-toast] Backfilled recent notifications {"count": 0, "queryFloorIso": "2026-05-17T15:35:35.666Z", "reason": "recovery-poll"}
 LOG  [notification-toast] Backfilled recent notifications {"count": 0, "queryFloorIso": "2026-05-17T15:35:41.698Z", "reason": "recovery-poll"}
 LOG  [notification-toast] Backfilled recent notifications {"count": 0, "queryFloorIso": "2026-05-17T15:35:47.728Z", "reason": "recovery-poll"}
 LOG  [notification-toast] Backfilled recent notifications {"count": 0, "queryFloorIso": "2026-05-17T15:35:53.758Z", "reason": "recovery-poll"}
 LOG  [notification-toast] Backfilled recent notifications {"count": 0, "queryFloorIso": "2026-05-17T15:35:59.789Z", "reason": "recovery-poll"}
 LOG  [notification-toast] Backfilled recent notifications {"count": 0, "queryFloorIso": "2026-05-17T15:36:05.820Z", "reason": "recovery-poll"}
 LOG  [notification-toast] Backfilled recent notifications {"count": 0, "queryFloorIso": "2026-05-17T15:36:11.850Z", "reason": "recovery-poll"}
 LOG  [notification-toast] Backfilled recent notifications {"count": 0, "queryFloorIso": "2026-05-17T15:36:17.880Z", "reason": "recovery-poll"}
 LOG  [notification-toast] Backfilled recent notifications {"count": 0, "queryFloorIso": "2026-05-17T15:36:23.911Z", "reason": "recovery-poll"}
 LOG  [notification-toast] Backfilled recent notifications {"count": 0, "queryFloorIso": "2026-05-17T15:36:29.941Z", "reason": "recovery-poll"}
 LOG  [notification-toast] Backfilled recent notifications {"count": 0, "queryFloorIso": "2026-05-17T15:36:35.972Z", "reason": "recovery-poll"}
 LOG  [notification-toast] Backfilled recent notifications {"count": 0, "queryFloorIso": "2026-05-17T15:36:42.003Z", "reason": "recovery-poll"}
 LOG  [notification-toast] Backfilled recent notifications {"count": 0, "queryFloorIso": "2026-05-17T15:36:48.032Z", "reason": "recovery-poll"}
 LOG  [notification-toast] Backfilled recent notifications {"count": 0, "queryFloorIso": "2026-05-17T15:36:54.063Z", "reason": "recovery-poll"}
 LOG  [notification-toast] Backfilled recent notifications {"count": 0, "queryFloorIso": "2026-05-17T15:37:00.094Z", "reason": "recovery-poll"}
Android .\index.js ░░░░░░░░░░░░░░░░  0.0% (0/1)
Android Bundled 149ms index.js (1 module)
 INFO  [radio] react-native-track-player unavailable; radio playback is disabled until you run a native dev build.
 WARN  SafeAreaView has been deprecated and will be removed in a future release. Please use 'react-native-safe-area-context' instead. See https://github.com/th3rdwave/react-native-safe-area-context
 WARN  [expo-av]: Expo AV has been deprecated and will be removed in SDK 54. Use the `expo-audio` and `expo-video` packages to replace the required functionality.
 INFO  [push] expo-notifications unavailable; native push registration is disabled until dependencies are installed and Metro is restarted.
 INFO  [LoadTime][Route] enter {"route": "/", "startedAt": "2026-05-17T15:37:33.670Z"}
Android .\index.js ░░░░░░░░░░░░░░░░  0.0% (0/1)
Android Bundled 115ms index.js (1 module)
 INFO  [radio] react-native-track-player unavailable; radio playback is disabled until you run a native dev build.
 WARN  SafeAreaView has been deprecated and will be removed in a future release. Please use 'react-native-safe-area-context' instead. See https://github.com/th3rdwave/react-native-safe-area-context
 WARN  [expo-av]: Expo AV has been deprecated and will be removed in SDK 54. Use the `expo-audio` and `expo-video` packages to replace the required functionality.
 INFO  [push] expo-notifications unavailable; native push registration is disabled until dependencies are installed and Metro is restarted.
 INFO  [LoadTime][Route] enter {"route": "/", "startedAt": "2026-05-17T15:39:47.391Z"}
 INFO  [LoadTime][Route] leave {"durationMs": 2497, "route": "/"}
 INFO  [LoadTime][Feed] mount {"details": {"hasMore": false, "tab": "for_you", "user": "guest"}, "startedAt": "2026-05-17T15:39:51.473Z"}
 INFO  [LoadTime][Route] enter {"route": "/(tabs)/feed", "startedAt": "2026-05-17T15:39:51.496Z"}
 LOG  [notification-toast] Notification toast channel status {"activeUserId": "d470cd49-2c84-431f-8c59-e1fedd275519", "reason": "initial", "status": "SUBSCRIBED"}
 INFO  [LoadTime][Feed] query-start {"query": "forYouFeed", "status": "pending"}
 LOG  [notification-toast] Backfilled recent notifications {"count": 0, "queryFloorIso": "2026-05-17T15:34:36.921Z", "reason": "subscribed:initial"}
 INFO  [LoadTime][Edge:manage-social-feed] complete {"action": "get_feed", "cursor": undefined, "durationMs": 1040, "hasUserId": true, "keys": ["action", "cursor", "feed_type", "limit", "personalize", "userId"], "limit": 12}
 INFO  [LoadTime][Feed] primary-page-parsed {"append": false, "feedTab": "for_you", "pages": 1, "posts": 2}
 INFO  [LoadTime][Feed] snapshot-ready {"aiCards": 0, "feedTab": "for_you", "hasMore": false, "posts": 2}
 INFO  [LoadTime][Feed] load-complete {"counts": {"aiCards": 0, "followingEntities": 0, "posts": 2}, "details": {"hasMore": false, "tab": "for_you", "user": "signed-in"}, "durationMs": 3061}
 INFO  [LoadTime][Feed] first-ready {"counts": {"aiCards": 0, "followingEntities": 0, "posts": 2}, "details": {"hasMore": false, "tab": "for_you", "user": "signed-in"}, "durationMs": 3064, "renderCount": 11}
 INFO  [LoadTime][Feed] query-complete {"durationMs": 1373, "error": undefined, "query": "forYouFeed", "status": "success", "updatedAt": "2026-05-17T15:39:53.672Z"}
 INFO  [LoadTime][FeedRadio] fetch-start {"details": {"includeItems": true}}
 INFO  [LoadTime][FeedRadio] edge-complete {"details": {"featuredOnly": true, "playableStations": 1, "stations": 1}, "durationMs": 802}
 INFO  [LoadTime][FeedRadio] fetch-complete {"details": {"playableStations": 1, "stations": 1}, "durationMs": 805}
 WARN  [GROQ_ROUTER] Request failed {"apiKeySignature": "len=56 prefix=gsk_zq suffix=j7J5Bx", "apiKeySource": "process.env.EXPO_PUBLIC_GROQ_API_KEY", "message": "Invalid API Key", "modelId": "llama-3.3-70b-versatile", "modelSource": "default.llama-3.3-70b-versatile", "status": 401}
 WARN  [GROQ_ROUTER] Request exception {"apiKeySignature": "len=56 prefix=gsk_zq suffix=j7J5Bx", "apiKeySource": "process.env.EXPO_PUBLIC_GROQ_API_KEY", "message": "Invalid API Key", "modelId": "llama-3.3-70b-versatile", "modelSource": "default.llama-3.3-70b-versatile"}
 LOG  [notification-toast] Backfilled recent notifications {"count": 0, "queryFloorIso": "2026-05-17T15:39:37.357Z", "reason": "recovery-poll"}
 LOG  [notification-toast] Backfilled recent notifications {"count": 0, "queryFloorIso": "2026-05-17T15:39:42.950Z", "reason": "recovery-poll"}
 LOG  [notification-toast] Backfilled recent notifications {"count": 0, "queryFloorIso": "2026-05-17T15:39:48.980Z", "reason": "recovery-poll"}
 LOG  [notification-toast] Backfilled recent notifications {"count": 0, "queryFloorIso": "2026-05-17T15:39:55.010Z", "reason": "recovery-poll"}
 LOG  [notification-toast] Disposed notification toast channel {"activeUserId": "d470cd49-2c84-431f-8c59-e1fedd275519", "reason": "app-state:background"}
 INFO  [LoadTime][Route] leave {"durationMs": 28787, "route": "/(tabs)/feed"}
 INFO  [LoadTime][Route] enter {"route": "/edit_production", "startedAt": "2026-05-17T15:40:20.285Z"}
 LOG  [notification-toast] Notification toast channel status {"activeUserId": "d470cd49-2c84-431f-8c59-e1fedd275519", "reason": "foreground", "status": "SUBSCRIBED"}
 LOG  [notification-toast] Backfilled recent notifications {"count": 0, "queryFloorIso": "2026-05-17T15:40:04.511Z", "reason": "foreground"}
 LOG  [notification-toast] Backfilled recent notifications {"count": 0, "queryFloorIso": "2026-05-17T15:40:05.297Z", "reason": "recovery-poll"}
 LOG  [notification-toast] Backfilled recent notifications {"count": 0, "queryFloorIso": "2026-05-17T15:40:11.320Z", "reason": "recovery-poll"}
 LOG  [notification-toast] Backfilled recent notifications {"count": 0, "queryFloorIso": "2026-05-17T15:40:17.349Z", "reason": "recovery-poll"}
 LOG  [notification-toast] Backfilled recent notifications {"count": 0, "queryFloorIso": "2026-05-17T15:40:23.380Z", "reason": "recovery-poll"}
 LOG  [notification-toast] Backfilled recent notifications {"count": 0, "queryFloorIso": "2026-05-17T15:40:29.410Z", "reason": "recovery-poll"}
 LOG  [notification-toast] Backfilled recent notifications {"count": 0, "queryFloorIso": "2026-05-17T15:40:35.440Z", "reason": "recovery-poll"}
 LOG  [notification-toast] Backfilled recent notifications {"count": 0, "queryFloorIso": "2026-05-17T15:40:41.472Z", "reason": "recovery-poll"}
 LOG  [notification-toast] Backfilled recent notifications {"count": 0, "queryFloorIso": "2026-05-17T15:40:47.502Z", "reason": "recovery-poll"}
 LOG  [notification-toast] Backfilled recent notifications {"count": 0, "queryFloorIso": "2026-05-17T15:40:53.533Z", "reason": "recovery-poll"}
 LOG  [notification-toast] Backfilled recent notifications {"count": 0, "queryFloorIso": "2026-05-17T15:40:59.563Z", "reason": "recovery-poll"}
 LOG  [notification-toast] Backfilled recent notifications {"count": 0, "queryFloorIso": "2026-05-17T15:41:05.593Z", "reason": "recovery-poll"}
 LOG  [notification-toast] Backfilled recent notifications {"count": 0, "queryFloorIso": "2026-05-17T15:41:11.623Z", "reason": "recovery-poll"}
 LOG  [notification-toast] Backfilled recent notifications {"count": 0, "queryFloorIso": "2026-05-17T15:41:17.653Z", "reason": "recovery-poll"}
 LOG  [notification-toast] Backfilled recent notifications {"count": 0, "queryFloorIso": "2026-05-17T15:41:23.684Z", "reason": "recovery-poll"}
 LOG  [notification-toast] Backfilled recent notifications {"count": 0, "queryFloorIso": "2026-05-17T15:41:29.715Z", "reason": "recovery-poll"}
 LOG  [notification-toast] Backfilled recent notifications {"count": 0, "queryFloorIso": "2026-05-17T15:41:35.747Z", "reason": "recovery-poll"}
 LOG  [notification-toast] Backfilled recent notifications {"count": 0, "queryFloorIso": "2026-05-17T15:41:41.776Z", "reason": "recovery-poll"}
 LOG  [notification-toast] Backfilled recent notifications {"count": 0, "queryFloorIso": "2026-05-17T15:41:47.807Z", "reason": "recovery-poll"}
 LOG  [notification-toast] Backfilled recent notifications {"count": 0, "queryFloorIso": "2026-05-17T15:41:53.837Z", "reason": "recovery-poll"}
 LOG  [notification-toast] Backfilled recent notifications {"count": 0, "queryFloorIso": "2026-05-17T15:41:59.868Z", "reason": "recovery-poll"}
 LOG  [notification-toast] Backfilled recent notifications {"count": 0, "queryFloorIso": "2026-05-17T15:42:05.898Z", "reason": "recovery-poll"}
 LOG  [notification-toast] Backfilled recent notifications {"count": 0, "queryFloorIso": "2026-05-17T15:42:11.928Z", "reason": "recovery-poll"}
 LOG  [notification-toast] Backfilled recent notifications {"count": 0, "queryFloorIso": "2026-05-17T15:42:17.960Z", "reason": "recovery-poll"}
 INFO  [LoadTime][Route] leave {"durationMs": 143510, "route": "/edit_production"}
 INFO  [LoadTime][Route] enter {"route": "/production_team", "startedAt": "2026-05-17T15:42:43.803Z"}
 LOG  [notification-toast] Backfilled recent notifications {"count": 0, "queryFloorIso": "2026-05-17T15:42:23.990Z", "reason": "recovery-poll"}
 LOG  [notification-toast] Backfilled recent notifications {"count": 0, "queryFloorIso": "2026-05-17T15:42:30.051Z", "reason": "recovery-poll"}
 LOG  [notification-toast] Backfilled recent notifications {"count": 0, "queryFloorIso": "2026-05-17T15:42:36.051Z", "reason": "recovery-poll"}
 LOG  [notification-toast] Backfilled recent notifications {"count": 0, "queryFloorIso": "2026-05-17T15:42:42.081Z", "reason": "recovery-poll"}
 LOG  [notification-toast] Backfilled recent notifications {"count": 0, "queryFloorIso": "2026-05-17T15:42:48.112Z", "reason": "recovery-poll"}
 LOG  [notification-toast] Backfilled recent notifications {"count": 0, "queryFloorIso": "2026-05-17T15:42:54.125Z", "reason": "recovery-poll"}
 LOG  [notification-toast] Backfilled recent notifications {"count": 0, "queryFloorIso": "2026-05-17T15:43:00.155Z", "reason": "recovery-poll"}
 LOG  [notification-toast] Backfilled recent notifications {"count": 0, "queryFloorIso": "2026-05-17T15:43:06.186Z", "reason": "recovery-poll"}
 LOG  [notification-toast] Backfilled recent notifications {"count": 0, "queryFloorIso": "2026-05-17T15:43:12.216Z", "reason": "recovery-poll"}
 LOG  [notification-toast] Backfilled recent notifications {"count": 0, "queryFloorIso": "2026-05-17T15:43:18.248Z", "reason": "recovery-poll"}
 LOG  [notification-toast] Backfilled recent notifications {"count": 0, "queryFloorIso": "2026-05-17T15:43:24.278Z", "reason": "recovery-poll"}
 LOG  [notification-toast] Backfilled recent notifications {"count": 0, "queryFloorIso": "2026-05-17T15:43:30.308Z", "reason": "recovery-poll"}
 LOG  [notification-toast] Backfilled recent notifications {"count": 0, "queryFloorIso": "2026-05-17T15:43:36.338Z", "reason": "recovery-poll"}
 LOG  [notification-toast] Backfilled recent notifications {"count": 0, "queryFloorIso": "2026-05-17T15:43:42.369Z", "reason": "recovery-poll"}
Android .\index.js ░░░░░░░░░░░░░░░░  0.0% (0/1)
Android Bundled 223ms index.js (1 module)
 INFO  [radio] react-native-track-player unavailable; radio playback is disabled until you run a native dev build.
 WARN  SafeAreaView has been deprecated and will be removed in a future release. Please use 'react-native-safe-area-context' instead. See https://github.com/th3rdwave/react-native-safe-area-context
 WARN  [expo-av]: Expo AV has been deprecated and will be removed in SDK 54. Use the `expo-audio` and `expo-video` packages to replace the required functionality.
 INFO  [push] expo-notifications unavailable; native push registration is disabled until dependencies are installed and Metro is restarted.
 INFO  [LoadTime][Route] enter {"route": "/", "startedAt": "2026-05-17T15:44:16.309Z"}
Android .\index.js ░░░░░░░░░░░░░░░░  0.0% (0/1)
Android Bundled 347ms index.js (1 module)
 INFO  [radio] react-native-track-player unavailable; radio playback is disabled until you run a native dev build.
 WARN  SafeAreaView has been deprecated and will be removed in a future release. Please use 'react-native-safe-area-context' instead. See https://github.com/th3rdwave/react-native-safe-area-context
 WARN  [expo-av]: Expo AV has been deprecated and will be removed in SDK 54. Use the `expo-audio` and `expo-video` packages to replace the required functionality.
 INFO  [push] expo-notifications unavailable; native push registration is disabled until dependencies are installed and Metro is restarted.
 INFO  [LoadTime][Route] enter {"route": "/", "startedAt": "2026-05-17T15:46:30.495Z"}
 INFO  [LoadTime][Route] leave {"durationMs": 2428, "route": "/"}
 INFO  [LoadTime][Feed] mount {"details": {"hasMore": false, "tab": "for_you", "user": "guest"}, "startedAt": "2026-05-17T15:46:34.547Z"}
 INFO  [LoadTime][Route] enter {"route": "/(tabs)/feed", "startedAt": "2026-05-17T15:46:34.570Z"}
 LOG  [notification-toast] Notification toast channel status {"activeUserId": "0a8a4747-966a-477c-83d6-c9869ec4d2e3", "reason": "initial", "status": "SUBSCRIBED"}
 INFO  [LoadTime][Feed] query-start {"query": "forYouFeed", "status": "pending"}
 LOG  [notification-toast] Backfilled recent notifications {"count": 0, "queryFloorIso": "2026-05-17T15:41:19.974Z", "reason": "subscribed:initial"}
 INFO  [LoadTime][Edge:manage-social-feed] complete {"action": "get_feed", "cursor": undefined, "durationMs": 1277, "hasUserId": true, "keys": ["action", "cursor", "feed_type", "limit", "personalize", "userId"], "limit": 12}
 INFO  [LoadTime][Feed] primary-page-parsed {"append": false, "feedTab": "for_you", "pages": 1, "posts": 2}
 INFO  [LoadTime][Feed] snapshot-ready {"aiCards": 0, "feedTab": "for_you", "hasMore": false, "posts": 2}
 INFO  [LoadTime][Feed] load-complete {"counts": {"aiCards": 0, "followingEntities": 0, "posts": 2}, "details": {"hasMore": false, "tab": "for_you", "user": "signed-in"}, "durationMs": 3997}
 INFO  [LoadTime][Feed] first-ready {"counts": {"aiCards": 0, "followingEntities": 0, "posts": 2}, "details": {"hasMore": false, "tab": "for_you", "user": "signed-in"}, "durationMs": 3999, "renderCount": 10}
 INFO  [LoadTime][Feed] query-complete {"durationMs": 1564, "error": undefined, "query": "forYouFeed", "status": "success", "updatedAt": "2026-05-17T15:46:37.713Z"}
 INFO  [LoadTime][FeedRadio] fetch-start {"details": {"includeItems": true}}
 INFO  [LoadTime][FeedRadio] edge-complete {"details": {"featuredOnly": true, "playableStations": 1, "stations": 1}, "durationMs": 792}
 INFO  [LoadTime][FeedRadio] fetch-complete {"details": {"playableStations": 1, "stations": 1}, "durationMs": 795}
 WARN  [GROQ_ROUTER] Request failed {"apiKeySignature": "len=56 prefix=gsk_zq suffix=j7J5Bx", "apiKeySource": "process.env.EXPO_PUBLIC_GROQ_API_KEY", "message": "Invalid API Key", "modelId": "llama-3.3-70b-versatile", "modelSource": "default.llama-3.3-70b-versatile", "status": 401}
 WARN  [GROQ_ROUTER] Request exception {"apiKeySignature": "len=56 prefix=gsk_zq suffix=j7J5Bx", "apiKeySource": "process.env.EXPO_PUBLIC_GROQ_API_KEY", "message": "Invalid API Key", "modelId": "llama-3.3-70b-versatile", "modelSource": "default.llama-3.3-70b-versatile"}
 LOG  [notification-toast] Backfilled recent notifications {"count": 0, "queryFloorIso": "2026-05-17T15:46:20.382Z", "reason": "recovery-poll"}
 LOG  [notification-toast] Backfilled recent notifications {"count": 0, "queryFloorIso": "2026-05-17T15:46:26.358Z", "reason": "recovery-poll"}
 LOG  [notification-toast] Backfilled recent notifications {"count": 0, "queryFloorIso": "2026-05-17T15:46:32.388Z", "reason": "recovery-poll"}
 LOG  [notification-toast] Backfilled recent notifications {"count": 0, "queryFloorIso": "2026-05-17T15:46:38.419Z", "reason": "recovery-poll"}
 LOG  [notification-toast] Disposed notification toast channel {"activeUserId": "0a8a4747-966a-477c-83d6-c9869ec4d2e3", "reason": "app-state:background"}
 INFO  [LoadTime][Route] leave {"durationMs": 29947, "route": "/(tabs)/feed"}
 INFO  [LoadTime][Route] enter {"route": "/edit_production", "startedAt": "2026-05-17T15:47:04.519Z"}
 LOG  [notification-toast] Notification toast channel status {"activeUserId": "0a8a4747-966a-477c-83d6-c9869ec4d2e3", "reason": "foreground", "status": "SUBSCRIBED"}
 LOG  [notification-toast] Backfilled recent notifications {"count": 0, "queryFloorIso": "2026-05-17T15:46:48.769Z", "reason": "foreground"}
 LOG  [notification-toast] Backfilled recent notifications {"count": 0, "queryFloorIso": "2026-05-17T15:46:49.531Z", "reason": "recovery-poll"}
 LOG  [notification-toast] Backfilled recent notifications {"count": 0, "queryFloorIso": "2026-05-17T15:46:55.560Z", "reason": "recovery-poll"}
 LOG  [notification-toast] Backfilled recent notifications {"count": 0, "queryFloorIso": "2026-05-17T15:47:01.635Z", "reason": "recovery-poll"}
 LOG  [notification-toast] Backfilled recent notifications {"count": 0, "queryFloorIso": "2026-05-17T15:47:07.621Z", "reason": "recovery-poll"}
 LOG  [notification-toast] Backfilled recent notifications {"count": 0, "queryFloorIso": "2026-05-17T15:47:13.652Z", "reason": "recovery-poll"}
 LOG  [notification-toast] Backfilled recent notifications {"count": 0, "queryFloorIso": "2026-05-17T15:47:19.682Z", "reason": "recovery-poll"}
 LOG  [notification-toast] Backfilled recent notifications {"count": 0, "queryFloorIso": "2026-05-17T15:47:25.713Z", "reason": "recovery-poll"}
 LOG  [notification-toast] Backfilled recent notifications {"count": 0, "queryFloorIso": "2026-05-17T15:47:31.743Z", "reason": "recovery-poll"}
 LOG  [notification-toast] Backfilled recent notifications {"count": 0, "queryFloorIso": "2026-05-17T15:47:37.774Z", "reason": "recovery-poll"}
 LOG  [notification-toast] Backfilled recent notifications {"count": 0, "queryFloorIso": "2026-05-17T15:47:43.804Z", "reason": "recovery-poll"}
 LOG  [notification-toast] Backfilled recent notifications {"count": 0, "queryFloorIso": "2026-05-17T15:47:49.835Z", "reason": "recovery-poll"}
 LOG  [notification-toast] Backfilled recent notifications {"count": 0, "queryFloorIso": "2026-05-17T15:47:55.864Z", "reason": "recovery-poll"}
 LOG  [notification-toast] Backfilled recent notifications {"count": 0, "queryFloorIso": "2026-05-17T15:48:01.895Z", "reason": "recovery-poll"}
 LOG  [notification-toast] Backfilled recent notifications {"count": 0, "queryFloorIso": "2026-05-17T15:48:07.927Z", "reason": "recovery-poll"}
 LOG  [notification-toast] Backfilled recent notifications {"count": 0, "queryFloorIso": "2026-05-17T15:48:13.956Z", "reason": "recovery-poll"}
 LOG  [notification-toast] Backfilled recent notifications {"count": 0, "queryFloorIso": "2026-05-17T15:48:19.987Z", "reason": "recovery-poll"}
 LOG  [notification-toast] Backfilled recent notifications {"count": 0, "queryFloorIso": "2026-05-17T15:48:26.018Z", "reason": "recovery-poll"}
 LOG  [notification-toast] Backfilled recent notifications {"count": 0, "queryFloorIso": "2026-05-17T15:48:32.095Z", "reason": "recovery-poll"}
 LOG  [notification-toast] Backfilled recent notifications {"count": 0, "queryFloorIso": "2026-05-17T15:48:38.078Z", "reason": "recovery-poll"}
 LOG  [notification-toast] Backfilled recent notifications {"count": 0, "queryFloorIso": "2026-05-17T15:48:44.109Z", "reason": "recovery-poll"}
 LOG  [notification-toast] Backfilled recent notifications {"count": 0, "queryFloorIso": "2026-05-17T15:48:50.140Z", "reason": "recovery-poll"}
 LOG  [notification-toast] Backfilled recent notifications {"count": 0, "queryFloorIso": "2026-05-17T15:48:56.170Z", "reason": "recovery-poll"}
 LOG  [notification-toast] Backfilled recent notifications {"count": 0, "queryFloorIso": "2026-05-17T15:49:02.201Z", "reason": "recovery-poll"}
 INFO  [LoadTime][Route] leave {"durationMs": 143927, "route": "/edit_production"}
 INFO  [LoadTime][Route] enter {"route": "/production_team", "startedAt": "2026-05-17T15:49:28.455Z"}
 LOG  [notification-toast] Backfilled recent notifications {"count": 0, "queryFloorIso": "2026-05-17T15:49:08.231Z", "reason": "recovery-poll"}
 LOG  [notification-toast] Backfilled recent notifications {"count": 0, "queryFloorIso": "2026-05-17T15:49:14.261Z", "reason": "recovery-poll"}
 LOG  [notification-toast] Backfilled recent notifications {"count": 0, "queryFloorIso": "2026-05-17T15:49:20.292Z", "reason": "recovery-poll"}
 LOG  [notification-toast] Backfilled recent notifications {"count": 0, "queryFloorIso": "2026-05-17T15:49:26.322Z", "reason": "recovery-poll"}
 LOG  [notification-toast] Backfilled recent notifications {"count": 0, "queryFloorIso": "2026-05-17T15:49:32.353Z", "reason": "recovery-poll"}
 LOG  [notification-toast] Backfilled recent notifications {"count": 0, "queryFloorIso": "2026-05-17T15:49:38.383Z", "reason": "recovery-poll"}
Android .\index.js ░░░░░░░░░░░░░░░░  0.0% (0/1)
Android Bundled 184ms index.js (1 module)
 INFO  [radio] react-native-track-player unavailable; radio playback is disabled until you run a native dev build.
 WARN  SafeAreaView has been deprecated and will be removed in a future release. Please use 'react-native-safe-area-context' instead. See https://github.com/th3rdwave/react-native-safe-area-context
 WARN  [expo-av]: Expo AV has been deprecated and will be removed in SDK 54. Use the `expo-audio` and `expo-video` packages to replace the required functionality.
 INFO  [push] expo-notifications unavailable; native push registration is disabled until dependencies are installed and Metro is restarted.
 INFO  [LoadTime][Route] enter {"route": "/", "startedAt": "2026-05-17T15:50:08.307Z"}
Android .\index.js ░░░░░░░░░░░░░░░░  0.0% (0/1)
Android Bundled 166ms index.js (1 module)
 INFO  [radio] react-native-track-player unavailable; radio playback is disabled until you run a native dev build.
 WARN  SafeAreaView has been deprecated and will be removed in a future release. Please use 'react-native-safe-area-context' instead. See https://github.com/th3rdwave/react-native-safe-area-context
 WARN  [expo-av]: Expo AV has been deprecated and will be removed in SDK 54. Use the `expo-audio` and `expo-video` packages to replace the required functionality.
 INFO  [push] expo-notifications unavailable; native push registration is disabled until dependencies are installed and Metro is restarted.
 INFO  [LoadTime][Route] enter {"route": "/", "startedAt": "2026-05-17T15:52:22.302Z"}
 INFO  [LoadTime][Route] leave {"durationMs": 2408, "route": "/"}
 INFO  [LoadTime][Feed] mount {"details": {"hasMore": false, "tab": "for_you", "user": "guest"}, "startedAt": "2026-05-17T15:52:26.197Z"}
 INFO  [LoadTime][Route] enter {"route": "/(tabs)/feed", "startedAt": "2026-05-17T15:52:26.220Z"}
 LOG  [notification-toast] Notification toast channel status {"activeUserId": "fe5e0d7e-0138-4313-ba00-f784b84dc6a7", "reason": "initial", "status": "SUBSCRIBED"}
 INFO  [LoadTime][Feed] query-start {"query": "forYouFeed", "status": "pending"}
 LOG  [notification-toast] Backfilled recent notifications {"count": 0, "queryFloorIso": "2026-05-17T15:47:11.652Z", "reason": "subscribed:initial"}
 INFO  [LoadTime][Edge:manage-social-feed] complete {"action": "get_feed", "cursor": undefined, "durationMs": 1119, "hasUserId": true, "keys": ["action", "cursor", "feed_type", "limit", "personalize", "userId"], "limit": 12}
 INFO  [LoadTime][Feed] primary-page-parsed {"append": false, "feedTab": "for_you", "pages": 1, "posts": 2}
 INFO  [LoadTime][Feed] snapshot-ready {"aiCards": 0, "feedTab": "for_you", "hasMore": false, "posts": 2}
 INFO  [LoadTime][Feed] load-complete {"counts": {"aiCards": 0, "followingEntities": 0, "posts": 2}, "details": {"hasMore": false, "tab": "for_you", "user": "signed-in"}, "durationMs": 3306}
 INFO  [LoadTime][Feed] first-ready {"counts": {"aiCards": 0, "followingEntities": 0, "posts": 2}, "details": {"hasMore": false, "tab": "for_you", "user": "signed-in"}, "durationMs": 3308, "renderCount": 10}
 INFO  [LoadTime][Feed] query-complete {"durationMs": 1533, "error": undefined, "query": "forYouFeed", "status": "success", "updatedAt": "2026-05-17T15:52:28.549Z"}
 INFO  [LoadTime][FeedRadio] fetch-start {"details": {"includeItems": true}}
 INFO  [LoadTime][FeedRadio] edge-complete {"details": {"featuredOnly": true, "playableStations": 1, "stations": 1}, "durationMs": 744}
 INFO  [LoadTime][FeedRadio] fetch-complete {"details": {"playableStations": 1, "stations": 1}, "durationMs": 748}
 WARN  [GROQ_ROUTER] Request failed {"apiKeySignature": "len=56 prefix=gsk_zq suffix=j7J5Bx", "apiKeySource": "process.env.EXPO_PUBLIC_GROQ_API_KEY", "message": "Invalid API Key", "modelId": "llama-3.3-70b-versatile", "modelSource": "default.llama-3.3-70b-versatile", "status": 401}
 WARN  [GROQ_ROUTER] Request exception {"apiKeySignature": "len=56 prefix=gsk_zq suffix=j7J5Bx", "apiKeySource": "process.env.EXPO_PUBLIC_GROQ_API_KEY", "message": "Invalid API Key", "modelId": "llama-3.3-70b-versatile", "modelSource": "default.llama-3.3-70b-versatile"}
 LOG  [notification-toast] Backfilled recent notifications {"count": 0, "queryFloorIso": "2026-05-17T15:52:12.406Z", "reason": "recovery-poll"}
 LOG  [notification-toast] Backfilled recent notifications {"count": 0, "queryFloorIso": "2026-05-17T15:52:17.675Z", "reason": "recovery-poll"}
 LOG  [notification-toast] Backfilled recent notifications {"count": 0, "queryFloorIso": "2026-05-17T15:52:23.705Z", "reason": "recovery-poll"}
 LOG  [notification-toast] Backfilled recent notifications {"count": 0, "queryFloorIso": "2026-05-17T15:52:29.735Z", "reason": "recovery-poll"}
 LOG  [notification-toast] Disposed notification toast channel {"activeUserId": "fe5e0d7e-0138-4313-ba00-f784b84dc6a7", "reason": "app-state:background"}
 INFO  [LoadTime][Route] leave {"durationMs": 28795, "route": "/(tabs)/feed"}
 INFO  [LoadTime][Route] enter {"route": "/add_studio", "startedAt": "2026-05-17T15:52:55.016Z"}
 LOG  [notification-toast] Notification toast channel status {"activeUserId": "fe5e0d7e-0138-4313-ba00-f784b84dc6a7", "reason": "foreground", "status": "SUBSCRIBED"}
 LOG  [notification-toast] Backfilled recent notifications {"count": 0, "queryFloorIso": "2026-05-17T15:52:39.283Z", "reason": "foreground"}
 LOG  [notification-toast] Backfilled recent notifications {"count": 0, "queryFloorIso": "2026-05-17T15:52:40.026Z", "reason": "recovery-poll"}
 LOG  [notification-toast] Backfilled recent notifications {"count": 0, "queryFloorIso": "2026-05-17T15:52:46.044Z", "reason": "recovery-poll"}
 LOG  [notification-toast] Backfilled recent notifications {"count": 0, "queryFloorIso": "2026-05-17T15:52:52.074Z", "reason": "recovery-poll"}
 LOG  [notification-toast] Backfilled recent notifications {"count": 0, "queryFloorIso": "2026-05-17T15:52:58.105Z", "reason": "recovery-poll"}
 LOG  [notification-toast] Backfilled recent notifications {"count": 0, "queryFloorIso": "2026-05-17T15:53:04.136Z", "reason": "recovery-poll"}
 LOG  [notification-toast] Backfilled recent notifications {"count": 0, "queryFloorIso": "2026-05-17T15:53:10.167Z", "reason": "recovery-poll"}
 LOG  [notification-toast] Backfilled recent notifications {"count": 0, "queryFloorIso": "2026-05-17T15:53:16.197Z", "reason": "recovery-poll"}
 LOG  [notification-toast] Backfilled recent notifications {"count": 0, "queryFloorIso": "2026-05-17T15:53:22.227Z", "reason": "recovery-poll"}
 LOG  [notification-toast] Backfilled recent notifications {"count": 0, "queryFloorIso": "2026-05-17T15:53:28.294Z", "reason": "recovery-poll"}
 LOG  [notification-toast] Backfilled recent notifications {"count": 0, "queryFloorIso": "2026-05-17T15:53:34.288Z", "reason": "recovery-poll"}
 LOG  [notification-toast] Backfilled recent notifications {"count": 0, "queryFloorIso": "2026-05-17T15:53:40.318Z", "reason": "recovery-poll"}
 LOG  [notification-toast] Backfilled recent notifications {"count": 0, "queryFloorIso": "2026-05-17T15:53:46.349Z", "reason": "recovery-poll"}
 LOG  [notification-toast] Backfilled recent notifications {"count": 0, "queryFloorIso": "2026-05-17T15:53:52.379Z", "reason": "recovery-poll"}
 LOG  [notification-toast] Backfilled recent notifications {"count": 0, "queryFloorIso": "2026-05-17T15:53:58.404Z", "reason": "recovery-poll"}
 LOG  [notification-toast] Backfilled recent notifications {"count": 0, "queryFloorIso": "2026-05-17T15:54:04.449Z", "reason": "recovery-poll"}
 LOG  [notification-toast] Backfilled recent notifications {"count": 0, "queryFloorIso": "2026-05-17T15:54:10.470Z", "reason": "recovery-poll"}
 LOG  [notification-toast] Backfilled recent notifications {"count": 0, "queryFloorIso": "2026-05-17T15:54:16.501Z", "reason": "recovery-poll"}
 LOG  [notification-toast] Backfilled recent notifications {"count": 0, "queryFloorIso": "2026-05-17T15:54:22.532Z", "reason": "recovery-poll"}
 LOG  [notification-toast] Backfilled recent notifications {"count": 0, "queryFloorIso": "2026-05-17T15:54:28.562Z", "reason": "recovery-poll"}
 LOG  [notification-toast] Backfilled recent notifications {"count": 0, "queryFloorIso": "2026-05-17T15:54:34.593Z", "reason": "recovery-poll"}
 LOG  [notification-toast] Backfilled recent notifications {"count": 0, "queryFloorIso": "2026-05-17T15:54:40.623Z", "reason": "recovery-poll"}
 LOG  [notification-toast] Backfilled recent notifications {"count": 0, "queryFloorIso": "2026-05-17T15:54:46.655Z", "reason": "recovery-poll"}
 LOG  [notification-toast] Backfilled recent notifications {"count": 0, "queryFloorIso": "2026-05-17T15:54:52.684Z", "reason": "recovery-poll"}
 LOG  [notification-toast] Backfilled recent notifications {"count": 0, "queryFloorIso": "2026-05-17T15:54:58.715Z", "reason": "recovery-poll"}
 LOG  [notification-toast] Backfilled recent notifications {"count": 0, "queryFloorIso": "2026-05-17T15:55:04.745Z", "reason": "recovery-poll"}
 LOG  [notification-toast] Backfilled recent notifications {"count": 0, "queryFloorIso": "2026-05-17T15:55:10.776Z", "reason": "recovery-poll"}
 LOG  [notification-toast] Backfilled recent notifications {"count": 0, "queryFloorIso": "2026-05-17T15:55:16.806Z", "reason": "recovery-poll"}
 LOG  [notification-toast] Backfilled recent notifications {"count": 0, "queryFloorIso": "2026-05-17T15:55:22.836Z", "reason": "recovery-poll"}
 LOG  [notification-toast] Backfilled recent notifications {"count": 0, "queryFloorIso": "2026-05-17T15:55:28.867Z", "reason": "recovery-poll"}
 LOG  [notification-toast] Backfilled recent notifications {"count": 0, "queryFloorIso": "2026-05-17T15:55:34.898Z", "reason": "recovery-poll"}
 LOG  [notification-toast] Backfilled recent notifications {"count": 0, "queryFloorIso": "2026-05-17T15:55:40.928Z", "reason": "recovery-poll"}
 LOG  [notification-toast] Backfilled recent notifications {"count": 0, "queryFloorIso": "2026-05-17T15:55:46.959Z", "reason": "recovery-poll"}
 LOG  [notification-toast] Backfilled recent notifications {"count": 0, "queryFloorIso": "2026-05-17T15:55:52.989Z", "reason": "recovery-poll"}
 LOG  [notification-toast] Backfilled recent notifications {"count": 0, "queryFloorIso": "2026-05-17T15:55:59.020Z", "reason": "recovery-poll"}
 LOG  [notification-toast] Backfilled recent notifications {"count": 0, "queryFloorIso": "2026-05-17T15:56:05.050Z", "reason": "recovery-poll"}
 LOG  [notification-toast] Backfilled recent notifications {"count": 0, "queryFloorIso": "2026-05-17T15:56:11.080Z", "reason": "recovery-poll"}
 LOG  [notification-toast] Backfilled recent notifications {"count": 0, "queryFloorIso": "2026-05-17T15:56:17.110Z", "reason": "recovery-poll"}
 LOG  [notification-toast] Backfilled recent notifications {"count": 0, "queryFloorIso": "2026-05-17T15:56:23.141Z", "reason": "recovery-poll"}
 LOG  [notification-toast] Backfilled recent notifications {"count": 0, "queryFloorIso": "2026-05-17T15:56:29.171Z", "reason": "recovery-poll"}
 LOG  [notification-toast] Backfilled recent notifications {"count": 0, "queryFloorIso": "2026-05-17T15:56:35.201Z", "reason": "recovery-poll"}
Android .\index.js ░░░░░░░░░░░░░░░░  0.0% (0/1)
Android Bundled 263ms index.js (1 module)
 INFO  [radio] react-native-track-player unavailable; radio playback is disabled until you run a native dev build.
 WARN  SafeAreaView has been deprecated and will be removed in a future release. Please use 'react-native-safe-area-context' instead. See https://github.com/th3rdwave/react-native-safe-area-context
 WARN  [expo-av]: Expo AV has been deprecated and will be removed in SDK 54. Use the `expo-audio` and `expo-video` packages to replace the required functionality.
 INFO  [push] expo-notifications unavailable; native push registration is disabled until dependencies are installed and Metro is restarted.
 INFO  [LoadTime][Route] enter {"route": "/", "startedAt": "2026-05-17T15:57:04.943Z"}
Android .\index.js ░░░░░░░░░░░░░░░░  0.0% (0/1)
Android Bundled 161ms index.js (1 module)
 INFO  [radio] react-native-track-player unavailable; radio playback is disabled until you run a native dev build.
 WARN  SafeAreaView has been deprecated and will be removed in a future release. Please use 'react-native-safe-area-context' instead. See https://github.com/th3rdwave/react-native-safe-area-context
 WARN  [expo-av]: Expo AV has been deprecated and will be removed in SDK 54. Use the `expo-audio` and `expo-video` packages to replace the required functionality.
 INFO  [push] expo-notifications unavailable; native push registration is disabled until dependencies are installed and Metro is restarted.
 INFO  [LoadTime][Route] enter {"route": "/", "startedAt": "2026-05-17T15:59:19.481Z"}
 INFO  [LoadTime][Route] leave {"durationMs": 2570, "route": "/"}
 INFO  [LoadTime][Feed] mount {"details": {"hasMore": false, "tab": "for_you", "user": "guest"}, "startedAt": "2026-05-17T15:59:23.583Z"}
 INFO  [LoadTime][Route] enter {"route": "/(tabs)/feed", "startedAt": "2026-05-17T15:59:23.607Z"}
 LOG  [notification-toast] Notification toast channel status {"activeUserId": "69e46079-fe78-494c-b86a-da84eaf4a901", "reason": "initial", "status": "SUBSCRIBED"}
 INFO  [LoadTime][Feed] query-start {"query": "forYouFeed", "status": "pending"}
 LOG  [notification-toast] Backfilled recent notifications {"count": 0, "queryFloorIso": "2026-05-17T15:54:09.015Z", "reason": "subscribed:initial"}
 INFO  [LoadTime][Edge:manage-social-feed] complete {"action": "get_feed", "cursor": undefined, "durationMs": 1035, "hasUserId": true, "keys": ["action", "cursor", "feed_type", "limit", "personalize", "userId"], "limit": 12}
 INFO  [LoadTime][Feed] primary-page-parsed {"append": false, "feedTab": "for_you", "pages": 1, "posts": 2}
 INFO  [LoadTime][Feed] snapshot-ready {"aiCards": 0, "feedTab": "for_you", "hasMore": false, "posts": 2}
 INFO  [LoadTime][Feed] load-complete {"counts": {"aiCards": 0, "followingEntities": 0, "posts": 2}, "details": {"hasMore": false, "tab": "for_you", "user": "signed-in"}, "durationMs": 3137}
 INFO  [LoadTime][Feed] first-ready {"counts": {"aiCards": 0, "followingEntities": 0, "posts": 2}, "details": {"hasMore": false, "tab": "for_you", "user": "signed-in"}, "durationMs": 3139, "renderCount": 11}
 INFO  [LoadTime][Feed] query-complete {"durationMs": 1522, "error": undefined, "query": "forYouFeed", "status": "success", "updatedAt": "2026-05-17T15:59:25.707Z"}
 INFO  [LoadTime][FeedRadio] fetch-start {"details": {"includeItems": true}}
 INFO  [LoadTime][FeedRadio] edge-complete {"details": {"featuredOnly": true, "playableStations": 1, "stations": 1}, "durationMs": 784}
 INFO  [LoadTime][FeedRadio] fetch-complete {"details": {"playableStations": 1, "stations": 1}, "durationMs": 788}
 WARN  [GROQ_ROUTER] Request failed {"apiKeySignature": "len=56 prefix=gsk_zq suffix=j7J5Bx", "apiKeySource": "process.env.EXPO_PUBLIC_GROQ_API_KEY", "message": "Invalid API Key", "modelId": "llama-3.3-70b-versatile", "modelSource": "default.llama-3.3-70b-versatile", "status": 401}
 WARN  [GROQ_ROUTER] Request exception {"apiKeySignature": "len=56 prefix=gsk_zq suffix=j7J5Bx", "apiKeySource": "process.env.EXPO_PUBLIC_GROQ_API_KEY", "message": "Invalid API Key", "modelId": "llama-3.3-70b-versatile", "modelSource": "default.llama-3.3-70b-versatile"}
 LOG  [notification-toast] Backfilled recent notifications {"count": 0, "queryFloorIso": "2026-05-17T15:59:09.417Z", "reason": "recovery-poll"}
 LOG  [notification-toast] Backfilled recent notifications {"count": 0, "queryFloorIso": "2026-05-17T15:59:15.043Z", "reason": "recovery-poll"}
 LOG  [notification-toast] Backfilled recent notifications {"count": 0, "queryFloorIso": "2026-05-17T15:59:21.073Z", "reason": "recovery-poll"}
 LOG  [notification-toast] Backfilled recent notifications {"count": 0, "queryFloorIso": "2026-05-17T15:59:27.104Z", "reason": "recovery-poll"}
 LOG  [notification-toast] Disposed notification toast channel {"activeUserId": "69e46079-fe78-494c-b86a-da84eaf4a901", "reason": "app-state:background"}
 INFO  [LoadTime][Route] leave {"durationMs": 28207, "route": "/(tabs)/feed"}
 INFO  [LoadTime][Route] enter {"route": "/add_studio", "startedAt": "2026-05-17T15:59:51.815Z"}
 LOG  [notification-toast] Notification toast channel status {"activeUserId": "69e46079-fe78-494c-b86a-da84eaf4a901", "reason": "foreground", "status": "SUBSCRIBED"}
 LOG  [notification-toast] Backfilled recent notifications {"count": 0, "queryFloorIso": "2026-05-17T15:59:36.086Z", "reason": "recovery-poll"}
 LOG  [notification-toast] Backfilled recent notifications {"count": 0, "queryFloorIso": "2026-05-17T15:59:39.831Z", "reason": "recovery-poll"}
 LOG  [notification-toast] Backfilled recent notifications {"count": 0, "queryFloorIso": "2026-05-17T15:59:45.861Z", "reason": "recovery-poll"}
 LOG  [notification-toast] Backfilled recent notifications {"count": 0, "queryFloorIso": "2026-05-17T15:59:51.892Z", "reason": "recovery-poll"}
 LOG  [notification-toast] Backfilled recent notifications {"count": 0, "queryFloorIso": "2026-05-17T15:59:57.922Z", "reason": "recovery-poll"}
 LOG  [notification-toast] Backfilled recent notifications {"count": 0, "queryFloorIso": "2026-05-17T16:00:03.953Z", "reason": "recovery-poll"}
 LOG  [notification-toast] Backfilled recent notifications {"count": 0, "queryFloorIso": "2026-05-17T16:00:09.983Z", "reason": "recovery-poll"}
 LOG  [notification-toast] Backfilled recent notifications {"count": 0, "queryFloorIso": "2026-05-17T16:00:16.013Z", "reason": "recovery-poll"}
 LOG  [notification-toast] Backfilled recent notifications {"count": 0, "queryFloorIso": "2026-05-17T16:00:22.044Z", "reason": "recovery-poll"}
 LOG  [notification-toast] Backfilled recent notifications {"count": 0, "queryFloorIso": "2026-05-17T16:00:28.075Z", "reason": "recovery-poll"}
 LOG  [notification-toast] Backfilled recent notifications {"count": 0, "queryFloorIso": "2026-05-17T16:00:34.105Z", "reason": "recovery-poll"}
 LOG  [notification-toast] Backfilled recent notifications {"count": 0, "queryFloorIso": "2026-05-17T16:00:40.136Z", "reason": "recovery-poll"}
 LOG  [notification-toast] Backfilled recent notifications {"count": 0, "queryFloorIso": "2026-05-17T16:00:46.166Z", "reason": "recovery-poll"}
 LOG  [notification-toast] Backfilled recent notifications {"count": 0, "queryFloorIso": "2026-05-17T16:00:52.196Z", "reason": "recovery-poll"}
 LOG  [notification-toast] Backfilled recent notifications {"count": 0, "queryFloorIso": "2026-05-17T16:00:58.227Z", "reason": "recovery-poll"}
 LOG  [notification-toast] Backfilled recent notifications {"count": 0, "queryFloorIso": "2026-05-17T16:01:04.245Z", "reason": "recovery-poll"}
 LOG  [notification-toast] Backfilled recent notifications {"count": 0, "queryFloorIso": "2026-05-17T16:01:10.288Z", "reason": "recovery-poll"}
 LOG  [notification-toast] Backfilled recent notifications {"count": 0, "queryFloorIso": "2026-05-17T16:01:16.318Z", "reason": "recovery-poll"}
 LOG  [notification-toast] Backfilled recent notifications {"count": 0, "queryFloorIso": "2026-05-17T16:01:22.350Z", "reason": "recovery-poll"}
 LOG  [notification-toast] Backfilled recent notifications {"count": 0, "queryFloorIso": "2026-05-17T16:01:28.380Z", "reason": "recovery-poll"}
 LOG  [notification-toast] Backfilled recent notifications {"count": 0, "queryFloorIso": "2026-05-17T16:01:34.410Z", "reason": "recovery-poll"}
 LOG  [notification-toast] Backfilled recent notifications {"count": 0, "queryFloorIso": "2026-05-17T16:01:40.440Z", "reason": "recovery-poll"}
 LOG  [notification-toast] Backfilled recent notifications {"count": 0, "queryFloorIso": "2026-05-17T16:01:46.471Z", "reason": "recovery-poll"}
 LOG  [notification-toast] Backfilled recent notifications {"count": 0, "queryFloorIso": "2026-05-17T16:01:52.501Z", "reason": "recovery-poll"}
Android .\index.js ░░░░░░░░░░░░░░░░  0.0% (0/1)
Android Bundled 127ms index.js (1 module)
 INFO  [radio] react-native-track-player unavailable; radio playback is disabled until you run a native dev build.
 WARN  SafeAreaView has been deprecated and will be removed in a future release. Please use 'react-native-safe-area-context' instead. See https://github.com/th3rdwave/react-native-safe-area-context
 WARN  [expo-av]: Expo AV has been deprecated and will be removed in SDK 54. Use the `expo-audio` and `expo-video` packages to replace the required functionality.
 INFO  [push] expo-notifications unavailable; native push registration is disabled until dependencies are installed and Metro is restarted.
 INFO  [LoadTime][Route] enter {"route": "/", "startedAt": "2026-05-17T16:02:24.837Z"}
Android .\index.js ░░░░░░░░░░░░░░░░  0.0% (0/1)
Android Bundled 123ms index.js (1 module)
 INFO  [radio] react-native-track-player unavailable; radio playback is disabled until you run a native dev build.
 WARN  SafeAreaView has been deprecated and will be removed in a future release. Please use 'react-native-safe-area-context' instead. See https://github.com/th3rdwave/react-native-safe-area-context
 WARN  [expo-av]: Expo AV has been deprecated and will be removed in SDK 54. Use the `expo-audio` and `expo-video` packages to replace the required functionality.
 INFO  [push] expo-notifications unavailable; native push registration is disabled until dependencies are installed and Metro is restarted.
 INFO  [LoadTime][Route] enter {"route": "/", "startedAt": "2026-05-17T16:04:39.334Z"}
 INFO  [LoadTime][Route] leave {"durationMs": 2671, "route": "/"}
 INFO  [LoadTime][Feed] mount {"details": {"hasMore": false, "tab": "for_you", "user": "guest"}, "startedAt": "2026-05-17T16:04:43.691Z"}
 INFO  [LoadTime][Route] enter {"route": "/(tabs)/feed", "startedAt": "2026-05-17T16:04:43.714Z"}
 LOG  [notification-toast] Notification toast channel status {"activeUserId": "df9b1237-d9a9-44fb-b57e-9dce055ec8d1", "reason": "initial", "status": "SUBSCRIBED"}
 INFO  [LoadTime][Feed] query-start {"query": "forYouFeed", "status": "pending"}
 LOG  [notification-toast] Backfilled recent notifications {"count": 0, "queryFloorIso": "2026-05-17T15:59:29.167Z", "reason": "subscribed:initial"}
 LOG  [notification-toast] Backfilled recent notifications {"count": 0, "queryFloorIso": "2026-05-17T16:04:29.975Z", "reason": "recovery-poll"}
 INFO  [LoadTime][Edge:manage-social-feed] complete {"action": "get_feed", "cursor": undefined, "durationMs": 2619, "hasUserId": true, "keys": ["action", "cursor", "feed_type", "limit", "personalize", "userId"], "limit": 12}
 INFO  [LoadTime][Feed] primary-page-parsed {"append": false, "feedTab": "for_you", "pages": 1, "posts": 2}
 INFO  [LoadTime][Feed] snapshot-ready {"aiCards": 0, "feedTab": "for_you", "hasMore": false, "posts": 2}
 INFO  [LoadTime][Feed] load-complete {"counts": {"aiCards": 0, "followingEntities": 0, "posts": 2}, "details": {"hasMore": false, "tab": "for_you", "user": "signed-in"}, "durationMs": 8747}
 INFO  [LoadTime][Feed] first-ready {"counts": {"aiCards": 0, "followingEntities": 0, "posts": 2}, "details": {"hasMore": false, "tab": "for_you", "user": "signed-in"}, "durationMs": 8749, "renderCount": 10}
 INFO  [LoadTime][Feed] query-complete {"durationMs": 2864, "error": undefined, "query": "forYouFeed", "status": "success", "updatedAt": "2026-05-17T16:04:51.657Z"}
 INFO  [LoadTime][FeedRadio] fetch-start {"details": {"includeItems": true}}
 INFO  [LoadTime][FeedRadio] edge-complete {"details": {"featuredOnly": true, "playableStations": 1, "stations": 1}, "durationMs": 1302}
 INFO  [LoadTime][FeedRadio] fetch-complete {"details": {"playableStations": 1, "stations": 1}, "durationMs": 1308}
 WARN  [GROQ_ROUTER] Request failed {"apiKeySignature": "len=56 prefix=gsk_zq suffix=j7J5Bx", "apiKeySource": "process.env.EXPO_PUBLIC_GROQ_API_KEY", "message": "Invalid API Key", "modelId": "llama-3.3-70b-versatile", "modelSource": "default.llama-3.3-70b-versatile", "status": 401}
 WARN  [GROQ_ROUTER] Request exception {"apiKeySignature": "len=56 prefix=gsk_zq suffix=j7J5Bx", "apiKeySource": "process.env.EXPO_PUBLIC_GROQ_API_KEY", "message": "Invalid API Key", "modelId": "llama-3.3-70b-versatile", "modelSource": "default.llama-3.3-70b-versatile"}
 LOG  [notification-toast] Backfilled recent notifications {"count": 0, "queryFloorIso": "2026-05-17T16:04:35.198Z", "reason": "recovery-poll"}
 LOG  [notification-toast] Backfilled recent notifications {"count": 0, "queryFloorIso": "2026-05-17T16:04:41.221Z", "reason": "recovery-poll"}
 LOG  [notification-toast] Backfilled recent notifications {"count": 0, "queryFloorIso": "2026-05-17T16:04:47.251Z", "reason": "recovery-poll"}
 LOG  [notification-toast] Disposed notification toast channel {"activeUserId": "df9b1237-d9a9-44fb-b57e-9dce055ec8d1", "reason": "app-state:background"}
 LOG  [notification-toast] Notification toast channel status {"activeUserId": "df9b1237-d9a9-44fb-b57e-9dce055ec8d1", "reason": "foreground", "status": "SUBSCRIBED"}
 LOG  [bottom-overlay:navbar] hide-requested {"activeCount": 1, "at": "2026-05-17T16:05:14.135Z", "labels": ["FeedCreatePostModal"], "previousActive": false, "previousLabels": [], "source": "register:FeedCreatePostModal"}
 LOG  [notification-toast] Backfilled recent notifications {"count": 0, "queryFloorIso": "2026-05-17T16:04:56.310Z", "reason": "recovery-poll"}
 LOG  [notification-toast] Backfilled recent notifications {"count": 0, "queryFloorIso": "2026-05-17T16:04:59.995Z", "reason": "recovery-poll"}
 LOG  [notification-toast] Backfilled recent notifications {"count": 0, "queryFloorIso": "2026-05-17T16:05:06.015Z", "reason": "recovery-poll"}
 LOG  [notification-toast] Backfilled recent notifications {"count": 0, "queryFloorIso": "2026-05-17T16:05:12.057Z", "reason": "recovery-poll"}
 LOG  [notification-toast] Backfilled recent notifications {"count": 0, "queryFloorIso": "2026-05-17T16:05:18.087Z", "reason": "recovery-poll"}
 LOG  [notification-toast] Backfilled recent notifications {"count": 0, "queryFloorIso": "2026-05-17T16:05:24.118Z", "reason": "recovery-poll"}
 LOG  [notification-toast] Backfilled recent notifications {"count": 0, "queryFloorIso": "2026-05-17T16:05:30.148Z", "reason": "recovery-poll"}
 LOG  [notification-toast] Backfilled recent notifications {"count": 0, "queryFloorIso": "2026-05-17T16:05:36.179Z", "reason": "recovery-poll"}
 INFO  [LoadTime][Feed] query-start {"query": "forYouFeed", "status": "success"}
 LOG  [bottom-overlay:navbar] show-requested {"activeCount": 0, "at": "2026-05-17T16:05:58.424Z", "labels": [], "previousActive": true, "previousLabels": ["FeedCreatePostModal"], "source": "unregister:FeedCreatePostModal"}
 INFO  [LoadTime][Edge:manage-social-feed] complete {"action": "get_feed", "cursor": undefined, "durationMs": 1440, "hasUserId": true, "keys": ["action", "cursor", "feed_type", "limit", "personalize", "userId"], "limit": 12}
 INFO  [LoadTime][Feed] primary-page-parsed {"append": false, "feedTab": "for_you", "pages": 1, "posts": 3}
 INFO  [LoadTime][Feed] snapshot-ready {"aiCards": 17, "feedTab": "for_you", "hasMore": false, "posts": 3}
 INFO  [LoadTime][Feed] query-complete {"durationMs": 1414, "error": undefined, "query": "forYouFeed", "status": "success", "updatedAt": "2026-05-17T16:05:58.997Z"}
 WARN  [GROQ_ROUTER] Request failed {"apiKeySignature": "len=56 prefix=gsk_zq suffix=j7J5Bx", "apiKeySource": "process.env.EXPO_PUBLIC_GROQ_API_KEY", "message": "Invalid API Key", "modelId": "llama-3.3-70b-versatile", "modelSource": "default.llama-3.3-70b-versatile", "status": 401}
 WARN  [GROQ_ROUTER] Request exception {"apiKeySignature": "len=56 prefix=gsk_zq suffix=j7J5Bx", "apiKeySource": "process.env.EXPO_PUBLIC_GROQ_API_KEY", "message": "Invalid API Key", "modelId": "llama-3.3-70b-versatile", "modelSource": "default.llama-3.3-70b-versatile"}
 LOG  [notification-toast] Backfilled recent notifications {"count": 0, "queryFloorIso": "2026-05-17T16:05:42.209Z", "reason": "recovery-poll"}
 LOG  [notification-toast] Backfilled recent notifications {"count": 0, "queryFloorIso": "2026-05-17T16:05:48.240Z", "reason": "recovery-poll"}
 LOG  [notification-toast] Backfilled recent notifications {"count": 0, "queryFloorIso": "2026-05-17T16:05:54.270Z", "reason": "recovery-poll"}
 LOG  [notification-toast] Backfilled recent notifications {"count": 0, "queryFloorIso": "2026-05-17T16:06:00.301Z", "reason": "recovery-poll"}
 LOG  [notification-toast] Backfilled recent notifications {"count": 0, "queryFloorIso": "2026-05-17T16:06:06.331Z", "reason": "recovery-poll"}
 LOG  [notification-toast] Backfilled recent notifications {"count": 0, "queryFloorIso": "2026-05-17T16:06:12.362Z", "reason": "recovery-poll"}
 LOG  [notification-toast] Backfilled recent notifications {"count": 0, "queryFloorIso": "2026-05-17T16:06:18.393Z", "reason": "recovery-poll"}
 LOG  [notification-toast] Backfilled recent notifications {"count": 0, "queryFloorIso": "2026-05-17T16:06:24.422Z", "reason": "recovery-poll"}
 LOG  [notification-toast] Backfilled recent notifications {"count": 0, "queryFloorIso": "2026-05-17T16:06:30.453Z", "reason": "recovery-poll"}
 LOG  [notification-toast] Backfilled recent notifications {"count": 0, "queryFloorIso": "2026-05-17T16:06:36.483Z", "reason": "recovery-poll"}
 LOG  [notification-toast] Backfilled recent notifications {"count": 0, "queryFloorIso": "2026-05-17T16:06:42.514Z", "reason": "recovery-poll"}
 LOG  [notification-toast] Backfilled recent notifications {"count": 0, "queryFloorIso": "2026-05-17T16:06:48.545Z", "reason": "recovery-poll"}
 LOG  [notification-toast] Backfilled recent notifications {"count": 0, "queryFloorIso": "2026-05-17T16:06:54.575Z", "reason": "recovery-poll"}
 LOG  [notification-toast] Backfilled recent notifications {"count": 0, "queryFloorIso": "2026-05-17T16:07:00.605Z", "reason": "recovery-poll"}
 LOG  [notification-toast] Backfilled recent notifications {"count": 0, "queryFloorIso": "2026-05-17T16:07:06.635Z", "reason": "recovery-poll"}
 LOG  [notification-toast] Backfilled recent notifications {"count": 0, "queryFloorIso": "2026-05-17T16:07:12.666Z", "reason": "recovery-poll"}
 LOG  [notification-toast] Backfilled recent notifications {"count": 0, "queryFloorIso": "2026-05-17T16:07:18.697Z", "reason": "recovery-poll"}
 LOG  [notification-toast] Backfilled recent notifications {"count": 0, "queryFloorIso": "2026-05-17T16:07:24.727Z", "reason": "recovery-poll"}
 LOG  [notification-toast] Backfilled recent notifications {"count": 0, "queryFloorIso": "2026-05-17T16:07:30.758Z", "reason": "recovery-poll"}
Android .\index.js ░░░░░░░░░░░░░░░░  0.0% (0/1)
Android Bundled 143ms index.js (1 module)
 INFO  [radio] react-native-track-player unavailable; radio playback is disabled until you run a native dev build.
 WARN  SafeAreaView has been deprecated and will be removed in a future release. Please use 'react-native-safe-area-context' instead. See https://github.com/th3rdwave/react-native-safe-area-context
 WARN  [expo-av]: Expo AV has been deprecated and will be removed in SDK 54. Use the `expo-audio` and `expo-video` packages to replace the required functionality.
 INFO  [push] expo-notifications unavailable; native push registration is disabled until dependencies are installed and Metro is restarted.
 INFO  [LoadTime][Route] enter {"route": "/", "startedAt": "2026-05-17T16:08:02.156Z"}
Android .\index.js ░░░░░░░░░░░░░░░░  0.0% (0/1)
Android Bundled 126ms index.js (1 module)
 INFO  [radio] react-native-track-player unavailable; radio playback is disabled until you run a native dev build.
 WARN  SafeAreaView has been deprecated and will be removed in a future release. Please use 'react-native-safe-area-context' instead. See https://github.com/th3rdwave/react-native-safe-area-context
 WARN  [expo-av]: Expo AV has been deprecated and will be removed in SDK 54. Use the `expo-audio` and `expo-video` packages to replace the required functionality.
 INFO  [push] expo-notifications unavailable; native push registration is disabled until dependencies are installed and Metro is restarted.
 INFO  [LoadTime][Route] enter {"route": "/", "startedAt": "2026-05-17T16:10:16.290Z"}
 INFO  [LoadTime][Route] leave {"durationMs": 2442, "route": "/"}
 INFO  [LoadTime][Feed] mount {"details": {"hasMore": false, "tab": "for_you", "user": "guest"}, "startedAt": "2026-05-17T16:10:20.411Z"}
 INFO  [LoadTime][Route] enter {"route": "/(tabs)/feed", "startedAt": "2026-05-17T16:10:20.435Z"}
 LOG  [notification-toast] Notification toast channel status {"activeUserId": "9483c9a4-92a6-465e-abfa-00fde120b541", "reason": "initial", "status": "SUBSCRIBED"}
 INFO  [LoadTime][Feed] query-start {"query": "forYouFeed", "status": "pending"}
 LOG  [notification-toast] Backfilled recent notifications {"count": 0, "queryFloorIso": "2026-05-17T16:05:05.861Z", "reason": "subscribed:initial"}
 INFO  [LoadTime][Edge:manage-social-feed] complete {"action": "get_feed", "cursor": undefined, "durationMs": 1252, "hasUserId": true, "keys": ["action", "cursor", "feed_type", "limit", "personalize", "userId"], "limit": 12}
 INFO  [LoadTime][Feed] primary-page-parsed {"append": false, "feedTab": "for_you", "pages": 1, "posts": 2}
 INFO  [LoadTime][Feed] snapshot-ready {"aiCards": 0, "feedTab": "for_you", "hasMore": false, "posts": 2}
 INFO  [LoadTime][Feed] load-complete {"counts": {"aiCards": 0, "followingEntities": 0, "posts": 2}, "details": {"hasMore": false, "tab": "for_you", "user": "signed-in"}, "durationMs": 3377}
 INFO  [LoadTime][Feed] first-ready {"counts": {"aiCards": 0, "followingEntities": 0, "posts": 2}, "details": {"hasMore": false, "tab": "for_you", "user": "signed-in"}, "durationMs": 3379, "renderCount": 10}
 INFO  [LoadTime][Feed] query-complete {"durationMs": 1486, "error": undefined, "query": "forYouFeed", "status": "success", "updatedAt": "2026-05-17T16:10:22.997Z"}
 INFO  [LoadTime][FeedRadio] fetch-start {"details": {"includeItems": true}}
 INFO  [LoadTime][FeedRadio] edge-complete {"details": {"featuredOnly": true, "playableStations": 1, "stations": 1}, "durationMs": 897}
 INFO  [LoadTime][FeedRadio] fetch-complete {"details": {"playableStations": 1, "stations": 1}, "durationMs": 899}
 WARN  [GROQ_ROUTER] Request failed {"apiKeySignature": "len=56 prefix=gsk_zq suffix=j7J5Bx", "apiKeySource": "process.env.EXPO_PUBLIC_GROQ_API_KEY", "message": "Invalid API Key", "modelId": "llama-3.3-70b-versatile", "modelSource": "default.llama-3.3-70b-versatile", "status": 401}
 WARN  [GROQ_ROUTER] Request exception {"apiKeySignature": "len=56 prefix=gsk_zq suffix=j7J5Bx", "apiKeySource": "process.env.EXPO_PUBLIC_GROQ_API_KEY", "message": "Invalid API Key", "modelId": "llama-3.3-70b-versatile", "modelSource": "default.llama-3.3-70b-versatile"}
 LOG  [notification-toast] Backfilled recent notifications {"count": 0, "queryFloorIso": "2026-05-17T16:10:06.291Z", "reason": "recovery-poll"}
 LOG  [notification-toast] Backfilled recent notifications {"count": 0, "queryFloorIso": "2026-05-17T16:10:11.882Z", "reason": "recovery-poll"}
 LOG  [notification-toast] Backfilled recent notifications {"count": 0, "queryFloorIso": "2026-05-17T16:10:17.912Z", "reason": "recovery-poll"}
 LOG  [notification-toast] Backfilled recent notifications {"count": 0, "queryFloorIso": "2026-05-17T16:10:23.943Z", "reason": "recovery-poll"}
 LOG  [notification-toast] Disposed notification toast channel {"activeUserId": "9483c9a4-92a6-465e-abfa-00fde120b541", "reason": "app-state:background"}
 LOG  [notification-toast] Notification toast channel status {"activeUserId": "9483c9a4-92a6-465e-abfa-00fde120b541", "reason": "foreground", "status": "SUBSCRIBED"}
 LOG  [notification-toast] Backfilled recent notifications {"count": 0, "queryFloorIso": "2026-05-17T16:10:34.143Z", "reason": "foreground"}
 LOG  [bottom-overlay:navbar] hide-requested {"activeCount": 1, "at": "2026-05-17T16:10:51.707Z", "labels": ["FeedCreatePostModal"], "previousActive": false, "previousLabels": [], "source": "register:FeedCreatePostModal"}
 LOG  [notification-toast] Backfilled recent notifications {"count": 0, "queryFloorIso": "2026-05-17T16:10:34.831Z", "reason": "recovery-poll"}
 LOG  [notification-toast] Backfilled recent notifications {"count": 0, "queryFloorIso": "2026-05-17T16:10:40.850Z", "reason": "recovery-poll"}
 LOG  [notification-toast] Backfilled recent notifications {"count": 0, "queryFloorIso": "2026-05-17T16:10:47.026Z", "reason": "recovery-poll"}
 LOG  [notification-toast] Backfilled recent notifications {"count": 0, "queryFloorIso": "2026-05-17T16:10:52.900Z", "reason": "recovery-poll"}
 LOG  [notification-toast] Backfilled recent notifications {"count": 0, "queryFloorIso": "2026-05-17T16:10:58.943Z", "reason": "recovery-poll"}
 LOG  [notification-toast] Backfilled recent notifications {"count": 0, "queryFloorIso": "2026-05-17T16:11:04.973Z", "reason": "recovery-poll"}
 LOG  [notification-toast] Backfilled recent notifications {"count": 0, "queryFloorIso": "2026-05-17T16:11:11.006Z", "reason": "recovery-poll"}
 INFO  [LoadTime][Feed] query-start {"query": "forYouFeed", "status": "success"}
 LOG  [bottom-overlay:navbar] show-requested {"activeCount": 0, "at": "2026-05-17T16:11:34.943Z", "labels": [], "previousActive": true, "previousLabels": ["FeedCreatePostModal"], "source": "unregister:FeedCreatePostModal"}
 INFO  [LoadTime][Edge:manage-social-feed] complete {"action": "get_feed", "cursor": undefined, "durationMs": 1248, "hasUserId": true, "keys": ["action", "cursor", "feed_type", "limit", "personalize", "userId"], "limit": 12}
 INFO  [LoadTime][Feed] primary-page-parsed {"append": false, "feedTab": "for_you", "pages": 1, "posts": 3}
 INFO  [LoadTime][Feed] snapshot-ready {"aiCards": 17, "feedTab": "for_you", "hasMore": false, "posts": 3}
 INFO  [LoadTime][Feed] query-complete {"durationMs": 1242, "error": undefined, "query": "forYouFeed", "status": "success", "updatedAt": "2026-05-17T16:11:35.347Z"}
 WARN  [GROQ_ROUTER] Request failed {"apiKeySignature": "len=56 prefix=gsk_zq suffix=j7J5Bx", "apiKeySource": "process.env.EXPO_PUBLIC_GROQ_API_KEY", "message": "Invalid API Key", "modelId": "llama-3.3-70b-versatile", "modelSource": "default.llama-3.3-70b-versatile", "status": 401}
 WARN  [GROQ_ROUTER] Request exception {"apiKeySignature": "len=56 prefix=gsk_zq suffix=j7J5Bx", "apiKeySource": "process.env.EXPO_PUBLIC_GROQ_API_KEY", "message": "Invalid API Key", "modelId": "llama-3.3-70b-versatile", "modelSource": "default.llama-3.3-70b-versatile"}
 LOG  [notification-toast] Backfilled recent notifications {"count": 0, "queryFloorIso": "2026-05-17T16:11:17.033Z", "reason": "recovery-poll"}
Android Bundled 183ms index.js (1 module)
 INFO  [radio] react-native-track-player unavailable; radio playback is disabled until you run a native dev build.
 WARN  SafeAreaView has been deprecated and will be removed in a future release. Please use 'react-native-safe-area-context' instead. See https://github.com/th3rdwave/react-native-safe-area-context
 WARN  [expo-av]: Expo AV has been deprecated and will be removed in SDK 54. Use the `expo-audio` and `expo-video` packages to replace the required functionality.
 INFO  [push] expo-notifications unavailable; native push registration is disabled until dependencies are installed and Metro is restarted.
 INFO  [LoadTime][Route] enter {"route": "/", "startedAt": "2026-05-17T16:11:46.004Z"}
Android .\index.js ░░░░░░░░░░░░░░░░  0.0% (0/1)
Android Bundled 111ms index.js (1 module)
 INFO  [radio] react-native-track-player unavailable; radio playback is disabled until you run a native dev build.
 WARN  SafeAreaView has been deprecated and will be removed in a future release. Please use 'react-native-safe-area-context' instead. See https://github.com/th3rdwave/react-native-safe-area-context
 WARN  [expo-av]: Expo AV has been deprecated and will be removed in SDK 54. Use the `expo-audio` and `expo-video` packages to replace the required functionality.
 INFO  [push] expo-notifications unavailable; native push registration is disabled until dependencies are installed and Metro is restarted.
 INFO  [LoadTime][Route] enter {"route": "/", "startedAt": "2026-05-17T16:13:59.182Z"}
 INFO  [LoadTime][Route] leave {"durationMs": 2903, "route": "/"}
 INFO  [LoadTime][Feed] mount {"details": {"hasMore": false, "tab": "for_you", "user": "guest"}, "startedAt": "2026-05-17T16:14:04.037Z"}
 INFO  [LoadTime][Route] enter {"route": "/(tabs)/feed", "startedAt": "2026-05-17T16:14:04.059Z"}
 LOG  [notification-toast] Notification toast channel status {"activeUserId": "e9e64431-0e2d-4ddb-a377-821aed8d0bbf", "reason": "initial", "status": "SUBSCRIBED"}
 INFO  [LoadTime][Feed] query-start {"query": "forYouFeed", "status": "pending"}
 LOG  [notification-toast] Backfilled recent notifications {"count": 0, "queryFloorIso": "2026-05-17T16:08:49.498Z", "reason": "subscribed:initial"}
 INFO  [LoadTime][Edge:manage-social-feed] complete {"action": "get_feed", "cursor": undefined, "durationMs": 2085, "hasUserId": true, "keys": ["action", "cursor", "feed_type", "limit", "personalize", "userId"], "limit": 12}
 INFO  [LoadTime][Feed] primary-page-parsed {"append": false, "feedTab": "for_you", "pages": 1, "posts": 3}
 INFO  [LoadTime][Feed] snapshot-ready {"aiCards": 0, "feedTab": "for_you", "hasMore": false, "posts": 3}
 INFO  [LoadTime][Feed] load-complete {"counts": {"aiCards": 0, "followingEntities": 0, "posts": 3}, "details": {"hasMore": false, "tab": "for_you", "user": "signed-in"}, "durationMs": 5299}
 INFO  [LoadTime][Feed] first-ready {"counts": {"aiCards": 0, "followingEntities": 0, "posts": 3}, "details": {"hasMore": false, "tab": "for_you", "user": "signed-in"}, "durationMs": 5301, "renderCount": 11}
 INFO  [LoadTime][Feed] query-complete {"durationMs": 2397, "error": undefined, "query": "forYouFeed", "status": "success", "updatedAt": "2026-05-17T16:14:08.502Z"}
 INFO  [LoadTime][FeedRadio] fetch-start {"details": {"includeItems": true}}
 WARN  [GROQ_ROUTER] Request failed {"apiKeySignature": "len=56 prefix=gsk_zq suffix=j7J5Bx", "apiKeySource": "process.env.EXPO_PUBLIC_GROQ_API_KEY", "message": "Invalid API Key", "modelId": "llama-3.3-70b-versatile", "modelSource": "default.llama-3.3-70b-versatile", "status": 401}
 WARN  [GROQ_ROUTER] Request exception {"apiKeySignature": "len=56 prefix=gsk_zq suffix=j7J5Bx", "apiKeySource": "process.env.EXPO_PUBLIC_GROQ_API_KEY", "message": "Invalid API Key", "modelId": "llama-3.3-70b-versatile", "modelSource": "default.llama-3.3-70b-versatile"}
 INFO  [LoadTime][FeedRadio] edge-complete {"details": {"featuredOnly": true, "playableStations": 1, "stations": 1}, "durationMs": 1717}
 INFO  [LoadTime][FeedRadio] fetch-complete {"details": {"playableStations": 1, "stations": 1}, "durationMs": 1720}
 LOG  [notification-toast] Backfilled recent notifications {"count": 0, "queryFloorIso": "2026-05-17T16:13:50.008Z", "reason": "recovery-poll"}
 LOG  [notification-toast] Backfilled recent notifications {"count": 0, "queryFloorIso": "2026-05-17T16:13:55.827Z", "reason": "recovery-poll"}
 LOG  [notification-toast] Backfilled recent notifications {"count": 0, "queryFloorIso": "2026-05-17T16:14:01.555Z", "reason": "recovery-poll"}
 LOG  [notification-toast] Backfilled recent notifications {"count": 0, "queryFloorIso": "2026-05-17T16:14:07.586Z", "reason": "recovery-poll"}
 LOG  [notification-toast] Disposed notification toast channel {"activeUserId": "e9e64431-0e2d-4ddb-a377-821aed8d0bbf", "reason": "app-state:background"}
 LOG  [notification-toast] Notification toast channel status {"activeUserId": "e9e64431-0e2d-4ddb-a377-821aed8d0bbf", "reason": "foreground", "status": "SUBSCRIBED"}
 LOG  [notification-toast] Backfilled recent notifications {"count": 0, "queryFloorIso": "2026-05-17T16:14:16.041Z", "reason": "recovery-poll"}
 LOG  [notification-toast] Backfilled recent notifications {"count": 0, "queryFloorIso": "2026-05-17T16:14:19.730Z", "reason": "recovery-poll"}
 LOG  [notification-toast] Backfilled recent notifications {"count": 0, "queryFloorIso": "2026-05-17T16:14:25.760Z", "reason": "recovery-poll"}
 LOG  [notification-toast] Backfilled recent notifications {"count": 0, "queryFloorIso": "2026-05-17T16:14:31.790Z", "reason": "recovery-poll"}
 LOG  [notification-toast] Backfilled recent notifications {"count": 0, "queryFloorIso": "2026-05-17T16:14:37.821Z", "reason": "recovery-poll"}
 LOG  [notification-toast] Backfilled recent notifications {"count": 0, "queryFloorIso": "2026-05-17T16:14:43.851Z", "reason": "recovery-poll"}
 LOG  [notification-toast] Backfilled recent notifications {"count": 0, "queryFloorIso": "2026-05-17T16:14:49.882Z", "reason": "recovery-poll"}
 LOG  [notification-toast] Backfilled recent notifications {"count": 0, "queryFloorIso": "2026-05-17T16:14:55.913Z", "reason": "recovery-poll"}
 LOG  [notification-toast] Backfilled recent notifications {"count": 0, "queryFloorIso": "2026-05-17T16:15:01.943Z", "reason": "recovery-poll"}
 LOG  [notification-toast] Backfilled recent notifications {"count": 0, "queryFloorIso": "2026-05-17T16:15:07.974Z", "reason": "recovery-poll"}
Android .\index.js ░░░░░░░░░░░░░░░░  0.0% (0/1)
Android Bundled 145ms index.js (1 module)
 INFO  [radio] react-native-track-player unavailable; radio playback is disabled until you run a native dev build.
 WARN  SafeAreaView has been deprecated and will be removed in a future release. Please use 'react-native-safe-area-context' instead. See https://github.com/th3rdwave/react-native-safe-area-context
 WARN  [expo-av]: Expo AV has been deprecated and will be removed in SDK 54. Use the `expo-audio` and `expo-video` packages to replace the required functionality.
 INFO  [push] expo-notifications unavailable; native push registration is disabled until dependencies are installed and Metro is restarted.
 INFO  [LoadTime][Route] enter {"route": "/", "startedAt": "2026-05-17T16:15:39.656Z"}
Android .\index.js ░░░░░░░░░░░░░░░░  0.0% (0/1)
Android Bundled 113ms index.js (1 module)
 INFO  [radio] react-native-track-player unavailable; radio playback is disabled until you run a native dev build.
 WARN  SafeAreaView has been deprecated and will be removed in a future release. Please use 'react-native-safe-area-context' instead. See https://github.com/th3rdwave/react-native-safe-area-context
 WARN  [expo-av]: Expo AV has been deprecated and will be removed in SDK 54. Use the `expo-audio` and `expo-video` packages to replace the required functionality.
 INFO  [push] expo-notifications unavailable; native push registration is disabled until dependencies are installed and Metro is restarted.
 INFO  [LoadTime][Route] enter {"route": "/", "startedAt": "2026-05-17T16:17:53.946Z"}
 INFO  [LoadTime][Route] leave {"durationMs": 2417, "route": "/"}
 INFO  [LoadTime][Feed] mount {"details": {"hasMore": false, "tab": "for_you", "user": "guest"}, "startedAt": "2026-05-17T16:17:58.133Z"}
 INFO  [LoadTime][Route] enter {"route": "/(tabs)/feed", "startedAt": "2026-05-17T16:17:58.156Z"}
 LOG  [notification-toast] Notification toast channel status {"activeUserId": "8b7c4ddf-1609-4ed0-865d-cced31093c8b", "reason": "initial", "status": "SUBSCRIBED"}
 INFO  [LoadTime][Feed] query-start {"query": "forYouFeed", "status": "pending"}
 LOG  [notification-toast] Backfilled recent notifications {"count": 0, "queryFloorIso": "2026-05-17T16:12:43.569Z", "reason": "subscribed:initial"}
 INFO  [LoadTime][Edge:manage-social-feed] complete {"action": "get_feed", "cursor": undefined, "durationMs": 1215, "hasUserId": true, "keys": ["action", "cursor", "feed_type", "limit", "personalize", "userId"], "limit": 12}
 INFO  [LoadTime][Feed] primary-page-parsed {"append": false, "feedTab": "for_you", "pages": 1, "posts": 2}
 INFO  [LoadTime][Feed] snapshot-ready {"aiCards": 0, "feedTab": "for_you", "hasMore": false, "posts": 2}
 INFO  [LoadTime][Feed] load-complete {"counts": {"aiCards": 0, "followingEntities": 0, "posts": 2}, "details": {"hasMore": false, "tab": "for_you", "user": "signed-in"}, "durationMs": 3412}
 INFO  [LoadTime][Feed] first-ready {"counts": {"aiCards": 0, "followingEntities": 0, "posts": 2}, "details": {"hasMore": false, "tab": "for_you", "user": "signed-in"}, "durationMs": 3414, "renderCount": 10}
 INFO  [LoadTime][Feed] query-complete {"durationMs": 1486, "error": undefined, "query": "forYouFeed", "status": "success", "updatedAt": "2026-05-17T16:18:00.725Z"}
 INFO  [LoadTime][FeedRadio] fetch-start {"details": {"includeItems": true}}
 INFO  [LoadTime][FeedRadio] edge-complete {"details": {"featuredOnly": true, "playableStations": 1, "stations": 1}, "durationMs": 877}
 INFO  [LoadTime][FeedRadio] fetch-complete {"details": {"playableStations": 1, "stations": 1}, "durationMs": 880}
 WARN  [GROQ_ROUTER] Request failed {"apiKeySignature": "len=56 prefix=gsk_zq suffix=j7J5Bx", "apiKeySource": "process.env.EXPO_PUBLIC_GROQ_API_KEY", "message": "Invalid API Key", "modelId": "llama-3.3-70b-versatile", "modelSource": "default.llama-3.3-70b-versatile", "status": 401}
 WARN  [GROQ_ROUTER] Request exception {"apiKeySignature": "len=56 prefix=gsk_zq suffix=j7J5Bx", "apiKeySource": "process.env.EXPO_PUBLIC_GROQ_API_KEY", "message": "Invalid API Key", "modelId": "llama-3.3-70b-versatile", "modelSource": "default.llama-3.3-70b-versatile"}
 LOG  [notification-toast] Backfilled recent notifications {"count": 0, "queryFloorIso": "2026-05-17T16:17:44.174Z", "reason": "recovery-poll"}
 LOG  [notification-toast] Backfilled recent notifications {"count": 0, "queryFloorIso": "2026-05-17T16:17:49.597Z", "reason": "recovery-poll"}
 LOG  [notification-toast] Backfilled recent notifications {"count": 0, "queryFloorIso": "2026-05-17T16:17:55.628Z", "reason": "recovery-poll"}
 LOG  [notification-toast] Backfilled recent notifications {"count": 0, "queryFloorIso": "2026-05-17T16:18:01.658Z", "reason": "recovery-poll"}
 LOG  [notification-toast] Disposed notification toast channel {"activeUserId": "8b7c4ddf-1609-4ed0-865d-cced31093c8b", "reason": "app-state:background"}
 INFO  [LoadTime][Bookings] mount {"details": {"activeTab": "Pending", "role": "unknown", "viewMode": "bookings"}, "startedAt": "2026-05-17T16:18:26.318Z"}
 INFO  [LoadTime][Bookings] first-ready {"counts": {"activeMusicians": 0, "applicants": 0, "history": 0, "ongoing": 0, "pending": 0, "pendingPermits": 0, "review": 0, "upcoming": 0}, "details": {"activeTab": "Pending", "role": "unknown", "viewMode": "bookings"}, "durationMs": 248, "renderCount": 1}
 INFO  [LoadTime][Bookings] query-start {"query": "bookingsSummary", "status": "pending"}
 INFO  [LoadTime][Route] leave {"durationMs": 28527, "route": "/(tabs)/feed"}
 INFO  [LoadTime][Route] enter {"route": "/(tabs)/bookings", "startedAt": "2026-05-17T16:18:26.684Z"}
 LOG  [notification-toast] Notification toast channel status {"activeUserId": "8b7c4ddf-1609-4ed0-865d-cced31093c8b", "reason": "foreground", "status": "SUBSCRIBED"}
 LOG  [notification-toast] Backfilled recent notifications {"count": 0, "queryFloorIso": "2026-05-17T16:18:10.698Z", "reason": "foreground"}
 INFO  [LoadTime][Edge:manage-bookings] complete {"action": "fetch", "cursor": undefined, "durationMs": 1351, "hasUserId": true, "keys": ["action", "includeScreenPayload", "userId"], "limit": undefined}
 INFO  [LoadTime][Bookings] query-complete {"durationMs": 1454, "error": undefined, "query": "bookingsSummary", "status": "success", "updatedAt": "2026-05-17T16:18:27.672Z"}
 INFO  [LoadTime][Bookings] load-complete {"counts": {"activeMusicians": 0, "applicants": 0, "history": 0, "ongoing": 0, "pending": 1, "pendingPermits": 0, "review": 0, "upcoming": 0}, "details": {"activeTab": "Pending", "role": "producer", "viewMode": "bookings"}, "durationMs": 2395}
 INFO  [LoadTime][Route] leave {"durationMs": 6247, "route": "/(tabs)/bookings"}
 INFO  [LoadTime][Route] enter {"route": "/(tabs)/my_production", "startedAt": "2026-05-17T16:18:32.934Z"}
 LOG  [notification-toast] Backfilled recent notifications {"count": 0, "queryFloorIso": "2026-05-17T16:18:11.703Z", "reason": "recovery-poll"}
 LOG  [notification-toast] Backfilled recent notifications {"count": 0, "queryFloorIso": "2026-05-17T16:18:17.942Z", "reason": "recovery-poll"}
 LOG  [notification-toast] Backfilled recent notifications {"count": 0, "queryFloorIso": "2026-05-17T16:18:23.764Z", "reason": "recovery-poll"}
 LOG  [notification-toast] Backfilled recent notifications {"count": 0, "queryFloorIso": "2026-05-17T16:18:29.795Z", "reason": "recovery-poll"}
 LOG  [notification-toast] Backfilled recent notifications {"count": 0, "queryFloorIso": "2026-05-17T16:18:35.826Z", "reason": "recovery-poll"}
 LOG  [notification-toast] Backfilled recent notifications {"count": 0, "queryFloorIso": "2026-05-17T16:18:41.856Z", "reason": "recovery-poll"}
 LOG  [notification-toast] Backfilled recent notifications {"count": 0, "queryFloorIso": "2026-05-17T16:18:47.895Z", "reason": "recovery-poll"}
 LOG  [notification-toast] Backfilled recent notifications {"count": 0, "queryFloorIso": "2026-05-17T16:18:53.917Z", "reason": "recovery-poll"}
 LOG  [notification-toast] Backfilled recent notifications {"count": 0, "queryFloorIso": "2026-05-17T16:18:59.947Z", "reason": "recovery-poll"}
 LOG  [notification-toast] Backfilled recent notifications {"count": 0, "queryFloorIso": "2026-05-17T16:19:05.977Z", "reason": "recovery-poll"}
 LOG  [notification-toast] Backfilled recent notifications {"count": 0, "queryFloorIso": "2026-05-17T16:19:12.008Z", "reason": "recovery-poll"}
 LOG  [notification-toast] Backfilled recent notifications {"count": 0, "queryFloorIso": "2026-05-17T16:19:18.038Z", "reason": "recovery-poll"}
 LOG  [notification-toast] Backfilled recent notifications {"count": 0, "queryFloorIso": "2026-05-17T16:19:24.069Z", "reason": "recovery-poll"}
 LOG  [notification-toast] Backfilled recent notifications {"count": 0, "queryFloorIso": "2026-05-17T16:19:30.099Z", "reason": "recovery-poll"}
 LOG  [notification-toast] Backfilled recent notifications {"count": 0, "queryFloorIso": "2026-05-17T16:19:36.130Z", "reason": "recovery-poll"}
 LOG  [notification-toast] Backfilled recent notifications {"count": 0, "queryFloorIso": "2026-05-17T16:19:42.160Z", "reason": "recovery-poll"}
 LOG  [notification-toast] Backfilled recent notifications {"count": 0, "queryFloorIso": "2026-05-17T16:19:48.191Z", "reason": "recovery-poll"}
 LOG  [notification-toast] Backfilled recent notifications {"count": 0, "queryFloorIso": "2026-05-17T16:19:54.221Z", "reason": "recovery-poll"}
 LOG  [notification-toast] Backfilled recent notifications {"count": 0, "queryFloorIso": "2026-05-17T16:20:00.252Z", "reason": "recovery-poll"}
 LOG  [notification-toast] Backfilled recent notifications {"count": 0, "queryFloorIso": "2026-05-17T16:20:06.282Z", "reason": "recovery-poll"}
 LOG  [notification-toast] Backfilled recent notifications {"count": 0, "queryFloorIso": "2026-05-17T16:20:12.313Z", "reason": "recovery-poll"}
 LOG  [notification-toast] Backfilled recent notifications {"count": 0, "queryFloorIso": "2026-05-17T16:20:18.343Z", "reason": "recovery-poll"}
 LOG  [notification-toast] Backfilled recent notifications {"count": 0, "queryFloorIso": "2026-05-17T16:20:24.374Z", "reason": "recovery-poll"}
Android .\index.js ░░░░░░░░░░░░░░░░  0.0% (0/1)
Android Bundled 105ms index.js (1 module)
 INFO  [radio] react-native-track-player unavailable; radio playback is disabled until you run a native dev build.
 WARN  SafeAreaView has been deprecated and will be removed in a future release. Please use 'react-native-safe-area-context' instead. See https://github.com/th3rdwave/react-native-safe-area-context
 WARN  [expo-av]: Expo AV has been deprecated and will be removed in SDK 54. Use the `expo-audio` and `expo-video` packages to replace the required functionality.
 INFO  [push] expo-notifications unavailable; native push registration is disabled until dependencies are installed and Metro is restarted.
 INFO  [LoadTime][Route] enter {"route": "/", "startedAt": "2026-05-17T16:20:55.481Z"}
Android .\index.js ░░░░░░░░░░░░░░░░  0.0% (0/1)
Android Bundled 127ms index.js (1 module)
 INFO  [radio] react-native-track-player unavailable; radio playback is disabled until you run a native dev build.
 WARN  SafeAreaView has been deprecated and will be removed in a future release. Please use 'react-native-safe-area-context' instead. See https://github.com/th3rdwave/react-native-safe-area-context
 WARN  [expo-av]: Expo AV has been deprecated and will be removed in SDK 54. Use the `expo-audio` and `expo-video` packages to replace the required functionality.
 INFO  [push] expo-notifications unavailable; native push registration is disabled until dependencies are installed and Metro is restarted.
 INFO  [LoadTime][Route] enter {"route": "/", "startedAt": "2026-05-17T16:23:08.871Z"}
 INFO  [LoadTime][Route] leave {"durationMs": 2537, "route": "/"}
 INFO  [LoadTime][Feed] mount {"details": {"hasMore": false, "tab": "for_you", "user": "guest"}, "startedAt": "2026-05-17T16:23:12.896Z"}
 INFO  [LoadTime][Route] enter {"route": "/(tabs)/feed", "startedAt": "2026-05-17T16:23:12.919Z"}
 LOG  [notification-toast] Notification toast channel status {"activeUserId": "a94e3559-4811-43de-ab53-42ef3921ce37", "reason": "initial", "status": "SUBSCRIBED"}
 INFO  [LoadTime][Feed] query-start {"query": "forYouFeed", "status": "pending"}
 LOG  [notification-toast] Backfilled recent notifications {"count": 0, "queryFloorIso": "2026-05-17T16:17:58.339Z", "reason": "subscribed:initial"}
 INFO  [LoadTime][Edge:manage-social-feed] complete {"action": "get_feed", "cursor": undefined, "durationMs": 1296, "hasUserId": true, "keys": ["action", "cursor", "feed_type", "limit", "personalize", "userId"], "limit": 12}
 INFO  [LoadTime][Feed] primary-page-parsed {"append": false, "feedTab": "for_you", "pages": 1, "posts": 2}
 INFO  [LoadTime][Feed] snapshot-ready {"aiCards": 0, "feedTab": "for_you", "hasMore": false, "posts": 2}
 INFO  [LoadTime][Feed] load-complete {"counts": {"aiCards": 0, "followingEntities": 0, "posts": 2}, "details": {"hasMore": false, "tab": "for_you", "user": "signed-in"}, "durationMs": 4180}
 INFO  [LoadTime][Feed] first-ready {"counts": {"aiCards": 0, "followingEntities": 0, "posts": 2}, "details": {"hasMore": false, "tab": "for_you", "user": "signed-in"}, "durationMs": 4182, "renderCount": 11}
 INFO  [LoadTime][Feed] query-complete {"durationMs": 1476, "error": undefined, "query": "forYouFeed", "status": "success", "updatedAt": "2026-05-17T16:23:16.254Z"}
 INFO  [LoadTime][FeedRadio] fetch-start {"details": {"includeItems": true}}
 INFO  [LoadTime][FeedRadio] edge-complete {"details": {"featuredOnly": true, "playableStations": 1, "stations": 1}, "durationMs": 931}
 INFO  [LoadTime][FeedRadio] fetch-complete {"details": {"playableStations": 1, "stations": 1}, "durationMs": 934}
 WARN  [GROQ_ROUTER] Request failed {"apiKeySignature": "len=56 prefix=gsk_zq suffix=j7J5Bx", "apiKeySource": "process.env.EXPO_PUBLIC_GROQ_API_KEY", "message": "Invalid API Key", "modelId": "llama-3.3-70b-versatile", "modelSource": "default.llama-3.3-70b-versatile", "status": 401}
 WARN  [GROQ_ROUTER] Request exception {"apiKeySignature": "len=56 prefix=gsk_zq suffix=j7J5Bx", "apiKeySource": "process.env.EXPO_PUBLIC_GROQ_API_KEY", "message": "Invalid API Key", "modelId": "llama-3.3-70b-versatile", "modelSource": "default.llama-3.3-70b-versatile"}
 LOG  [notification-toast] Backfilled recent notifications {"count": 0, "queryFloorIso": "2026-05-17T16:22:58.723Z", "reason": "recovery-poll"}
 LOG  [notification-toast] Backfilled recent notifications {"count": 0, "queryFloorIso": "2026-05-17T16:23:04.364Z", "reason": "recovery-poll"}
 LOG  [notification-toast] Backfilled recent notifications {"count": 0, "queryFloorIso": "2026-05-17T16:23:10.395Z", "reason": "recovery-poll"}
 LOG  [notification-toast] Backfilled recent notifications {"count": 0, "queryFloorIso": "2026-05-17T16:23:16.425Z", "reason": "recovery-poll"}
 LOG  [notification-toast] Disposed notification toast channel {"activeUserId": "a94e3559-4811-43de-ab53-42ef3921ce37", "reason": "app-state:background"}
 INFO  [LoadTime][Bookings] mount {"details": {"activeTab": "Pending", "role": "unknown", "viewMode": "bookings"}, "startedAt": "2026-05-17T16:23:41.613Z"}
 INFO  [LoadTime][Bookings] first-ready {"counts": {"activeMusicians": 0, "applicants": 0, "history": 0, "ongoing": 0, "pending": 0, "pendingPermits": 0, "review": 0, "upcoming": 0}, "details": {"activeTab": "Pending", "role": "unknown", "viewMode": "bookings"}, "durationMs": 261, "renderCount": 1}
 INFO  [LoadTime][Bookings] query-start {"query": "bookingsSummary", "status": "pending"}
 INFO  [LoadTime][Route] leave {"durationMs": 29091, "route": "/(tabs)/feed"}
 INFO  [LoadTime][Route] enter {"route": "/(tabs)/bookings", "startedAt": "2026-05-17T16:23:42.011Z"}
 LOG  [notification-toast] Notification toast channel status {"activeUserId": "a94e3559-4811-43de-ab53-42ef3921ce37", "reason": "foreground", "status": "SUBSCRIBED"}
 LOG  [notification-toast] Backfilled recent notifications {"count": 0, "queryFloorIso": "2026-05-17T16:23:25.971Z", "reason": "foreground"}
 INFO  [LoadTime][Edge:manage-bookings] complete {"action": "fetch", "cursor": undefined, "durationMs": 1357, "hasUserId": true, "keys": ["action", "includeScreenPayload", "userId"], "limit": undefined}
 INFO  [LoadTime][Bookings] query-complete {"durationMs": 1479, "error": undefined, "query": "bookingsSummary", "status": "success", "updatedAt": "2026-05-17T16:23:42.973Z"}
 INFO  [LoadTime][Bookings] load-complete {"counts": {"activeMusicians": 0, "applicants": 0, "history": 0, "ongoing": 0, "pending": 1, "pendingPermits": 0, "review": 0, "upcoming": 0}, "details": {"activeTab": "Pending", "role": "producer", "viewMode": "bookings"}, "durationMs": 2361}
 INFO  [LoadTime][Route] leave {"durationMs": 6065, "route": "/(tabs)/bookings"}
 INFO  [LoadTime][Route] enter {"route": "/(tabs)/my_production", "startedAt": "2026-05-17T16:23:48.079Z"}
 LOG  [notification-toast] Backfilled recent notifications {"count": 0, "queryFloorIso": "2026-05-17T16:23:27.023Z", "reason": "recovery-poll"}
 LOG  [notification-toast] Backfilled recent notifications {"count": 0, "queryFloorIso": "2026-05-17T16:23:33.089Z", "reason": "recovery-poll"}
 LOG  [notification-toast] Backfilled recent notifications {"count": 0, "queryFloorIso": "2026-05-17T16:23:39.081Z", "reason": "recovery-poll"}
 LOG  [notification-toast] Backfilled recent notifications {"count": 0, "queryFloorIso": "2026-05-17T16:23:45.111Z", "reason": "recovery-poll"}
 LOG  [notification-toast] Backfilled recent notifications {"count": 0, "queryFloorIso": "2026-05-17T16:23:51.141Z", "reason": "recovery-poll"}
 LOG  [notification-toast] Backfilled recent notifications {"count": 0, "queryFloorIso": "2026-05-17T16:23:57.172Z", "reason": "recovery-poll"}
 LOG  [notification-toast] Backfilled recent notifications {"count": 0, "queryFloorIso": "2026-05-17T16:24:03.203Z", "reason": "recovery-poll"}
 LOG  [notification-toast] Backfilled recent notifications {"count": 0, "queryFloorIso": "2026-05-17T16:24:09.234Z", "reason": "recovery-poll"}
 LOG  [notification-toast] Backfilled recent notifications {"count": 0, "queryFloorIso": "2026-05-17T16:24:15.264Z", "reason": "recovery-poll"}
 LOG  [notification-toast] Backfilled recent notifications {"count": 0, "queryFloorIso": "2026-05-17T16:24:21.295Z", "reason": "recovery-poll"}
 LOG  [notification-toast] Backfilled recent notifications {"count": 0, "queryFloorIso": "2026-05-17T16:24:27.325Z", "reason": "recovery-poll"}
 LOG  [notification-toast] Backfilled recent notifications {"count": 0, "queryFloorIso": "2026-05-17T16:24:33.357Z", "reason": "recovery-poll"}
 LOG  [notification-toast] Backfilled recent notifications {"count": 0, "queryFloorIso": "2026-05-17T16:24:39.387Z", "reason": "recovery-poll"}
 LOG  [notification-toast] Backfilled recent notifications {"count": 0, "queryFloorIso": "2026-05-17T16:24:45.416Z", "reason": "recovery-poll"}
 LOG  [notification-toast] Backfilled recent notifications {"count": 0, "queryFloorIso": "2026-05-17T16:24:51.447Z", "reason": "recovery-poll"}
 LOG  [notification-toast] Backfilled recent notifications {"count": 0, "queryFloorIso": "2026-05-17T16:24:57.477Z", "reason": "recovery-poll"}
Android .\index.js ░░░░░░░░░░░░░░░░  0.0% (0/1)
Android Bundled 123ms index.js (1 module)
 INFO  [radio] react-native-track-player unavailable; radio playback is disabled until you run a native dev build.
 WARN  SafeAreaView has been deprecated and will be removed in a future release. Please use 'react-native-safe-area-context' instead. See https://github.com/th3rdwave/react-native-safe-area-context
 WARN  [expo-av]: Expo AV has been deprecated and will be removed in SDK 54. Use the `expo-audio` and `expo-video` packages to replace the required functionality.
 INFO  [push] expo-notifications unavailable; native push registration is disabled until dependencies are installed and Metro is restarted.
 INFO  [LoadTime][Route] enter {"route": "/", "startedAt": "2026-05-17T16:25:28.228Z"}
Android .\index.js ░░░░░░░░░░░░░░░░  0.0% (0/1)
Android Bundled 116ms index.js (1 module)
 INFO  [radio] react-native-track-player unavailable; radio playback is disabled until you run a native dev build.
 WARN  SafeAreaView has been deprecated and will be removed in a future release. Please use 'react-native-safe-area-context' instead. See https://github.com/th3rdwave/react-native-safe-area-context
 WARN  [expo-av]: Expo AV has been deprecated and will be removed in SDK 54. Use the `expo-audio` and `expo-video` packages to replace the required functionality.
 INFO  [push] expo-notifications unavailable; native push registration is disabled until dependencies are installed and Metro is restarted.
 INFO  [LoadTime][Route] enter {"route": "/", "startedAt": "2026-05-17T16:27:42.424Z"}
 INFO  [LoadTime][Route] leave {"durationMs": 2522, "route": "/"}
 INFO  [LoadTime][Feed] mount {"details": {"hasMore": false, "tab": "for_you", "user": "guest"}, "startedAt": "2026-05-17T16:27:46.412Z"}
 INFO  [LoadTime][Route] enter {"route": "/(tabs)/feed", "startedAt": "2026-05-17T16:27:46.434Z"}
 LOG  [notification-toast] Notification toast channel status {"activeUserId": "c6bb212b-0521-4bf7-b5cc-97f43135918c", "reason": "initial", "status": "SUBSCRIBED"}
 INFO  [LoadTime][Feed] query-start {"query": "forYouFeed", "status": "pending"}
 LOG  [notification-toast] Backfilled recent notifications {"count": 0, "queryFloorIso": "2026-05-17T16:22:31.842Z", "reason": "subscribed:initial"}
 INFO  [LoadTime][Edge:manage-social-feed] complete {"action": "get_feed", "cursor": undefined, "durationMs": 757, "hasUserId": true, "keys": ["action", "cursor", "feed_type", "limit", "personalize", "userId"], "limit": 12}
 INFO  [LoadTime][Feed] primary-page-parsed {"append": false, "feedTab": "for_you", "pages": 1, "posts": 2}
 INFO  [LoadTime][Feed] snapshot-ready {"aiCards": 0, "feedTab": "for_you", "hasMore": false, "posts": 2}
 INFO  [LoadTime][Feed] load-complete {"counts": {"aiCards": 0, "followingEntities": 0, "posts": 2}, "details": {"hasMore": false, "tab": "for_you", "user": "signed-in"}, "durationMs": 2623}
 INFO  [LoadTime][Feed] first-ready {"counts": {"aiCards": 0, "followingEntities": 0, "posts": 2}, "details": {"hasMore": false, "tab": "for_you", "user": "signed-in"}, "durationMs": 2625, "renderCount": 11}
 INFO  [LoadTime][Feed] query-complete {"durationMs": 1040, "error": undefined, "query": "forYouFeed", "status": "success", "updatedAt": "2026-05-17T16:27:48.219Z"}
 INFO  [LoadTime][FeedRadio] fetch-start {"details": {"includeItems": true}}
 INFO  [LoadTime][FeedRadio] edge-complete {"details": {"featuredOnly": true, "playableStations": 1, "stations": 1}, "durationMs": 1674}
 INFO  [LoadTime][FeedRadio] fetch-complete {"details": {"playableStations": 1, "stations": 1}, "durationMs": 1678}
 WARN  [GROQ_ROUTER] Request failed {"apiKeySignature": "len=56 prefix=gsk_zq suffix=j7J5Bx", "apiKeySource": "process.env.EXPO_PUBLIC_GROQ_API_KEY", "message": "Invalid API Key", "modelId": "llama-3.3-70b-versatile", "modelSource": "default.llama-3.3-70b-versatile", "status": 401}
 WARN  [GROQ_ROUTER] Request exception {"apiKeySignature": "len=56 prefix=gsk_zq suffix=j7J5Bx", "apiKeySource": "process.env.EXPO_PUBLIC_GROQ_API_KEY", "message": "Invalid API Key", "modelId": "llama-3.3-70b-versatile", "modelSource": "default.llama-3.3-70b-versatile"}
 LOG  [notification-toast] Backfilled recent notifications {"count": 0, "queryFloorIso": "2026-05-17T16:27:32.258Z", "reason": "recovery-poll"}
 LOG  [notification-toast] Backfilled recent notifications {"count": 0, "queryFloorIso": "2026-05-17T16:27:37.868Z", "reason": "recovery-poll"}
 LOG  [notification-toast] Backfilled recent notifications {"count": 0, "queryFloorIso": "2026-05-17T16:27:43.898Z", "reason": "recovery-poll"}
 LOG  [notification-toast] Backfilled recent notifications {"count": 0, "queryFloorIso": "2026-05-17T16:27:49.929Z", "reason": "recovery-poll"}
 LOG  [notification-toast] Disposed notification toast channel {"activeUserId": "c6bb212b-0521-4bf7-b5cc-97f43135918c", "reason": "app-state:background"}
 INFO  [LoadTime][Bookings] mount {"details": {"activeTab": "Pending", "role": "unknown", "viewMode": "bookings"}, "startedAt": "2026-05-17T16:28:16.529Z"}
 INFO  [LoadTime][Bookings] first-ready {"counts": {"activeMusicians": 0, "applicants": 0, "history": 0, "ongoing": 0, "pending": 0, "pendingPermits": 0, "review": 0, "upcoming": 0}, "details": {"activeTab": "Pending", "role": "unknown", "viewMode": "bookings"}, "durationMs": 237, "renderCount": 1}
 INFO  [LoadTime][Bookings] query-start {"query": "bookingsSummary", "status": "pending"}
 INFO  [LoadTime][Route] leave {"durationMs": 30468, "route": "/(tabs)/feed"}
 INFO  [LoadTime][Route] enter {"route": "/(tabs)/bookings", "startedAt": "2026-05-17T16:28:16.916Z"}
 LOG  [notification-toast] Notification toast channel status {"activeUserId": "c6bb212b-0521-4bf7-b5cc-97f43135918c", "reason": "foreground", "status": "SUBSCRIBED"}
 LOG  [notification-toast] Backfilled recent notifications {"count": 0, "queryFloorIso": "2026-05-17T16:28:00.943Z", "reason": "foreground"}
 INFO  [LoadTime][Edge:manage-bookings] complete {"action": "fetch", "cursor": undefined, "durationMs": 1476, "hasUserId": true, "keys": ["action", "includeScreenPayload", "userId"], "limit": undefined}
 INFO  [LoadTime][Bookings] query-complete {"durationMs": 1536, "error": undefined, "query": "bookingsSummary", "status": "success", "updatedAt": "2026-05-17T16:28:18.007Z"}
 INFO  [LoadTime][Bookings] load-complete {"counts": {"activeMusicians": 0, "applicants": 0, "history": 0, "ongoing": 0, "pending": 1, "pendingPermits": 0, "review": 0, "upcoming": 0}, "details": {"activeTab": "Pending", "role": "producer", "viewMode": "bookings"}, "durationMs": 2429}
 INFO  [LoadTime][Route] leave {"durationMs": 5924, "route": "/(tabs)/bookings"}
 INFO  [LoadTime][Route] enter {"route": "/(tabs)/my_production", "startedAt": "2026-05-17T16:28:22.843Z"}
 LOG  [notification-toast] Backfilled recent notifications {"count": 0, "queryFloorIso": "2026-05-17T16:28:01.928Z", "reason": "recovery-poll"}
 LOG  [notification-toast] Backfilled recent notifications {"count": 0, "queryFloorIso": "2026-05-17T16:28:07.987Z", "reason": "recovery-poll"}
 LOG  [notification-toast] Backfilled recent notifications {"count": 0, "queryFloorIso": "2026-05-17T16:28:13.984Z", "reason": "recovery-poll"}
 LOG  [notification-toast] Backfilled recent notifications {"count": 0, "queryFloorIso": "2026-05-17T16:28:20.015Z", "reason": "recovery-poll"}
 LOG  [notification-toast] Backfilled recent notifications {"count": 0, "queryFloorIso": "2026-05-17T16:28:26.045Z", "reason": "recovery-poll"}
 LOG  [notification-toast] Backfilled recent notifications {"count": 0, "queryFloorIso": "2026-05-17T16:28:32.075Z", "reason": "recovery-poll"}
 LOG  [notification-toast] Backfilled recent notifications {"count": 0, "queryFloorIso": "2026-05-17T16:28:38.107Z", "reason": "recovery-poll"}
 LOG  [notification-toast] Backfilled recent notifications {"count": 0, "queryFloorIso": "2026-05-17T16:28:44.137Z", "reason": "recovery-poll"}
 LOG  [notification-toast] Backfilled recent notifications {"count": 0, "queryFloorIso": "2026-05-17T16:28:50.167Z", "reason": "recovery-poll"}
 LOG  [notification-toast] Backfilled recent notifications {"count": 0, "queryFloorIso": "2026-05-17T16:28:56.197Z", "reason": "recovery-poll"}
 LOG  [notification-toast] Backfilled recent notifications {"count": 0, "queryFloorIso": "2026-05-17T16:29:02.228Z", "reason": "recovery-poll"}
 LOG  [notification-toast] Backfilled recent notifications {"count": 0, "queryFloorIso": "2026-05-17T16:29:08.259Z", "reason": "recovery-poll"}
 LOG  [notification-toast] Backfilled recent notifications {"count": 0, "queryFloorIso": "2026-05-17T16:29:14.289Z", "reason": "recovery-poll"}
 LOG  [notification-toast] Backfilled recent notifications {"count": 0, "queryFloorIso": "2026-05-17T16:29:20.320Z", "reason": "recovery-poll"}
 LOG  [notification-toast] Backfilled recent notifications {"count": 0, "queryFloorIso": "2026-05-17T16:29:26.350Z", "reason": "recovery-poll"}
 LOG  [notification-toast] Backfilled recent notifications {"count": 0, "queryFloorIso": "2026-05-17T16:29:32.380Z", "reason": "recovery-poll"}
 LOG  [notification-toast] Backfilled recent notifications {"count": 0, "queryFloorIso": "2026-05-17T16:29:38.411Z", "reason": "recovery-poll"}
 LOG  [notification-toast] Backfilled recent notifications {"count": 0, "queryFloorIso": "2026-05-17T16:29:44.442Z", "reason": "recovery-poll"}
 LOG  [notification-toast] Backfilled recent notifications {"count": 0, "queryFloorIso": "2026-05-17T16:29:50.471Z", "reason": "recovery-poll"}
 LOG  [notification-toast] Backfilled recent notifications {"count": 0, "queryFloorIso": "2026-05-17T16:29:56.502Z", "reason": "recovery-poll"}
 LOG  [notification-toast] Backfilled recent notifications {"count": 0, "queryFloorIso": "2026-05-17T16:30:02.532Z", "reason": "recovery-poll"}
 LOG  [notification-toast] Backfilled recent notifications {"count": 0, "queryFloorIso": "2026-05-17T16:30:08.563Z", "reason": "recovery-poll"}
 LOG  [notification-toast] Backfilled recent notifications {"count": 0, "queryFloorIso": "2026-05-17T16:30:14.593Z", "reason": "recovery-poll"}
Android Bundled 123ms index.js (1 module)
 INFO  [radio] react-native-track-player unavailable; radio playback is disabled until you run a native dev build.
 WARN  SafeAreaView has been deprecated and will be removed in a future release. Please use 'react-native-safe-area-context' instead. See https://github.com/th3rdwave/react-native-safe-area-context
 WARN  [expo-av]: Expo AV has been deprecated and will be removed in SDK 54. Use the `expo-audio` and `expo-video` packages to replace the required functionality.
 INFO  [push] expo-notifications unavailable; native push registration is disabled until dependencies are installed and Metro is restarted.
 INFO  [LoadTime][Route] enter {"route": "/", "startedAt": "2026-05-17T16:30:43.653Z"}
Android .\index.js ░░░░░░░░░░░░░░░░  0.0% (0/1)
Android Bundled 122ms index.js (1 module)
 INFO  [radio] react-native-track-player unavailable; radio playback is disabled until you run a native dev build.
 WARN  SafeAreaView has been deprecated and will be removed in a future release. Please use 'react-native-safe-area-context' instead. See https://github.com/th3rdwave/react-native-safe-area-context
 WARN  [expo-av]: Expo AV has been deprecated and will be removed in SDK 54. Use the `expo-audio` and `expo-video` packages to replace the required functionality.
 INFO  [push] expo-notifications unavailable; native push registration is disabled until dependencies are installed and Metro is restarted.
 INFO  [LoadTime][Route] enter {"route": "/", "startedAt": "2026-05-17T16:32:58.622Z"}
 INFO  [LoadTime][Route] leave {"durationMs": 2773, "route": "/"}
 INFO  [LoadTime][Feed] mount {"details": {"hasMore": false, "tab": "for_you", "user": "guest"}, "startedAt": "2026-05-17T16:33:03.035Z"}
 INFO  [LoadTime][Route] enter {"route": "/(tabs)/feed", "startedAt": "2026-05-17T16:33:03.059Z"}
 LOG  [notification-toast] Notification toast channel status {"activeUserId": "939c86d6-a058-4c55-b641-db999b22a758", "reason": "initial", "status": "SUBSCRIBED"}
 INFO  [LoadTime][Feed] query-start {"query": "forYouFeed", "status": "pending"}
 LOG  [notification-toast] Backfilled recent notifications {"count": 0, "queryFloorIso": "2026-05-17T16:27:48.466Z", "reason": "subscribed:initial"}
 INFO  [LoadTime][Edge:manage-social-feed] complete {"action": "get_feed", "cursor": undefined, "durationMs": 1145, "hasUserId": true, "keys": ["action", "cursor", "feed_type", "limit", "personalize", "userId"], "limit": 12}
 INFO  [LoadTime][Feed] primary-page-parsed {"append": false, "feedTab": "for_you", "pages": 1, "posts": 2}
 INFO  [LoadTime][Feed] snapshot-ready {"aiCards": 0, "feedTab": "for_you", "hasMore": false, "posts": 2}
 INFO  [LoadTime][Feed] load-complete {"counts": {"aiCards": 0, "followingEntities": 0, "posts": 2}, "details": {"hasMore": false, "tab": "for_you", "user": "signed-in"}, "durationMs": 3341}
 INFO  [LoadTime][Feed] first-ready {"counts": {"aiCards": 0, "followingEntities": 0, "posts": 2}, "details": {"hasMore": false, "tab": "for_you", "user": "signed-in"}, "durationMs": 3343, "renderCount": 10}
 INFO  [LoadTime][Feed] query-complete {"durationMs": 1389, "error": undefined, "query": "forYouFeed", "status": "success", "updatedAt": "2026-05-17T16:33:05.567Z"}
 INFO  [LoadTime][FeedRadio] fetch-start {"details": {"includeItems": true}}
 INFO  [LoadTime][FeedRadio] edge-complete {"details": {"featuredOnly": true, "playableStations": 1, "stations": 1}, "durationMs": 828}
 INFO  [LoadTime][FeedRadio] fetch-complete {"details": {"playableStations": 1, "stations": 1}, "durationMs": 832}
 WARN  [GROQ_ROUTER] Request failed {"apiKeySignature": "len=56 prefix=gsk_zq suffix=j7J5Bx", "apiKeySource": "process.env.EXPO_PUBLIC_GROQ_API_KEY", "message": "Invalid API Key", "modelId": "llama-3.3-70b-versatile", "modelSource": "default.llama-3.3-70b-versatile", "status": 401}
 WARN  [GROQ_ROUTER] Request exception {"apiKeySignature": "len=56 prefix=gsk_zq suffix=j7J5Bx", "apiKeySource": "process.env.EXPO_PUBLIC_GROQ_API_KEY", "message": "Invalid API Key", "modelId": "llama-3.3-70b-versatile", "modelSource": "default.llama-3.3-70b-versatile"}
 LOG  [notification-toast] Backfilled recent notifications {"count": 0, "queryFloorIso": "2026-05-17T16:32:49.093Z", "reason": "recovery-poll"}
 LOG  [notification-toast] Backfilled recent notifications {"count": 0, "queryFloorIso": "2026-05-17T16:32:54.501Z", "reason": "recovery-poll"}
 LOG  [notification-toast] Backfilled recent notifications {"count": 0, "queryFloorIso": "2026-05-17T16:33:00.532Z", "reason": "recovery-poll"}
 LOG  [notification-toast] Backfilled recent notifications {"count": 0, "queryFloorIso": "2026-05-17T16:33:06.562Z", "reason": "recovery-poll"}
 LOG  [notification-toast] Disposed notification toast channel {"activeUserId": "939c86d6-a058-4c55-b641-db999b22a758", "reason": "app-state:background"}
 INFO  [LoadTime][Bookings] mount {"details": {"activeTab": "Pending", "role": "unknown", "viewMode": "bookings"}, "startedAt": "2026-05-17T16:33:32.898Z"}
 INFO  [LoadTime][Bookings] first-ready {"counts": {"activeMusicians": 0, "applicants": 0, "history": 0, "ongoing": 0, "pending": 0, "pendingPermits": 0, "review": 0, "upcoming": 0}, "details": {"activeTab": "Pending", "role": "unknown", "viewMode": "bookings"}, "durationMs": 255, "renderCount": 1}
 INFO  [LoadTime][Bookings] query-start {"query": "bookingsSummary", "status": "pending"}
 INFO  [LoadTime][Route] leave {"durationMs": 30216, "route": "/(tabs)/feed"}
 INFO  [LoadTime][Route] enter {"route": "/(tabs)/bookings", "startedAt": "2026-05-17T16:33:33.276Z"}
 LOG  [notification-toast] Notification toast channel status {"activeUserId": "939c86d6-a058-4c55-b641-db999b22a758", "reason": "foreground", "status": "SUBSCRIBED"}
 LOG  [notification-toast] Backfilled recent notifications {"count": 0, "queryFloorIso": "2026-05-17T16:33:17.259Z", "reason": "foreground"}
 INFO  [LoadTime][Edge:manage-bookings] complete {"action": "fetch", "cursor": undefined, "durationMs": 1445, "hasUserId": true, "keys": ["action", "includeScreenPayload", "userId"], "limit": undefined}
 INFO  [LoadTime][Bookings] query-complete {"durationMs": 1510, "error": undefined, "query": "bookingsSummary", "status": "success", "updatedAt": "2026-05-17T16:33:34.347Z"}
 INFO  [LoadTime][Bookings] load-complete {"counts": {"activeMusicians": 0, "applicants": 0, "history": 0, "ongoing": 0, "pending": 1, "pendingPermits": 0, "review": 0, "upcoming": 0}, "details": {"activeTab": "Pending", "role": "producer", "viewMode": "bookings"}, "durationMs": 2382}
 LOG  [notification-toast] Backfilled recent notifications {"count": 0, "queryFloorIso": "2026-05-17T16:33:18.315Z", "reason": "recovery-poll"}
 LOG  [notification-toast] Backfilled recent notifications {"count": 0, "queryFloorIso": "2026-05-17T16:33:24.358Z", "reason": "recovery-poll"}
 LOG  [notification-toast] Backfilled recent notifications {"count": 0, "queryFloorIso": "2026-05-17T16:33:30.384Z", "reason": "recovery-poll"}
 LOG  [notification-toast] Backfilled recent notifications {"count": 0, "queryFloorIso": "2026-05-17T16:33:36.414Z", "reason": "recovery-poll"}
 LOG  [notification-toast] Backfilled recent notifications {"count": 0, "queryFloorIso": "2026-05-17T16:33:42.444Z", "reason": "recovery-poll"}
 LOG  [notification-toast] Backfilled recent notifications {"count": 0, "queryFloorIso": "2026-05-17T16:33:48.475Z", "reason": "recovery-poll"}
 LOG  [notification-toast] Backfilled recent notifications {"count": 0, "queryFloorIso": "2026-05-17T16:33:54.505Z", "reason": "recovery-poll"}
 LOG  [notification-toast] Backfilled recent notifications {"count": 0, "queryFloorIso": "2026-05-17T16:34:00.536Z", "reason": "recovery-poll"}
 LOG  [notification-toast] Backfilled recent notifications {"count": 0, "queryFloorIso": "2026-05-17T16:34:06.566Z", "reason": "recovery-poll"}
 INFO  [LoadTime][Bookings] query-start {"query": "bookingsSummary", "status": "success"}
 LOG  [notification-toast] Backfilled recent notifications {"count": 0, "queryFloorIso": "2026-05-17T16:34:12.597Z", "reason": "recovery-poll"}
 INFO  [LoadTime][Edge:manage-bookings] complete {"action": "fetch", "cursor": undefined, "durationMs": 1231, "hasUserId": true, "keys": ["action", "includeScreenPayload", "userId"], "limit": undefined}
 INFO  [LoadTime][Bookings] query-complete {"durationMs": 1216, "error": undefined, "query": "bookingsSummary", "status": "success", "updatedAt": "2026-05-17T16:34:34.150Z"}
 LOG  [notification-toast] Backfilled recent notifications {"count": 0, "queryFloorIso": "2026-05-17T16:34:18.627Z", "reason": "recovery-poll"}
 LOG  [notification-toast] Backfilled recent notifications {"count": 0, "queryFloorIso": "2026-05-17T16:34:24.659Z", "reason": "recovery-poll"}
 LOG  [notification-toast] Backfilled recent notifications {"count": 0, "queryFloorIso": "2026-05-17T16:34:30.689Z", "reason": "recovery-poll"}
 LOG  [notification-toast] Backfilled recent notifications {"count": 0, "queryFloorIso": "2026-05-17T16:34:36.720Z", "reason": "recovery-poll"}
 LOG  [notification-toast] Backfilled recent notifications {"count": 0, "queryFloorIso": "2026-05-17T16:34:42.749Z", "reason": "recovery-poll"}
 LOG  [notification-toast] Backfilled recent notifications {"count": 0, "queryFloorIso": "2026-05-17T16:34:48.780Z", "reason": "recovery-poll"}
 LOG  [notification-toast] Backfilled recent notifications {"count": 0, "queryFloorIso": "2026-05-17T16:34:54.810Z", "reason": "recovery-poll"}
 LOG  [notification-toast] Backfilled recent notifications {"count": 0, "queryFloorIso": "2026-05-17T16:35:00.840Z", "reason": "recovery-poll"}
 LOG  [notification-toast] Backfilled recent notifications {"count": 0, "queryFloorIso": "2026-05-17T16:35:06.871Z", "reason": "recovery-poll"}
 INFO  [LoadTime][Bookings] query-start {"query": "bookingsSummary", "status": "success"}
 WARN  [supabase.functions.invoke] Authorization failed, retrying once with refreshed session {"code": undefined, "functionName": "manage-bookings", "hadUserAuthorizationHeader": true, "message": "Edge Function returned a non-2xx status code", "status": undefined}
 INFO  [LoadTime][Bookings] query-complete {"durationMs": 885, "error": undefined, "query": "bookingsSummary", "status": "success", "updatedAt": undefined}
 LOG  [notification-toast] Disposed notification toast channel {"activeUserId": "939c86d6-a058-4c55-b641-db999b22a758", "reason": "cleanup"}
 WARN  [supabase.functions.invoke] Function invoke failed after retries {"body": {"action": "fetch", "includeScreenPayload": true, "userId": "939c86d6-a058-4c55-b641-db999b22a758"}, "code": undefined, "context": {"_bodyBlob": {"_data": [Object]}, "_bodyInit": {"_data": [Object]}, "bodyUsed": false, "headers": {"map": [Object]}, "ok": false, "status": 401, "statusText": "", "type": "default", "url": "https://aefldxegsvzecshlayza.supabase.co/functions/v1/manage-bookings"}, "details": undefined, "functionName": "manage-bookings", "hint": undefined, "message": "Edge Function returned a non-2xx status code", "responseBody": {"code": 401, "message": "Invalid JWT"}, "status": 401}
 INFO  [LoadTime][Edge:manage-bookings] failed {"action": "fetch", "cursor": undefined, "durationMs": 1539, "hasUserId": true, "keys": ["action", "includeScreenPayload", "userId"], "limit": undefined, "message": "Invalid JWT", "status": 401}
Android .\index.js ░░░░░░░░░░░░░░░░  0.0% (0/1)
Android Bundled 108ms index.js (1 module)
 INFO  [radio] react-native-track-player unavailable; radio playback is disabled until you run a native dev build.
 WARN  SafeAreaView has been deprecated and will be removed in a future release. Please use 'react-native-safe-area-context' instead. See https://github.com/th3rdwave/react-native-safe-area-context
 WARN  [expo-av]: Expo AV has been deprecated and will be removed in SDK 54. Use the `expo-audio` and `expo-video` packages to replace the required functionality.
 INFO  [push] expo-notifications unavailable; native push registration is disabled until dependencies are installed and Metro is restarted.
 INFO  [LoadTime][Route] enter {"route": "/", "startedAt": "2026-05-17T16:35:55.793Z"}
Android .\index.js ░░░░░░░░░░░░░░░░  0.0% (0/1)
Android Bundled 143ms index.js (1 module)
 INFO  [radio] react-native-track-player unavailable; radio playback is disabled until you run a native dev build.
 WARN  SafeAreaView has been deprecated and will be removed in a future release. Please use 'react-native-safe-area-context' instead. See https://github.com/th3rdwave/react-native-safe-area-context
 WARN  [expo-av]: Expo AV has been deprecated and will be removed in SDK 54. Use the `expo-audio` and `expo-video` packages to replace the required functionality.
 INFO  [push] expo-notifications unavailable; native push registration is disabled until dependencies are installed and Metro is restarted.
 INFO  [LoadTime][Route] enter {"route": "/", "startedAt": "2026-05-17T16:38:09.181Z"}
 INFO  [LoadTime][Route] leave {"durationMs": 2562, "route": "/"}
 INFO  [LoadTime][Feed] mount {"details": {"hasMore": false, "tab": "for_you", "user": "guest"}, "startedAt": "2026-05-17T16:38:13.382Z"}
 INFO  [LoadTime][Route] enter {"route": "/(tabs)/feed", "startedAt": "2026-05-17T16:38:13.404Z"}
 LOG  [notification-toast] Notification toast channel status {"activeUserId": "0a473a30-61cb-471c-b0f7-4248818c1743", "reason": "initial", "status": "SUBSCRIBED"}
 INFO  [LoadTime][Feed] query-start {"query": "forYouFeed", "status": "pending"}
 LOG  [notification-toast] Backfilled recent notifications {"count": 0, "queryFloorIso": "2026-05-17T16:32:58.856Z", "reason": "subscribed:initial"}
 INFO  [LoadTime][Edge:manage-social-feed] complete {"action": "get_feed", "cursor": undefined, "durationMs": 1139, "hasUserId": true, "keys": ["action", "cursor", "feed_type", "limit", "personalize", "userId"], "limit": 12}
 INFO  [LoadTime][Feed] primary-page-parsed {"append": false, "feedTab": "for_you", "pages": 1, "posts": 2}
 INFO  [LoadTime][Feed] snapshot-ready {"aiCards": 0, "feedTab": "for_you", "hasMore": false, "posts": 2}
 INFO  [LoadTime][Feed] load-complete {"counts": {"aiCards": 0, "followingEntities": 0, "posts": 2}, "details": {"hasMore": false, "tab": "for_you", "user": "signed-in"}, "durationMs": 3304}
 INFO  [LoadTime][Feed] first-ready {"counts": {"aiCards": 0, "followingEntities": 0, "posts": 2}, "details": {"hasMore": false, "tab": "for_you", "user": "signed-in"}, "durationMs": 3306, "renderCount": 10}
 INFO  [LoadTime][Feed] query-complete {"durationMs": 1422, "error": undefined, "query": "forYouFeed", "status": "success", "updatedAt": "2026-05-17T16:38:15.844Z"}
 INFO  [LoadTime][FeedRadio] fetch-start {"details": {"includeItems": true}}
 INFO  [LoadTime][FeedRadio] edge-complete {"details": {"featuredOnly": true, "playableStations": 1, "stations": 1}, "durationMs": 828}
 INFO  [LoadTime][FeedRadio] fetch-complete {"details": {"playableStations": 1, "stations": 1}, "durationMs": 831}
 WARN  [GROQ_ROUTER] Request failed {"apiKeySignature": "len=56 prefix=gsk_zq suffix=j7J5Bx", "apiKeySource": "process.env.EXPO_PUBLIC_GROQ_API_KEY", "message": "Invalid API Key", "modelId": "llama-3.3-70b-versatile", "modelSource": "default.llama-3.3-70b-versatile", "status": 401}
 WARN  [GROQ_ROUTER] Request exception {"apiKeySignature": "len=56 prefix=gsk_zq suffix=j7J5Bx", "apiKeySource": "process.env.EXPO_PUBLIC_GROQ_API_KEY", "message": "Invalid API Key", "modelId": "llama-3.3-70b-versatile", "modelSource": "default.llama-3.3-70b-versatile"}
 LOG  [notification-toast] Backfilled recent notifications {"count": 0, "queryFloorIso": "2026-05-17T16:37:59.268Z", "reason": "recovery-poll"}
 LOG  [notification-toast] Backfilled recent notifications {"count": 0, "queryFloorIso": "2026-05-17T16:38:04.887Z", "reason": "recovery-poll"}
 LOG  [notification-toast] Backfilled recent notifications {"count": 0, "queryFloorIso": "2026-05-17T16:38:10.917Z", "reason": "recovery-poll"}
 LOG  [notification-toast] Backfilled recent notifications {"count": 0, "queryFloorIso": "2026-05-17T16:38:16.948Z", "reason": "recovery-poll"}
 LOG  [notification-toast] Disposed notification toast channel {"activeUserId": "0a473a30-61cb-471c-b0f7-4248818c1743", "reason": "app-state:background"}
 INFO  [LoadTime][Bookings] mount {"details": {"activeTab": "Pending", "role": "unknown", "viewMode": "bookings"}, "startedAt": "2026-05-17T16:38:41.297Z"}
 INFO  [LoadTime][Bookings] first-ready {"counts": {"activeMusicians": 0, "applicants": 0, "history": 0, "ongoing": 0, "pending": 0, "pendingPermits": 0, "review": 0, "upcoming": 0}, "details": {"activeTab": "Pending", "role": "unknown", "viewMode": "bookings"}, "durationMs": 256, "renderCount": 1}
 INFO  [LoadTime][Bookings] query-start {"query": "bookingsSummary", "status": "pending"}
 INFO  [LoadTime][Route] leave {"durationMs": 28276, "route": "/(tabs)/feed"}
 INFO  [LoadTime][Route] enter {"route": "/(tabs)/bookings", "startedAt": "2026-05-17T16:38:41.682Z"}
 LOG  [notification-toast] Notification toast channel status {"activeUserId": "0a473a30-61cb-471c-b0f7-4248818c1743", "reason": "foreground", "status": "SUBSCRIBED"}
 INFO  [LoadTime][Edge:manage-bookings] complete {"action": "fetch", "cursor": undefined, "durationMs": 1362, "hasUserId": true, "keys": ["action", "includeScreenPayload", "userId"], "limit": undefined}
 INFO  [LoadTime][Bookings] query-complete {"durationMs": 1434, "error": undefined, "query": "bookingsSummary", "status": "success", "updatedAt": "2026-05-17T16:38:42.661Z"}
 INFO  [LoadTime][Bookings] load-complete {"counts": {"activeMusicians": 0, "applicants": 0, "history": 0, "ongoing": 0, "pending": 1, "pendingPermits": 0, "review": 0, "upcoming": 0}, "details": {"activeTab": "Pending", "role": "producer", "viewMode": "bookings"}, "durationMs": 2291}
 LOG  [notification-toast] Backfilled recent notifications {"count": 0, "queryFloorIso": "2026-05-17T16:38:25.659Z", "reason": "recovery-poll"}
 LOG  [notification-toast] Backfilled recent notifications {"count": 0, "queryFloorIso": "2026-05-17T16:38:29.709Z", "reason": "recovery-poll"}
 INFO  [LoadTime][Bookings] load-start {"counts": {"activeMusicians": 0, "applicants": 0, "history": 0, "ongoing": 0, "pending": 1, "pendingPermits": 0, "review": 0, "upcoming": 0}, "details": {"activeTab": "Pending", "role": "producer", "viewMode": "bookings"}}
 LOG  [notification-toast] Backfilled recent notifications {"count": 0, "queryFloorIso": "2026-05-17T16:38:35.726Z", "reason": "recovery-poll"}
 INFO  [LoadTime][Bookings] load-complete {"counts": {"activeMusicians": 0, "applicants": 0, "history": 1, "ongoing": 0, "pending": 0, "pendingPermits": 0, "review": 0, "upcoming": 0}, "details": {"activeTab": "Pending", "role": "producer", "viewMode": "bookings"}, "durationMs": 1608}
 LOG  [notification-toast] Backfilled recent notifications {"count": 0, "queryFloorIso": "2026-05-17T16:38:41.768Z", "reason": "recovery-poll"}
 LOG  [notification-toast] Backfilled recent notifications {"count": 0, "queryFloorIso": "2026-05-17T16:38:47.799Z", "reason": "recovery-poll"}
 LOG  [notification-toast] Backfilled recent notifications {"count": 0, "queryFloorIso": "2026-05-17T16:38:53.830Z", "reason": "recovery-poll"}
 LOG  [notification-toast] Backfilled recent notifications {"count": 0, "queryFloorIso": "2026-05-17T16:38:59.860Z", "reason": "recovery-poll"}
 LOG  [notification-toast] Backfilled recent notifications {"count": 0, "queryFloorIso": "2026-05-17T16:39:05.890Z", "reason": "recovery-poll"}
Android Bundled 112ms index.js (1 module)
 INFO  [radio] react-native-track-player unavailable; radio playback is disabled until you run a native dev build.
 WARN  SafeAreaView has been deprecated and will be removed in a future release. Please use 'react-native-safe-area-context' instead. See https://github.com/th3rdwave/react-native-safe-area-context
 WARN  [expo-av]: Expo AV has been deprecated and will be removed in SDK 54. Use the `expo-audio` and `expo-video` packages to replace the required functionality.
 INFO  [push] expo-notifications unavailable; native push registration is disabled until dependencies are installed and Metro is restarted.
 INFO  [LoadTime][Route] enter {"route": "/", "startedAt": "2026-05-17T16:39:33.757Z"}
Android .\index.js ░░░░░░░░░░░░░░░░  0.0% (0/1)
Android Bundled 115ms index.js (1 module)
 INFO  [radio] react-native-track-player unavailable; radio playback is disabled until you run a native dev build.
 WARN  SafeAreaView has been deprecated and will be removed in a future release. Please use 'react-native-safe-area-context' instead. See https://github.com/th3rdwave/react-native-safe-area-context
 WARN  [expo-av]: Expo AV has been deprecated and will be removed in SDK 54. Use the `expo-audio` and `expo-video` packages to replace the required functionality.
 INFO  [push] expo-notifications unavailable; native push registration is disabled until dependencies are installed and Metro is restarted.
 INFO  [LoadTime][Route] enter {"route": "/", "startedAt": "2026-05-17T16:41:47.133Z"}
 INFO  [LoadTime][Route] leave {"durationMs": 2519, "route": "/"}
 INFO  [LoadTime][Feed] mount {"details": {"hasMore": false, "tab": "for_you", "user": "guest"}, "startedAt": "2026-05-17T16:41:51.308Z"}
 INFO  [LoadTime][Route] enter {"route": "/(tabs)/feed", "startedAt": "2026-05-17T16:41:51.331Z"}
 LOG  [notification-toast] Notification toast channel status {"activeUserId": "4d13d0d3-f15b-481d-bc4c-07bd3bc5800f", "reason": "initial", "status": "SUBSCRIBED"}
 INFO  [LoadTime][Feed] query-start {"query": "forYouFeed", "status": "pending"}
 LOG  [notification-toast] Backfilled recent notifications {"count": 0, "queryFloorIso": "2026-05-17T16:36:36.725Z", "reason": "subscribed:initial"}
 INFO  [LoadTime][Edge:manage-social-feed] complete {"action": "get_feed", "cursor": undefined, "durationMs": 1530, "hasUserId": true, "keys": ["action", "cursor", "feed_type", "limit", "personalize", "userId"], "limit": 12}
 INFO  [LoadTime][Feed] primary-page-parsed {"append": false, "feedTab": "for_you", "pages": 1, "posts": 2}
 INFO  [LoadTime][Feed] snapshot-ready {"aiCards": 0, "feedTab": "for_you", "hasMore": false, "posts": 2}
 INFO  [LoadTime][Feed] load-complete {"counts": {"aiCards": 0, "followingEntities": 0, "posts": 2}, "details": {"hasMore": false, "tab": "for_you", "user": "signed-in"}, "durationMs": 3525}
 INFO  [LoadTime][Feed] first-ready {"counts": {"aiCards": 0, "followingEntities": 0, "posts": 2}, "details": {"hasMore": false, "tab": "for_you", "user": "signed-in"}, "durationMs": 3527, "renderCount": 11}
 INFO  [LoadTime][Feed] query-complete {"durationMs": 1769, "error": undefined, "query": "forYouFeed", "status": "success", "updatedAt": "2026-05-17T16:41:54.050Z"}
 INFO  [LoadTime][FeedRadio] fetch-start {"details": {"includeItems": true}}
 INFO  [LoadTime][FeedRadio] edge-complete {"details": {"featuredOnly": true, "playableStations": 1, "stations": 1}, "durationMs": 782}
 INFO  [LoadTime][FeedRadio] fetch-complete {"details": {"playableStations": 1, "stations": 1}, "durationMs": 785}
 WARN  [GROQ_ROUTER] Request failed {"apiKeySignature": "len=56 prefix=gsk_zq suffix=j7J5Bx", "apiKeySource": "process.env.EXPO_PUBLIC_GROQ_API_KEY", "message": "Invalid API Key", "modelId": "llama-3.3-70b-versatile", "modelSource": "default.llama-3.3-70b-versatile", "status": 401}
 WARN  [GROQ_ROUTER] Request exception {"apiKeySignature": "len=56 prefix=gsk_zq suffix=j7J5Bx", "apiKeySource": "process.env.EXPO_PUBLIC_GROQ_API_KEY", "message": "Invalid API Key", "modelId": "llama-3.3-70b-versatile", "modelSource": "default.llama-3.3-70b-versatile"}
 LOG  [notification-toast] Backfilled recent notifications {"count": 0, "queryFloorIso": "2026-05-17T16:41:37.415Z", "reason": "recovery-poll"}
 LOG  [notification-toast] Backfilled recent notifications {"count": 0, "queryFloorIso": "2026-05-17T16:41:42.750Z", "reason": "recovery-poll"}
 LOG  [notification-toast] Backfilled recent notifications {"count": 0, "queryFloorIso": "2026-05-17T16:41:48.780Z", "reason": "recovery-poll"}
 LOG  [notification-toast] Backfilled recent notifications {"count": 0, "queryFloorIso": "2026-05-17T16:41:54.811Z", "reason": "recovery-poll"}
 LOG  [notification-toast] Disposed notification toast channel {"activeUserId": "4d13d0d3-f15b-481d-bc4c-07bd3bc5800f", "reason": "app-state:background"}
 INFO  [LoadTime][Bookings] mount {"details": {"activeTab": "Pending", "role": "unknown", "viewMode": "bookings"}, "startedAt": "2026-05-17T16:42:19.749Z"}
 INFO  [LoadTime][Bookings] first-ready {"counts": {"activeMusicians": 0, "applicants": 0, "history": 0, "ongoing": 0, "pending": 0, "pendingPermits": 0, "review": 0, "upcoming": 0}, "details": {"activeTab": "Pending", "role": "unknown", "viewMode": "bookings"}, "durationMs": 249, "renderCount": 1}
 INFO  [LoadTime][Bookings] query-start {"query": "bookingsSummary", "status": "pending"}
 INFO  [LoadTime][Route] leave {"durationMs": 28818, "route": "/(tabs)/feed"}
 INFO  [LoadTime][Route] enter {"route": "/(tabs)/bookings", "startedAt": "2026-05-17T16:42:20.150Z"}
 LOG  [notification-toast] Notification toast channel status {"activeUserId": "4d13d0d3-f15b-481d-bc4c-07bd3bc5800f", "reason": "foreground", "status": "SUBSCRIBED"}
 LOG  [notification-toast] Backfilled recent notifications {"count": 0, "queryFloorIso": "2026-05-17T16:42:04.123Z", "reason": "foreground"}
 INFO  [LoadTime][Edge:manage-bookings] complete {"action": "fetch", "cursor": undefined, "durationMs": 1371, "hasUserId": true, "keys": ["action", "includeScreenPayload", "userId"], "limit": undefined}
 INFO  [LoadTime][Bookings] query-complete {"durationMs": 1441, "error": undefined, "query": "bookingsSummary", "status": "success", "updatedAt": "2026-05-17T16:42:21.121Z"}
 INFO  [LoadTime][Bookings] load-complete {"counts": {"activeMusicians": 0, "applicants": 0, "history": 0, "ongoing": 0, "pending": 1, "pendingPermits": 0, "review": 0, "upcoming": 0}, "details": {"activeTab": "Pending", "role": "producer", "viewMode": "bookings"}, "durationMs": 2336}
 LOG  [notification-toast] Backfilled recent notifications {"count": 0, "queryFloorIso": "2026-05-17T16:42:05.162Z", "reason": "recovery-poll"}
 LOG  [notification-toast] Backfilled recent notifications {"count": 0, "queryFloorIso": "2026-05-17T16:42:11.174Z", "reason": "recovery-poll"}
 INFO  [LoadTime][Bookings] load-start {"counts": {"activeMusicians": 0, "applicants": 0, "history": 0, "ongoing": 0, "pending": 1, "pendingPermits": 0, "review": 0, "upcoming": 0}, "details": {"activeTab": "Pending", "role": "producer", "viewMode": "bookings"}}
 INFO  [LoadTime][Bookings] load-complete {"counts": {"activeMusicians": 0, "applicants": 0, "history": 1, "ongoing": 0, "pending": 0, "pendingPermits": 0, "review": 0, "upcoming": 0}, "details": {"activeTab": "Pending", "role": "producer", "viewMode": "bookings"}, "durationMs": 1645}
 LOG  [notification-toast] Backfilled recent notifications {"count": 0, "queryFloorIso": "2026-05-17T16:42:17.217Z", "reason": "recovery-poll"}
Android .\index.js ░░░░░░░░░░░░░░░░  0.0% (0/1)
Android Bundled 108ms index.js (1 module)
 INFO  [radio] react-native-track-player unavailable; radio playback is disabled until you run a native dev build.
 WARN  SafeAreaView has been deprecated and will be removed in a future release. Please use 'react-native-safe-area-context' instead. See https://github.com/th3rdwave/react-native-safe-area-context
 WARN  [expo-av]: Expo AV has been deprecated and will be removed in SDK 54. Use the `expo-audio` and `expo-video` packages to replace the required functionality.
 INFO  [push] expo-notifications unavailable; native push registration is disabled until dependencies are installed and Metro is restarted.
 INFO  [LoadTime][Route] enter {"route": "/", "startedAt": "2026-05-17T16:42:46.783Z"}
Android .\index.js ░░░░░░░░░░░░░░░░  0.0% (0/1)
Android Bundled 125ms index.js (1 module)
 INFO  [radio] react-native-track-player unavailable; radio playback is disabled until you run a native dev build.
 WARN  SafeAreaView has been deprecated and will be removed in a future release. Please use 'react-native-safe-area-context' instead. See https://github.com/th3rdwave/react-native-safe-area-context
 WARN  [expo-av]: Expo AV has been deprecated and will be removed in SDK 54. Use the `expo-audio` and `expo-video` packages to replace the required functionality.
 INFO  [push] expo-notifications unavailable; native push registration is disabled until dependencies are installed and Metro is restarted.
 INFO  [LoadTime][Route] enter {"route": "/", "startedAt": "2026-05-17T16:44:59.997Z"}
 INFO  [LoadTime][Route] leave {"durationMs": 2589, "route": "/"}
 INFO  [LoadTime][Feed] mount {"details": {"hasMore": false, "tab": "for_you", "user": "guest"}, "startedAt": "2026-05-17T16:45:04.325Z"}
 INFO  [LoadTime][Route] enter {"route": "/(tabs)/feed", "startedAt": "2026-05-17T16:45:04.348Z"}
 LOG  [notification-toast] Notification toast channel status {"activeUserId": "2524e12d-4446-470f-8155-3023a4126905", "reason": "initial", "status": "SUBSCRIBED"}
 INFO  [LoadTime][Feed] query-start {"query": "forYouFeed", "status": "pending"}
 LOG  [notification-toast] Backfilled recent notifications {"count": 0, "queryFloorIso": "2026-05-17T16:39:49.797Z", "reason": "subscribed:initial"}
 INFO  [LoadTime][Edge:manage-social-feed] complete {"action": "get_feed", "cursor": undefined, "durationMs": 957, "hasUserId": true, "keys": ["action", "cursor", "feed_type", "limit", "personalize", "userId"], "limit": 12}
 INFO  [LoadTime][Feed] primary-page-parsed {"append": false, "feedTab": "for_you", "pages": 1, "posts": 2}
 INFO  [LoadTime][Feed] snapshot-ready {"aiCards": 0, "feedTab": "for_you", "hasMore": false, "posts": 2}
 INFO  [LoadTime][Feed] load-complete {"counts": {"aiCards": 0, "followingEntities": 0, "posts": 2}, "details": {"hasMore": false, "tab": "for_you", "user": "signed-in"}, "durationMs": 3656}
 INFO  [LoadTime][Feed] first-ready {"counts": {"aiCards": 0, "followingEntities": 0, "posts": 2}, "details": {"hasMore": false, "tab": "for_you", "user": "signed-in"}, "durationMs": 3658, "renderCount": 10}
 INFO  [LoadTime][Feed] query-complete {"durationMs": 1213, "error": undefined, "query": "forYouFeed", "status": "success", "updatedAt": "2026-05-17T16:45:07.191Z"}
 INFO  [LoadTime][FeedRadio] fetch-start {"details": {"includeItems": true}}
 INFO  [LoadTime][FeedRadio] edge-complete {"details": {"featuredOnly": true, "playableStations": 1, "stations": 1}, "durationMs": 876}
 INFO  [LoadTime][FeedRadio] fetch-complete {"details": {"playableStations": 1, "stations": 1}, "durationMs": 877}
 WARN  [GROQ_ROUTER] Request failed {"apiKeySignature": "len=56 prefix=gsk_zq suffix=j7J5Bx", "apiKeySource": "process.env.EXPO_PUBLIC_GROQ_API_KEY", "message": "Invalid API Key", "modelId": "llama-3.3-70b-versatile", "modelSource": "default.llama-3.3-70b-versatile", "status": 401}
 WARN  [GROQ_ROUTER] Request exception {"apiKeySignature": "len=56 prefix=gsk_zq suffix=j7J5Bx", "apiKeySource": "process.env.EXPO_PUBLIC_GROQ_API_KEY", "message": "Invalid API Key", "modelId": "llama-3.3-70b-versatile", "modelSource": "default.llama-3.3-70b-versatile"}
 LOG  [notification-toast] Backfilled recent notifications {"count": 0, "queryFloorIso": "2026-05-17T16:44:50.356Z", "reason": "recovery-poll"}
 LOG  [notification-toast] Backfilled recent notifications {"count": 0, "queryFloorIso": "2026-05-17T16:44:55.825Z", "reason": "recovery-poll"}
 LOG  [notification-toast] Backfilled recent notifications {"count": 0, "queryFloorIso": "2026-05-17T16:45:01.856Z", "reason": "recovery-poll"}
 LOG  [notification-toast] Backfilled recent notifications {"count": 0, "queryFloorIso": "2026-05-17T16:45:07.887Z", "reason": "recovery-poll"}
 LOG  [notification-toast] Disposed notification toast channel {"activeUserId": "2524e12d-4446-470f-8155-3023a4126905", "reason": "app-state:background"}
 INFO  [LoadTime][Bookings] mount {"details": {"activeTab": "Pending", "role": "unknown", "viewMode": "bookings"}, "startedAt": "2026-05-17T16:45:32.358Z"}
 INFO  [LoadTime][Bookings] first-ready {"counts": {"activeMusicians": 0, "applicants": 0, "history": 0, "ongoing": 0, "pending": 0, "pendingPermits": 0, "review": 0, "upcoming": 0}, "details": {"activeTab": "Pending", "role": "unknown", "viewMode": "bookings"}, "durationMs": 250, "renderCount": 1}
 INFO  [LoadTime][Bookings] query-start {"query": "bookingsSummary", "status": "pending"}
 INFO  [LoadTime][Route] leave {"durationMs": 28390, "route": "/(tabs)/feed"}
 INFO  [LoadTime][Route] enter {"route": "/(tabs)/bookings", "startedAt": "2026-05-17T16:45:32.739Z"}
 LOG  [notification-toast] Notification toast channel status {"activeUserId": "2524e12d-4446-470f-8155-3023a4126905", "reason": "foreground", "status": "SUBSCRIBED"}
 INFO  [LoadTime][Edge:manage-bookings] complete {"action": "fetch", "cursor": undefined, "durationMs": 1438, "hasUserId": true, "keys": ["action", "includeScreenPayload", "userId"], "limit": undefined}
 INFO  [LoadTime][Bookings] query-complete {"durationMs": 1523, "error": undefined, "query": "bookingsSummary", "status": "success", "updatedAt": "2026-05-17T16:45:33.798Z"}
 INFO  [LoadTime][Bookings] load-complete {"counts": {"activeMusicians": 0, "applicants": 0, "history": 0, "ongoing": 0, "pending": 1, "pendingPermits": 0, "review": 0, "upcoming": 0}, "details": {"activeTab": "Pending", "role": "producer", "viewMode": "bookings"}, "durationMs": 2426}
 LOG  [notification-toast] Backfilled recent notifications {"count": 0, "queryFloorIso": "2026-05-17T16:45:16.742Z", "reason": "recovery-poll"}
 LOG  [notification-toast] Backfilled recent notifications {"count": 0, "queryFloorIso": "2026-05-17T16:45:20.763Z", "reason": "recovery-poll"}
 INFO  [LoadTime][Bookings] load-start {"counts": {"activeMusicians": 0, "applicants": 0, "history": 0, "ongoing": 0, "pending": 1, "pendingPermits": 0, "review": 0, "upcoming": 0}, "details": {"activeTab": "Pending", "role": "producer", "viewMode": "bookings"}}
 LOG  [notification-toast] Backfilled recent notifications {"count": 0, "queryFloorIso": "2026-05-17T16:45:26.782Z", "reason": "recovery-poll"}
 INFO  [LoadTime][Bookings] load-complete {"counts": {"activeMusicians": 0, "applicants": 0, "history": 1, "ongoing": 0, "pending": 0, "pendingPermits": 0, "review": 0, "upcoming": 0}, "details": {"activeTab": "Pending", "role": "producer", "viewMode": "bookings"}, "durationMs": 1638}
Android .\index.js ░░░░░░░░░░░░░░░░  0.0% (0/1)
Android Bundled 113ms index.js (1 module)
 INFO  [radio] react-native-track-player unavailable; radio playback is disabled until you run a native dev build.
 WARN  SafeAreaView has been deprecated and will be removed in a future release. Please use 'react-native-safe-area-context' instead. See https://github.com/th3rdwave/react-native-safe-area-context
 WARN  [expo-av]: Expo AV has been deprecated and will be removed in SDK 54. Use the `expo-audio` and `expo-video` packages to replace the required functionality.
 INFO  [push] expo-notifications unavailable; native push registration is disabled until dependencies are installed and Metro is restarted.
 INFO  [LoadTime][Route] enter {"route": "/", "startedAt": "2026-05-17T16:45:59.538Z"}
Android .\index.js ░░░░░░░░░░░░░░░░  0.0% (0/1)
Android Bundled 119ms index.js (1 module)
 INFO  [radio] react-native-track-player unavailable; radio playback is disabled until you run a native dev build.
 WARN  SafeAreaView has been deprecated and will be removed in a future release. Please use 'react-native-safe-area-context' instead. See https://github.com/th3rdwave/react-native-safe-area-context
 WARN  [expo-av]: Expo AV has been deprecated and will be removed in SDK 54. Use the `expo-audio` and `expo-video` packages to replace the required functionality.
 INFO  [push] expo-notifications unavailable; native push registration is disabled until dependencies are installed and Metro is restarted.
 INFO  [LoadTime][Route] enter {"route": "/", "startedAt": "2026-05-17T16:48:13.383Z"}
 INFO  [LoadTime][Route] leave {"durationMs": 2797, "route": "/"}
 INFO  [LoadTime][Feed] mount {"details": {"hasMore": false, "tab": "for_you", "user": "guest"}, "startedAt": "2026-05-17T16:48:17.647Z"}
 INFO  [LoadTime][Route] enter {"route": "/(tabs)/feed", "startedAt": "2026-05-17T16:48:17.670Z"}
 LOG  [notification-toast] Notification toast channel status {"activeUserId": "027df57e-9fc5-4e6e-8288-f3a774de77eb", "reason": "initial", "status": "SUBSCRIBED"}
 INFO  [LoadTime][Feed] query-start {"query": "forYouFeed", "status": "pending"}
 LOG  [notification-toast] Backfilled recent notifications {"count": 0, "queryFloorIso": "2026-05-17T16:43:03.081Z", "reason": "subscribed:initial"}
 INFO  [LoadTime][Edge:manage-social-feed] complete {"action": "get_feed", "cursor": undefined, "durationMs": 954, "hasUserId": true, "keys": ["action", "cursor", "feed_type", "limit", "personalize", "userId"], "limit": 12}
 INFO  [LoadTime][Feed] primary-page-parsed {"append": false, "feedTab": "for_you", "pages": 1, "posts": 2}
 INFO  [LoadTime][Feed] snapshot-ready {"aiCards": 0, "feedTab": "for_you", "hasMore": false, "posts": 2}
 INFO  [LoadTime][Feed] load-complete {"counts": {"aiCards": 0, "followingEntities": 0, "posts": 2}, "details": {"hasMore": false, "tab": "for_you", "user": "signed-in"}, "durationMs": 3106}
 INFO  [LoadTime][Feed] first-ready {"counts": {"aiCards": 0, "followingEntities": 0, "posts": 2}, "details": {"hasMore": false, "tab": "for_you", "user": "signed-in"}, "durationMs": 3108, "renderCount": 10}
 INFO  [LoadTime][Feed] query-complete {"durationMs": 1309, "error": undefined, "query": "forYouFeed", "status": "success", "updatedAt": "2026-05-17T16:48:19.871Z"}
 INFO  [LoadTime][FeedRadio] fetch-start {"details": {"includeItems": true}}
 INFO  [LoadTime][FeedRadio] edge-complete {"details": {"featuredOnly": true, "playableStations": 1, "stations": 1}, "durationMs": 800}
 INFO  [LoadTime][FeedRadio] fetch-complete {"details": {"playableStations": 1, "stations": 1}, "durationMs": 803}
 WARN  [GROQ_ROUTER] Request failed {"apiKeySignature": "len=56 prefix=gsk_zq suffix=j7J5Bx", "apiKeySource": "process.env.EXPO_PUBLIC_GROQ_API_KEY", "message": "Invalid API Key", "modelId": "llama-3.3-70b-versatile", "modelSource": "default.llama-3.3-70b-versatile", "status": 401}
 WARN  [GROQ_ROUTER] Request exception {"apiKeySignature": "len=56 prefix=gsk_zq suffix=j7J5Bx", "apiKeySource": "process.env.EXPO_PUBLIC_GROQ_API_KEY", "message": "Invalid API Key", "modelId": "llama-3.3-70b-versatile", "modelSource": "default.llama-3.3-70b-versatile"}
 LOG  [notification-toast] Backfilled recent notifications {"count": 0, "queryFloorIso": "2026-05-17T16:48:03.454Z", "reason": "recovery-poll"}
 LOG  [notification-toast] Backfilled recent notifications {"count": 0, "queryFloorIso": "2026-05-17T16:48:09.100Z", "reason": "recovery-poll"}
 LOG  [notification-toast] Backfilled recent notifications {"count": 0, "queryFloorIso": "2026-05-17T16:48:15.130Z", "reason": "recovery-poll"}
 LOG  [notification-toast] Backfilled recent notifications {"count": 0, "queryFloorIso": "2026-05-17T16:48:21.161Z", "reason": "recovery-poll"}
 LOG  [notification-toast] Disposed notification toast channel {"activeUserId": "027df57e-9fc5-4e6e-8288-f3a774de77eb", "reason": "app-state:background"}
 INFO  [LoadTime][Bookings] mount {"details": {"activeTab": "Pending", "role": "unknown", "viewMode": "bookings"}, "startedAt": "2026-05-17T16:48:46.497Z"}
 INFO  [LoadTime][Bookings] first-ready {"counts": {"activeMusicians": 0, "applicants": 0, "history": 0, "ongoing": 0, "pending": 0, "pendingPermits": 0, "review": 0, "upcoming": 0}, "details": {"activeTab": "Pending", "role": "unknown", "viewMode": "bookings"}, "durationMs": 244, "renderCount": 1}
 INFO  [LoadTime][Bookings] query-start {"query": "bookingsSummary", "status": "pending"}
 INFO  [LoadTime][Route] leave {"durationMs": 29183, "route": "/(tabs)/feed"}
 INFO  [LoadTime][Route] enter {"route": "/(tabs)/bookings", "startedAt": "2026-05-17T16:48:46.854Z"}
 LOG  [notification-toast] Notification toast channel status {"activeUserId": "027df57e-9fc5-4e6e-8288-f3a774de77eb", "reason": "foreground", "status": "SUBSCRIBED"}
 LOG  [notification-toast] Backfilled recent notifications {"count": 0, "queryFloorIso": "2026-05-17T16:48:30.888Z", "reason": "foreground"}
 INFO  [LoadTime][Edge:manage-bookings] complete {"action": "fetch", "cursor": undefined, "durationMs": 2473, "hasUserId": true, "keys": ["action", "includeScreenPayload", "userId"], "limit": undefined}
 INFO  [LoadTime][Bookings] query-complete {"durationMs": 2560, "error": undefined, "query": "bookingsSummary", "status": "success", "updatedAt": "2026-05-17T16:48:48.974Z"}
 INFO  [LoadTime][Bookings] load-complete {"counts": {"activeMusicians": 0, "applicants": 0, "history": 0, "ongoing": 0, "pending": 1, "pendingPermits": 0, "review": 0, "upcoming": 0}, "details": {"activeTab": "Pending", "role": "musician", "viewMode": "bookings"}, "durationMs": 3533}
 LOG  [notification-toast] Backfilled recent notifications {"count": 0, "queryFloorIso": "2026-05-17T16:48:31.872Z", "reason": "recovery-poll"}
 LOG  [notification-toast] Backfilled recent notifications {"count": 0, "queryFloorIso": "2026-05-17T16:48:37.893Z", "reason": "recovery-poll"}
 INFO  [LoadTime][Bookings] load-start {"counts": {"activeMusicians": 0, "applicants": 0, "history": 0, "ongoing": 0, "pending": 1, "pendingPermits": 0, "review": 0, "upcoming": 0}, "details": {"activeTab": "Pending", "role": "musician", "viewMode": "bookings"}}
 INFO  [LoadTime][Bookings] load-complete {"counts": {"activeMusicians": 0, "applicants": 0, "history": 1, "ongoing": 0, "pending": 0, "pendingPermits": 0, "review": 0, "upcoming": 0}, "details": {"activeTab": "Pending", "role": "musician", "viewMode": "bookings"}, "durationMs": 1987}
 LOG  [notification-toast] Backfilled recent notifications {"count": 0, "queryFloorIso": "2026-05-17T16:48:43.933Z", "reason": "recovery-poll"}
Android .\index.js ░░░░░░░░░░░░░░░░  0.0% (0/1)
Android Bundled 107ms index.js (1 module)
 INFO  [radio] react-native-track-player unavailable; radio playback is disabled until you run a native dev build.
 WARN  SafeAreaView has been deprecated and will be removed in a future release. Please use 'react-native-safe-area-context' instead. See https://github.com/th3rdwave/react-native-safe-area-context
 WARN  [expo-av]: Expo AV has been deprecated and will be removed in SDK 54. Use the `expo-audio` and `expo-video` packages to replace the required functionality.
 INFO  [push] expo-notifications unavailable; native push registration is disabled until dependencies are installed and Metro is restarted.
 INFO  [LoadTime][Route] enter {"route": "/", "startedAt": "2026-05-17T16:49:13.698Z"}
Android .\index.js ░░░░░░░░░░░░░░░░  0.0% (0/1)
Android Bundled 111ms index.js (1 module)
 INFO  [radio] react-native-track-player unavailable; radio playback is disabled until you run a native dev build.
 WARN  SafeAreaView has been deprecated and will be removed in a future release. Please use 'react-native-safe-area-context' instead. See https://github.com/th3rdwave/react-native-safe-area-context
 WARN  [expo-av]: Expo AV has been deprecated and will be removed in SDK 54. Use the `expo-audio` and `expo-video` packages to replace the required functionality.
 INFO  [push] expo-notifications unavailable; native push registration is disabled until dependencies are installed and Metro is restarted.
 INFO  [LoadTime][Route] enter {"route": "/", "startedAt": "2026-05-17T16:51:27.060Z"}
 INFO  [LoadTime][Route] leave {"durationMs": 2641, "route": "/"}
 INFO  [LoadTime][Feed] mount {"details": {"hasMore": false, "tab": "for_you", "user": "guest"}, "startedAt": "2026-05-17T16:51:31.331Z"}
 INFO  [LoadTime][Route] enter {"route": "/(tabs)/feed", "startedAt": "2026-05-17T16:51:31.355Z"}
 LOG  [notification-toast] Notification toast channel status {"activeUserId": "314685a0-6af7-425b-a40f-5bfec0f6d5aa", "reason": "initial", "status": "SUBSCRIBED"}
 INFO  [LoadTime][Feed] query-start {"query": "forYouFeed", "status": "pending"}
 LOG  [notification-toast] Backfilled recent notifications {"count": 0, "queryFloorIso": "2026-05-17T16:46:16.747Z", "reason": "subscribed:initial"}
 INFO  [LoadTime][Edge:manage-social-feed] complete {"action": "get_feed", "cursor": undefined, "durationMs": 910, "hasUserId": true, "keys": ["action", "cursor", "feed_type", "limit", "personalize", "userId"], "limit": 12}
 INFO  [LoadTime][Feed] primary-page-parsed {"append": false, "feedTab": "for_you", "pages": 1, "posts": 2}
 INFO  [LoadTime][Feed] snapshot-ready {"aiCards": 0, "feedTab": "for_you", "hasMore": false, "posts": 2}
 INFO  [LoadTime][Feed] load-complete {"counts": {"aiCards": 0, "followingEntities": 0, "posts": 2}, "details": {"hasMore": false, "tab": "for_you", "user": "signed-in"}, "durationMs": 3013}
 INFO  [LoadTime][Feed] first-ready {"counts": {"aiCards": 0, "followingEntities": 0, "posts": 2}, "details": {"hasMore": false, "tab": "for_you", "user": "signed-in"}, "durationMs": 3016, "renderCount": 10}
 INFO  [LoadTime][Feed] query-complete {"durationMs": 1256, "error": undefined, "query": "forYouFeed", "status": "success", "updatedAt": "2026-05-17T16:51:33.441Z"}
 INFO  [LoadTime][FeedRadio] fetch-start {"details": {"includeItems": true}}
 INFO  [LoadTime][FeedRadio] edge-complete {"details": {"featuredOnly": true, "playableStations": 1, "stations": 1}, "durationMs": 877}
 INFO  [LoadTime][FeedRadio] fetch-complete {"details": {"playableStations": 1, "stations": 1}, "durationMs": 880}
 WARN  [GROQ_ROUTER] Request failed {"apiKeySignature": "len=56 prefix=gsk_zq suffix=j7J5Bx", "apiKeySource": "process.env.EXPO_PUBLIC_GROQ_API_KEY", "message": "Invalid API Key", "modelId": "llama-3.3-70b-versatile", "modelSource": "default.llama-3.3-70b-versatile", "status": 401}
 WARN  [GROQ_ROUTER] Request exception {"apiKeySignature": "len=56 prefix=gsk_zq suffix=j7J5Bx", "apiKeySource": "process.env.EXPO_PUBLIC_GROQ_API_KEY", "message": "Invalid API Key", "modelId": "llama-3.3-70b-versatile", "modelSource": "default.llama-3.3-70b-versatile"}
 LOG  [notification-toast] Backfilled recent notifications {"count": 0, "queryFloorIso": "2026-05-17T16:51:17.368Z", "reason": "recovery-poll"}
 LOG  [notification-toast] Backfilled recent notifications {"count": 0, "queryFloorIso": "2026-05-17T16:51:22.775Z", "reason": "recovery-poll"}
 LOG  [notification-toast] Backfilled recent notifications {"count": 0, "queryFloorIso": "2026-05-17T16:51:28.805Z", "reason": "recovery-poll"}
 LOG  [notification-toast] Backfilled recent notifications {"count": 0, "queryFloorIso": "2026-05-17T16:51:34.836Z", "reason": "recovery-poll"}
 LOG  [notification-toast] Disposed notification toast channel {"activeUserId": "314685a0-6af7-425b-a40f-5bfec0f6d5aa", "reason": "app-state:background"}
 INFO  [LoadTime][Bookings] mount {"details": {"activeTab": "Pending", "role": "unknown", "viewMode": "bookings"}, "startedAt": "2026-05-17T16:51:59.360Z"}
 INFO  [LoadTime][Bookings] first-ready {"counts": {"activeMusicians": 0, "applicants": 0, "history": 0, "ongoing": 0, "pending": 0, "pendingPermits": 0, "review": 0, "upcoming": 0}, "details": {"activeTab": "Pending", "role": "unknown", "viewMode": "bookings"}, "durationMs": 253, "renderCount": 1}
 INFO  [LoadTime][Bookings] query-start {"query": "bookingsSummary", "status": "pending"}
 INFO  [LoadTime][Route] leave {"durationMs": 28350, "route": "/(tabs)/feed"}
 INFO  [LoadTime][Route] enter {"route": "/(tabs)/bookings", "startedAt": "2026-05-17T16:51:59.706Z"}
 LOG  [notification-toast] Notification toast channel status {"activeUserId": "314685a0-6af7-425b-a40f-5bfec0f6d5aa", "reason": "foreground", "status": "SUBSCRIBED"}
 LOG  [notification-toast] Backfilled recent notifications {"count": 0, "queryFloorIso": "2026-05-17T16:51:43.747Z", "reason": "subscribed:foreground"}
 INFO  [LoadTime][Edge:manage-bookings] complete {"action": "fetch", "cursor": undefined, "durationMs": 2832, "hasUserId": true, "keys": ["action", "includeScreenPayload", "userId"], "limit": undefined}
 INFO  [LoadTime][Bookings] query-complete {"durationMs": 2919, "error": undefined, "query": "bookingsSummary", "status": "success", "updatedAt": "2026-05-17T16:52:02.193Z"}
 INFO  [LoadTime][Bookings] load-complete {"counts": {"activeMusicians": 0, "applicants": 0, "history": 0, "ongoing": 0, "pending": 1, "pendingPermits": 0, "review": 0, "upcoming": 0}, "details": {"activeTab": "Pending", "role": "musician", "viewMode": "bookings"}, "durationMs": 3916}
 LOG  [notification-toast] Backfilled recent notifications {"count": 0, "queryFloorIso": "2026-05-17T16:51:44.895Z", "reason": "recovery-poll"}
 LOG  [notification-toast] Backfilled recent notifications {"count": 0, "queryFloorIso": "2026-05-17T16:51:50.734Z", "reason": "recovery-poll"}
 INFO  [LoadTime][Bookings] load-start {"counts": {"activeMusicians": 0, "applicants": 0, "history": 0, "ongoing": 0, "pending": 1, "pendingPermits": 0, "review": 0, "upcoming": 0}, "details": {"activeTab": "Pending", "role": "musician", "viewMode": "bookings"}}
 INFO  [LoadTime][Bookings] load-complete {"counts": {"activeMusicians": 0, "applicants": 0, "history": 1, "ongoing": 0, "pending": 0, "pendingPermits": 0, "review": 0, "upcoming": 0}, "details": {"activeTab": "Pending", "role": "musician", "viewMode": "bookings"}, "durationMs": 2098}
 LOG  [notification-toast] Backfilled recent notifications {"count": 0, "queryFloorIso": "2026-05-17T16:51:56.775Z", "reason": "recovery-poll"}
Android .\index.js ░░░░░░░░░░░░░░░░  0.0% (0/1)
Android Bundled 106ms index.js (1 module)
 INFO  [radio] react-native-track-player unavailable; radio playback is disabled until you run a native dev build.
 WARN  SafeAreaView has been deprecated and will be removed in a future release. Please use 'react-native-safe-area-context' instead. See https://github.com/th3rdwave/react-native-safe-area-context
 WARN  [expo-av]: Expo AV has been deprecated and will be removed in SDK 54. Use the `expo-audio` and `expo-video` packages to replace the required functionality.
 INFO  [push] expo-notifications unavailable; native push registration is disabled until dependencies are installed and Metro is restarted.
 INFO  [LoadTime][Route] enter {"route": "/", "startedAt": "2026-05-17T16:52:25.750Z"}
Android .\index.js ░░░░░░░░░░░░░░░░  0.0% (0/1)
Android Bundled 119ms index.js (1 module)
 INFO  [radio] react-native-track-player unavailable; radio playback is disabled until you run a native dev build.
 WARN  SafeAreaView has been deprecated and will be removed in a future release. Please use 'react-native-safe-area-context' instead. See https://github.com/th3rdwave/react-native-safe-area-context
 WARN  [expo-av]: Expo AV has been deprecated and will be removed in SDK 54. Use the `expo-audio` and `expo-video` packages to replace the required functionality.
 INFO  [push] expo-notifications unavailable; native push registration is disabled until dependencies are installed and Metro is restarted.
 INFO  [LoadTime][Route] enter {"route": "/", "startedAt": "2026-05-17T16:54:39.172Z"}
 INFO  [LoadTime][Route] leave {"durationMs": 2564, "route": "/"}
 INFO  [LoadTime][Feed] mount {"details": {"hasMore": false, "tab": "for_you", "user": "guest"}, "startedAt": "2026-05-17T16:54:43.504Z"}
 INFO  [LoadTime][Route] enter {"route": "/(tabs)/feed", "startedAt": "2026-05-17T16:54:43.527Z"}
 LOG  [notification-toast] Notification toast channel status {"activeUserId": "3b9ee18e-5a13-41d4-9366-75996f051604", "reason": "initial", "status": "SUBSCRIBED"}
 INFO  [LoadTime][Feed] query-start {"query": "forYouFeed", "status": "pending"}
 LOG  [notification-toast] Backfilled recent notifications {"count": 0, "queryFloorIso": "2026-05-17T16:49:28.943Z", "reason": "subscribed:initial"}
 INFO  [LoadTime][Edge:manage-social-feed] complete {"action": "get_feed", "cursor": undefined, "durationMs": 1060, "hasUserId": true, "keys": ["action", "cursor", "feed_type", "limit", "personalize", "userId"], "limit": 12}
 INFO  [LoadTime][Feed] primary-page-parsed {"append": false, "feedTab": "for_you", "pages": 1, "posts": 2}
 INFO  [LoadTime][Feed] snapshot-ready {"aiCards": 0, "feedTab": "for_you", "hasMore": false, "posts": 2}
 INFO  [LoadTime][Feed] load-complete {"counts": {"aiCards": 0, "followingEntities": 0, "posts": 2}, "details": {"hasMore": false, "tab": "for_you", "user": "signed-in"}, "durationMs": 3302}
 INFO  [LoadTime][Feed] first-ready {"counts": {"aiCards": 0, "followingEntities": 0, "posts": 2}, "details": {"hasMore": false, "tab": "for_you", "user": "signed-in"}, "durationMs": 3305, "renderCount": 11}
 INFO  [LoadTime][Feed] query-complete {"durationMs": 1365, "error": undefined, "query": "forYouFeed", "status": "success", "updatedAt": "2026-05-17T16:54:45.955Z"}
 INFO  [LoadTime][FeedRadio] fetch-start {"details": {"includeItems": true}}
 INFO  [LoadTime][FeedRadio] edge-complete {"details": {"featuredOnly": true, "playableStations": 1, "stations": 1}, "durationMs": 816}
 INFO  [LoadTime][FeedRadio] fetch-complete {"details": {"playableStations": 1, "stations": 1}, "durationMs": 821}
 WARN  [GROQ_ROUTER] Request failed {"apiKeySignature": "len=56 prefix=gsk_zq suffix=j7J5Bx", "apiKeySource": "process.env.EXPO_PUBLIC_GROQ_API_KEY", "message": "Invalid API Key", "modelId": "llama-3.3-70b-versatile", "modelSource": "default.llama-3.3-70b-versatile", "status": 401}
 WARN  [GROQ_ROUTER] Request exception {"apiKeySignature": "len=56 prefix=gsk_zq suffix=j7J5Bx", "apiKeySource": "process.env.EXPO_PUBLIC_GROQ_API_KEY", "message": "Invalid API Key", "modelId": "llama-3.3-70b-versatile", "modelSource": "default.llama-3.3-70b-versatile"}
 LOG  [notification-toast] Backfilled recent notifications {"count": 0, "queryFloorIso": "2026-05-17T16:54:29.582Z", "reason": "recovery-poll"}
 LOG  [notification-toast] Backfilled recent notifications {"count": 0, "queryFloorIso": "2026-05-17T16:54:34.968Z", "reason": "recovery-poll"}
 LOG  [notification-toast] Backfilled recent notifications {"count": 0, "queryFloorIso": "2026-05-17T16:54:40.997Z", "reason": "recovery-poll"}
 LOG  [notification-toast] Backfilled recent notifications {"count": 0, "queryFloorIso": "2026-05-17T16:54:47.028Z", "reason": "recovery-poll"}
 LOG  [notification-toast] Disposed notification toast channel {"activeUserId": "3b9ee18e-5a13-41d4-9366-75996f051604", "reason": "app-state:background"}
 INFO  [LoadTime][Bookings] mount {"details": {"activeTab": "Pending", "role": "unknown", "viewMode": "bookings"}, "startedAt": "2026-05-17T16:55:11.908Z"}
 INFO  [LoadTime][Bookings] first-ready {"counts": {"activeMusicians": 0, "applicants": 0, "history": 0, "ongoing": 0, "pending": 0, "pendingPermits": 0, "review": 0, "upcoming": 0}, "details": {"activeTab": "Pending", "role": "unknown", "viewMode": "bookings"}, "durationMs": 251, "renderCount": 1}
 INFO  [LoadTime][Bookings] query-start {"query": "bookingsSummary", "status": "pending"}
 INFO  [LoadTime][Route] leave {"durationMs": 28762, "route": "/(tabs)/feed"}
 INFO  [LoadTime][Route] enter {"route": "/(tabs)/bookings", "startedAt": "2026-05-17T16:55:12.290Z"}
 LOG  [notification-toast] Notification toast channel status {"activeUserId": "3b9ee18e-5a13-41d4-9366-75996f051604", "reason": "foreground", "status": "SUBSCRIBED"}
 LOG  [notification-toast] Backfilled recent notifications {"count": 0, "queryFloorIso": "2026-05-17T16:54:56.283Z", "reason": "foreground"}
 INFO  [LoadTime][Edge:manage-bookings] complete {"action": "fetch", "cursor": undefined, "durationMs": 1778, "hasUserId": true, "keys": ["action", "includeScreenPayload", "userId"], "limit": undefined}
 INFO  [LoadTime][Bookings] query-complete {"durationMs": 1870, "error": undefined, "query": "bookingsSummary", "status": "success", "updatedAt": "2026-05-17T16:55:13.689Z"}
 INFO  [LoadTime][Bookings] load-complete {"counts": {"activeMusicians": 0, "applicants": 0, "history": 0, "ongoing": 0, "pending": 1, "pendingPermits": 0, "review": 0, "upcoming": 0}, "details": {"activeTab": "Pending", "role": "musician", "viewMode": "bookings"}, "durationMs": 2764}
 LOG  [notification-toast] Backfilled recent notifications {"count": 0, "queryFloorIso": "2026-05-17T16:54:57.333Z", "reason": "recovery-poll"}
 LOG  [notification-toast] Backfilled recent notifications {"count": 0, "queryFloorIso": "2026-05-17T16:55:03.361Z", "reason": "recovery-poll"}
 INFO  [LoadTime][Bookings] load-start {"counts": {"activeMusicians": 0, "applicants": 0, "history": 0, "ongoing": 0, "pending": 1, "pendingPermits": 0, "review": 0, "upcoming": 0}, "details": {"activeTab": "Pending", "role": "musician", "viewMode": "bookings"}}
 LOG  [notification-toast] Received notification realtime payload {"notification": {"created_at": "2026-05-17T16:55:25.424632+00:00", "id": "15cfebce-04dc-4dd5-9083-e1d5af659f48", "image": null, "message": "You joined \"E2E Group e2e-1779035962340-mobile-group-member-invite\".", "meta": {"group_id": "c832980c-7700-418a-aa49-28b634642a6f", "request_id": "b5abb6cb-99db-4168-956a-52be76f6c825", "route": "/bookings", "route_params": [Object], "status": "accepted", "type": "group_member_invite_response"}, "read": false, "title": "Joined Group", "type": "success", "user_id": "3b9ee18e-5a13-41d4-9366-75996f051604"}, "reason": "foreground"}
 LOG  [notification-toast] Displayed notification toast {"emitted": true, "notificationId": "15cfebce-04dc-4dd5-9083-e1d5af659f48", "source": "realtime", "toastType": "success"}
 INFO  [LoadTime][Bookings] load-complete {"counts": {"activeMusicians": 0, "applicants": 0, "history": 1, "ongoing": 0, "pending": 0, "pendingPermits": 0, "review": 0, "upcoming": 0}, "details": {"activeTab": "Pending", "role": "musician", "viewMode": "bookings"}, "durationMs": 2060}
 LOG  [notification-toast] Skipping already displayed notification toast {"notificationId": "15cfebce-04dc-4dd5-9083-e1d5af659f48", "source": "backfill:recovery-poll"}
 LOG  [notification-toast] Backfilled recent notifications {"count": 1, "queryFloorIso": "2026-05-17T16:55:11.289Z", "reason": "recovery-poll"}
 LOG  [notification-toast] Backfilled recent notifications {"count": 0, "queryFloorIso": "2026-05-17T16:55:15.414Z", "reason": "recovery-poll"}
 LOG  [notification-toast] Backfilled recent notifications {"count": 0, "queryFloorIso": "2026-05-17T16:55:21.444Z", "reason": "recovery-poll"}
 LOG  [notification-toast] Backfilled recent notifications {"count": 0, "queryFloorIso": "2026-05-17T16:55:27.475Z", "reason": "recovery-poll"}
 LOG  [notification-toast] Backfilled recent notifications {"count": 0, "queryFloorIso": "2026-05-17T16:55:33.505Z", "reason": "recovery-poll"}
 LOG  [notification-toast] Backfilled recent notifications {"count": 0, "queryFloorIso": "2026-05-17T16:55:39.536Z", "reason": "recovery-poll"}
 LOG  [notification-toast] Backfilled recent notifications {"count": 0, "queryFloorIso": "2026-05-17T16:55:45.567Z", "reason": "recovery-poll"}
Android Bundled 123ms index.js (1 module)
 INFO  [radio] react-native-track-player unavailable; radio playback is disabled until you run a native dev build.
 WARN  SafeAreaView has been deprecated and will be removed in a future release. Please use 'react-native-safe-area-context' instead. See https://github.com/th3rdwave/react-native-safe-area-context
 WARN  [expo-av]: Expo AV has been deprecated and will be removed in SDK 54. Use the `expo-audio` and `expo-video` packages to replace the required functionality.
 INFO  [push] expo-notifications unavailable; native push registration is disabled until dependencies are installed and Metro is restarted.
 INFO  [LoadTime][Route] enter {"route": "/", "startedAt": "2026-05-17T16:56:13.517Z"}
Android .\index.js ░░░░░░░░░░░░░░░░  0.0% (0/1)
Android Bundled 113ms index.js (1 module)
 INFO  [radio] react-native-track-player unavailable; radio playback is disabled until you run a native dev build.
 WARN  SafeAreaView has been deprecated and will be removed in a future release. Please use 'react-native-safe-area-context' instead. See https://github.com/th3rdwave/react-native-safe-area-context
 WARN  [expo-av]: Expo AV has been deprecated and will be removed in SDK 54. Use the `expo-audio` and `expo-video` packages to replace the required functionality.
 INFO  [push] expo-notifications unavailable; native push registration is disabled until dependencies are installed and Metro is restarted.
 INFO  [LoadTime][Route] enter {"route": "/", "startedAt": "2026-05-17T16:58:27.467Z"}
 INFO  [LoadTime][Route] leave {"durationMs": 2429, "route": "/"}
 INFO  [LoadTime][Feed] mount {"details": {"hasMore": false, "tab": "for_you", "user": "guest"}, "startedAt": "2026-05-17T16:58:31.370Z"}
 INFO  [LoadTime][Route] enter {"route": "/(tabs)/feed", "startedAt": "2026-05-17T16:58:31.393Z"}
 LOG  [notification-toast] Notification toast channel status {"activeUserId": "87e12d9c-63e5-4b40-8e64-1e2965081a6f", "reason": "initial", "status": "SUBSCRIBED"}
 INFO  [LoadTime][Feed] query-start {"query": "forYouFeed", "status": "pending"}
 LOG  [notification-toast] Backfilled recent notifications {"count": 0, "queryFloorIso": "2026-05-17T16:53:16.805Z", "reason": "subscribed:initial"}
 INFO  [LoadTime][Edge:manage-social-feed] complete {"action": "get_feed", "cursor": undefined, "durationMs": 834, "hasUserId": true, "keys": ["action", "cursor", "feed_type", "limit", "personalize", "userId"], "limit": 12}
 INFO  [LoadTime][Feed] primary-page-parsed {"append": false, "feedTab": "for_you", "pages": 1, "posts": 2}
 INFO  [LoadTime][Feed] snapshot-ready {"aiCards": 0, "feedTab": "for_you", "hasMore": false, "posts": 2}
 INFO  [LoadTime][Feed] load-complete {"counts": {"aiCards": 0, "followingEntities": 0, "posts": 2}, "details": {"hasMore": false, "tab": "for_you", "user": "signed-in"}, "durationMs": 3202}
 INFO  [LoadTime][Feed] first-ready {"counts": {"aiCards": 0, "followingEntities": 0, "posts": 2}, "details": {"hasMore": false, "tab": "for_you", "user": "signed-in"}, "durationMs": 3204, "renderCount": 10}
 INFO  [LoadTime][Feed] query-complete {"durationMs": 1216, "error": undefined, "query": "forYouFeed", "status": "success", "updatedAt": "2026-05-17T16:58:33.641Z"}
 INFO  [LoadTime][FeedRadio] fetch-start {"details": {"includeItems": true}}
 INFO  [LoadTime][FeedRadio] edge-complete {"details": {"featuredOnly": true, "playableStations": 1, "stations": 1}, "durationMs": 832}
 INFO  [LoadTime][FeedRadio] fetch-complete {"details": {"playableStations": 1, "stations": 1}, "durationMs": 837}
 WARN  [GROQ_ROUTER] Request failed {"apiKeySignature": "len=56 prefix=gsk_zq suffix=j7J5Bx", "apiKeySource": "process.env.EXPO_PUBLIC_GROQ_API_KEY", "message": "Invalid API Key", "modelId": "llama-3.3-70b-versatile", "modelSource": "default.llama-3.3-70b-versatile", "status": 401}
 WARN  [GROQ_ROUTER] Request exception {"apiKeySignature": "len=56 prefix=gsk_zq suffix=j7J5Bx", "apiKeySource": "process.env.EXPO_PUBLIC_GROQ_API_KEY", "message": "Invalid API Key", "modelId": "llama-3.3-70b-versatile", "modelSource": "default.llama-3.3-70b-versatile"}
 LOG  [notification-toast] Backfilled recent notifications {"count": 0, "queryFloorIso": "2026-05-17T16:58:17.213Z", "reason": "recovery-poll"}
 LOG  [notification-toast] Backfilled recent notifications {"count": 0, "queryFloorIso": "2026-05-17T16:58:22.826Z", "reason": "recovery-poll"}
 LOG  [notification-toast] Backfilled recent notifications {"count": 0, "queryFloorIso": "2026-05-17T16:58:28.856Z", "reason": "recovery-poll"}
 LOG  [notification-toast] Backfilled recent notifications {"count": 0, "queryFloorIso": "2026-05-17T16:58:34.887Z", "reason": "recovery-poll"}
 LOG  [notification-toast] Disposed notification toast channel {"activeUserId": "87e12d9c-63e5-4b40-8e64-1e2965081a6f", "reason": "app-state:background"}
 INFO  [LoadTime][Route] leave {"durationMs": 28454, "route": "/(tabs)/feed"}
 INFO  [LoadTime][Route] enter {"route": "/add_studio", "startedAt": "2026-05-17T16:58:59.849Z"}
 LOG  [notification-toast] Notification toast channel status {"activeUserId": "87e12d9c-63e5-4b40-8e64-1e2965081a6f", "reason": "foreground", "status": "SUBSCRIBED"}
 LOG  [notification-toast] Backfilled recent notifications {"count": 0, "queryFloorIso": "2026-05-17T16:58:44.104Z", "reason": "subscribed:foreground"}
 LOG  [notification-toast] Backfilled recent notifications {"count": 0, "queryFloorIso": "2026-05-17T16:58:44.955Z", "reason": "recovery-poll"}
 LOG  [notification-toast] Backfilled recent notifications {"count": 0, "queryFloorIso": "2026-05-17T16:58:50.879Z", "reason": "recovery-poll"}
 LOG  [notification-toast] Backfilled recent notifications {"count": 0, "queryFloorIso": "2026-05-17T16:58:56.909Z", "reason": "recovery-poll"}
 LOG  [notification-toast] Backfilled recent notifications {"count": 0, "queryFloorIso": "2026-05-17T16:59:02.940Z", "reason": "recovery-poll"}
 LOG  [notification-toast] Backfilled recent notifications {"count": 0, "queryFloorIso": "2026-05-17T16:59:08.971Z", "reason": "recovery-poll"}
 LOG  [notification-toast] Backfilled recent notifications {"count": 0, "queryFloorIso": "2026-05-17T16:59:15.001Z", "reason": "recovery-poll"}
 LOG  [notification-toast] Backfilled recent notifications {"count": 0, "queryFloorIso": "2026-05-17T16:59:21.031Z", "reason": "recovery-poll"}
 LOG  [notification-toast] Backfilled recent notifications {"count": 0, "queryFloorIso": "2026-05-17T16:59:27.062Z", "reason": "recovery-poll"}
 LOG  [notification-toast] Backfilled recent notifications {"count": 0, "queryFloorIso": "2026-05-17T16:59:33.091Z", "reason": "recovery-poll"}
 LOG  [notification-toast] Backfilled recent notifications {"count": 0, "queryFloorIso": "2026-05-17T16:59:39.123Z", "reason": "recovery-poll"}
 LOG  [notification-toast] Backfilled recent notifications {"count": 0, "queryFloorIso": "2026-05-17T16:59:45.153Z", "reason": "recovery-poll"}
 LOG  [notification-toast] Backfilled recent notifications {"count": 0, "queryFloorIso": "2026-05-17T16:59:51.184Z", "reason": "recovery-poll"}
 LOG  [notification-toast] Backfilled recent notifications {"count": 0, "queryFloorIso": "2026-05-17T16:59:57.214Z", "reason": "recovery-poll"}
 LOG  [notification-toast] Backfilled recent notifications {"count": 0, "queryFloorIso": "2026-05-17T17:00:03.243Z", "reason": "recovery-poll"}
 LOG  [notification-toast] Backfilled recent notifications {"count": 0, "queryFloorIso": "2026-05-17T17:00:09.278Z", "reason": "recovery-poll"}
 LOG  [notification-toast] Backfilled recent notifications {"count": 0, "queryFloorIso": "2026-05-17T17:00:15.306Z", "reason": "recovery-poll"}
 LOG  [notification-toast] Backfilled recent notifications {"count": 0, "queryFloorIso": "2026-05-17T17:00:21.335Z", "reason": "recovery-poll"}
 LOG  [notification-toast] Backfilled recent notifications {"count": 0, "queryFloorIso": "2026-05-17T17:00:27.354Z", "reason": "recovery-poll"}
 LOG  [notification-toast] Backfilled recent notifications {"count": 0, "queryFloorIso": "2026-05-17T17:00:33.396Z", "reason": "recovery-poll"}
 LOG  [notification-toast] Backfilled recent notifications {"count": 0, "queryFloorIso": "2026-05-17T17:00:39.427Z", "reason": "recovery-poll"}
 LOG  [notification-toast] Backfilled recent notifications {"count": 0, "queryFloorIso": "2026-05-17T17:00:45.457Z", "reason": "recovery-poll"}
 LOG  [notification-toast] Backfilled recent notifications {"count": 0, "queryFloorIso": "2026-05-17T17:00:51.487Z", "reason": "recovery-poll"}
 LOG  [notification-toast] Backfilled recent notifications {"count": 0, "queryFloorIso": "2026-05-17T17:00:57.518Z", "reason": "recovery-poll"}
 LOG  [notification-toast] Backfilled recent notifications {"count": 0, "queryFloorIso": "2026-05-17T17:01:03.548Z", "reason": "recovery-poll"}
 LOG  [notification-toast] Backfilled recent notifications {"count": 0, "queryFloorIso": "2026-05-17T17:01:09.579Z", "reason": "recovery-poll"}
 LOG  [notification-toast] Backfilled recent notifications {"count": 0, "queryFloorIso": "2026-05-17T17:01:15.609Z", "reason": "recovery-poll"}
 LOG  [notification-toast] Backfilled recent notifications {"count": 0, "queryFloorIso": "2026-05-17T17:01:21.640Z", "reason": "recovery-poll"}
 LOG  [notification-toast] Backfilled recent notifications {"count": 0, "queryFloorIso": "2026-05-17T17:01:27.670Z", "reason": "recovery-poll"}
 LOG  [notification-toast] Backfilled recent notifications {"count": 0, "queryFloorIso": "2026-05-17T17:01:33.701Z", "reason": "recovery-poll"}
 LOG  [notification-toast] Backfilled recent notifications {"count": 0, "queryFloorIso": "2026-05-17T17:01:39.731Z", "reason": "recovery-poll"}
 LOG  [notification-toast] Backfilled recent notifications {"count": 0, "queryFloorIso": "2026-05-17T17:01:45.762Z", "reason": "recovery-poll"}
Android Bundled 154ms index.js (1 module)
 INFO  [radio] react-native-track-player unavailable; radio playback is disabled until you run a native dev build.
 WARN  SafeAreaView has been deprecated and will be removed in a future release. Please use 'react-native-safe-area-context' instead. See https://github.com/th3rdwave/react-native-safe-area-context
 WARN  [expo-av]: Expo AV has been deprecated and will be removed in SDK 54. Use the `expo-audio` and `expo-video` packages to replace the required functionality.
 INFO  [push] expo-notifications unavailable; native push registration is disabled until dependencies are installed and Metro is restarted.
 INFO  [LoadTime][Route] enter {"route": "/", "startedAt": "2026-05-17T17:02:14.954Z"}
Android .\index.js ░░░░░░░░░░░░░░░░  0.0% (0/1)
Android Bundled 120ms index.js (1 module)
 INFO  [radio] react-native-track-player unavailable; radio playback is disabled until you run a native dev build.
 WARN  SafeAreaView has been deprecated and will be removed in a future release. Please use 'react-native-safe-area-context' instead. See https://github.com/th3rdwave/react-native-safe-area-context
 WARN  [expo-av]: Expo AV has been deprecated and will be removed in SDK 54. Use the `expo-audio` and `expo-video` packages to replace the required functionality.
 INFO  [push] expo-notifications unavailable; native push registration is disabled until dependencies are installed and Metro is restarted.
 INFO  [LoadTime][Route] enter {"route": "/", "startedAt": "2026-05-17T17:04:29.363Z"}
 INFO  [LoadTime][Route] leave {"durationMs": 2512, "route": "/"}
 INFO  [LoadTime][Feed] mount {"details": {"hasMore": false, "tab": "for_you", "user": "guest"}, "startedAt": "2026-05-17T17:04:33.453Z"}
 INFO  [LoadTime][Route] enter {"route": "/(tabs)/feed", "startedAt": "2026-05-17T17:04:33.476Z"}
 LOG  [notification-toast] Notification toast channel status {"activeUserId": "e5edf503-2c5f-4da0-84cc-0acab02bc392", "reason": "initial", "status": "SUBSCRIBED"}
 INFO  [LoadTime][Feed] query-start {"query": "forYouFeed", "status": "pending"}
 LOG  [notification-toast] Backfilled recent notifications {"count": 0, "queryFloorIso": "2026-05-17T16:59:18.911Z", "reason": "subscribed:initial"}
 INFO  [LoadTime][Edge:manage-social-feed] complete {"action": "get_feed", "cursor": undefined, "durationMs": 1082, "hasUserId": true, "keys": ["action", "cursor", "feed_type", "limit", "personalize", "userId"], "limit": 12}
 INFO  [LoadTime][Feed] primary-page-parsed {"append": false, "feedTab": "for_you", "pages": 1, "posts": 2}
 INFO  [LoadTime][Feed] snapshot-ready {"aiCards": 0, "feedTab": "for_you", "hasMore": false, "posts": 2}
 INFO  [LoadTime][Feed] load-complete {"counts": {"aiCards": 0, "followingEntities": 0, "posts": 2}, "details": {"hasMore": false, "tab": "for_you", "user": "signed-in"}, "durationMs": 3250}
 INFO  [LoadTime][Feed] first-ready {"counts": {"aiCards": 0, "followingEntities": 0, "posts": 2}, "details": {"hasMore": false, "tab": "for_you", "user": "signed-in"}, "durationMs": 3252, "renderCount": 11}
 INFO  [LoadTime][Feed] query-complete {"durationMs": 1484, "error": undefined, "query": "forYouFeed", "status": "success", "updatedAt": "2026-05-17T17:04:35.747Z"}
 INFO  [LoadTime][FeedRadio] fetch-start {"details": {"includeItems": true}}
 INFO  [LoadTime][FeedRadio] edge-complete {"details": {"featuredOnly": true, "playableStations": 1, "stations": 1}, "durationMs": 729}
 INFO  [LoadTime][FeedRadio] fetch-complete {"details": {"playableStations": 1, "stations": 1}, "durationMs": 733}
 WARN  [GROQ_ROUTER] Request failed {"apiKeySignature": "len=56 prefix=gsk_zq suffix=j7J5Bx", "apiKeySource": "process.env.EXPO_PUBLIC_GROQ_API_KEY", "message": "Invalid API Key", "modelId": "llama-3.3-70b-versatile", "modelSource": "default.llama-3.3-70b-versatile", "status": 401}
 WARN  [GROQ_ROUTER] Request exception {"apiKeySignature": "len=56 prefix=gsk_zq suffix=j7J5Bx", "apiKeySource": "process.env.EXPO_PUBLIC_GROQ_API_KEY", "message": "Invalid API Key", "modelId": "llama-3.3-70b-versatile", "modelSource": "default.llama-3.3-70b-versatile"}
 LOG  [notification-toast] Backfilled recent notifications {"count": 0, "queryFloorIso": "2026-05-17T17:04:19.316Z", "reason": "recovery-poll"}
 LOG  [notification-toast] Backfilled recent notifications {"count": 0, "queryFloorIso": "2026-05-17T17:04:24.937Z", "reason": "recovery-poll"}
 LOG  [notification-toast] Backfilled recent notifications {"count": 0, "queryFloorIso": "2026-05-17T17:04:30.967Z", "reason": "recovery-poll"}
 LOG  [notification-toast] Backfilled recent notifications {"count": 0, "queryFloorIso": "2026-05-17T17:04:36.997Z", "reason": "recovery-poll"}
 LOG  [notification-toast] Disposed notification toast channel {"activeUserId": "e5edf503-2c5f-4da0-84cc-0acab02bc392", "reason": "app-state:background"}
 INFO  [LoadTime][Route] leave {"durationMs": 28378, "route": "/(tabs)/feed"}
 INFO  [LoadTime][Route] enter {"route": "/add_studio", "startedAt": "2026-05-17T17:05:01.856Z"}
 LOG  [notification-toast] Notification toast channel status {"activeUserId": "e5edf503-2c5f-4da0-84cc-0acab02bc392", "reason": "foreground", "status": "SUBSCRIBED"}
 LOG  [notification-toast] Backfilled recent notifications {"count": 0, "queryFloorIso": "2026-05-17T17:04:46.103Z", "reason": "recovery-poll"}
 LOG  [notification-toast] Backfilled recent notifications {"count": 0, "queryFloorIso": "2026-05-17T17:04:49.874Z", "reason": "recovery-poll"}
 LOG  [notification-toast] Backfilled recent notifications {"count": 0, "queryFloorIso": "2026-05-17T17:04:55.905Z", "reason": "recovery-poll"}
 LOG  [notification-toast] Backfilled recent notifications {"count": 0, "queryFloorIso": "2026-05-17T17:05:01.936Z", "reason": "recovery-poll"}
 LOG  [notification-toast] Backfilled recent notifications {"count": 0, "queryFloorIso": "2026-05-17T17:05:07.966Z", "reason": "recovery-poll"}
 LOG  [notification-toast] Backfilled recent notifications {"count": 0, "queryFloorIso": "2026-05-17T17:05:13.996Z", "reason": "recovery-poll"}
 LOG  [notification-toast] Backfilled recent notifications {"count": 0, "queryFloorIso": "2026-05-17T17:05:20.027Z", "reason": "recovery-poll"}
 LOG  [notification-toast] Backfilled recent notifications {"count": 0, "queryFloorIso": "2026-05-17T17:05:26.057Z", "reason": "recovery-poll"}
 LOG  [notification-toast] Backfilled recent notifications {"count": 0, "queryFloorIso": "2026-05-17T17:05:32.087Z", "reason": "recovery-poll"}
 LOG  [notification-toast] Backfilled recent notifications {"count": 0, "queryFloorIso": "2026-05-17T17:05:38.118Z", "reason": "recovery-poll"}
 LOG  [notification-toast] Backfilled recent notifications {"count": 0, "queryFloorIso": "2026-05-17T17:05:44.148Z", "reason": "recovery-poll"}
 LOG  [notification-toast] Backfilled recent notifications {"count": 0, "queryFloorIso": "2026-05-17T17:05:50.179Z", "reason": "recovery-poll"}
 LOG  [notification-toast] Backfilled recent notifications {"count": 0, "queryFloorIso": "2026-05-17T17:05:56.208Z", "reason": "recovery-poll"}
 LOG  [notification-toast] Backfilled recent notifications {"count": 0, "queryFloorIso": "2026-05-17T17:06:02.240Z", "reason": "recovery-poll"}
 LOG  [notification-toast] Backfilled recent notifications {"count": 0, "queryFloorIso": "2026-05-17T17:06:08.253Z", "reason": "recovery-poll"}
 LOG  [notification-toast] Backfilled recent notifications {"count": 0, "queryFloorIso": "2026-05-17T17:06:14.284Z", "reason": "recovery-poll"}
 LOG  [notification-toast] Backfilled recent notifications {"count": 0, "queryFloorIso": "2026-05-17T17:06:20.315Z", "reason": "recovery-poll"}
 LOG  [notification-toast] Backfilled recent notifications {"count": 0, "queryFloorIso": "2026-05-17T17:06:26.345Z", "reason": "recovery-poll"}
 LOG  [notification-toast] Backfilled recent notifications {"count": 0, "queryFloorIso": "2026-05-17T17:06:32.376Z", "reason": "recovery-poll"}
 LOG  [notification-toast] Backfilled recent notifications {"count": 0, "queryFloorIso": "2026-05-17T17:06:38.406Z", "reason": "recovery-poll"}
 LOG  [notification-toast] Backfilled recent notifications {"count": 0, "queryFloorIso": "2026-05-17T17:06:44.436Z", "reason": "recovery-poll"}
 LOG  [notification-toast] Backfilled recent notifications {"count": 0, "queryFloorIso": "2026-05-17T17:06:50.467Z", "reason": "recovery-poll"}
 LOG  [notification-toast] Backfilled recent notifications {"count": 0, "queryFloorIso": "2026-05-17T17:06:56.498Z", "reason": "recovery-poll"}
 LOG  [notification-toast] Backfilled recent notifications {"count": 0, "queryFloorIso": "2026-05-17T17:07:02.528Z", "reason": "recovery-poll"}
 LOG  [notification-toast] Backfilled recent notifications {"count": 0, "queryFloorIso": "2026-05-17T17:07:08.558Z", "reason": "recovery-poll"}
 LOG  [notification-toast] Backfilled recent notifications {"count": 0, "queryFloorIso": "2026-05-17T17:07:14.588Z", "reason": "recovery-poll"}
 LOG  [notification-toast] Backfilled recent notifications {"count": 0, "queryFloorIso": "2026-05-17T17:07:20.619Z", "reason": "recovery-poll"}
 LOG  [notification-toast] Backfilled recent notifications {"count": 0, "queryFloorIso": "2026-05-17T17:07:26.650Z", "reason": "recovery-poll"}
 LOG  [notification-toast] Backfilled recent notifications {"count": 0, "queryFloorIso": "2026-05-17T17:07:32.681Z", "reason": "recovery-poll"}
Android Bundled 156ms index.js (1 module)
 INFO  [radio] react-native-track-player unavailable; radio playback is disabled until you run a native dev build.
 WARN  SafeAreaView has been deprecated and will be removed in a future release. Please use 'react-native-safe-area-context' instead. See https://github.com/th3rdwave/react-native-safe-area-context
 WARN  [expo-av]: Expo AV has been deprecated and will be removed in SDK 54. Use the `expo-audio` and `expo-video` packages to replace the required functionality.
 INFO  [push] expo-notifications unavailable; native push registration is disabled until dependencies are installed and Metro is restarted.
 INFO  [LoadTime][Route] enter {"route": "/", "startedAt": "2026-05-17T17:08:00.858Z"}
Android .\index.js ░░░░░░░░░░░░░░░░  0.0% (0/1)
Android Bundled 163ms index.js (1 module)
 INFO  [radio] react-native-track-player unavailable; radio playback is disabled until you run a native dev build.
 WARN  SafeAreaView has been deprecated and will be removed in a future release. Please use 'react-native-safe-area-context' instead. See https://github.com/th3rdwave/react-native-safe-area-context
 WARN  [expo-av]: Expo AV has been deprecated and will be removed in SDK 54. Use the `expo-audio` and `expo-video` packages to replace the required functionality.
 INFO  [push] expo-notifications unavailable; native push registration is disabled until dependencies are installed and Metro is restarted.
 INFO  [LoadTime][Route] enter {"route": "/", "startedAt": "2026-05-17T17:10:14.463Z"}
 INFO  [LoadTime][Route] leave {"durationMs": 2788, "route": "/"}
 INFO  [LoadTime][Feed] mount {"details": {"hasMore": false, "tab": "for_you", "user": "guest"}, "startedAt": "2026-05-17T17:10:18.860Z"}
 INFO  [LoadTime][Route] enter {"route": "/(tabs)/feed", "startedAt": "2026-05-17T17:10:18.883Z"}
 LOG  [notification-toast] Notification toast channel status {"activeUserId": "7e072242-2127-40e4-9eb0-768adc5d41c4", "reason": "initial", "status": "SUBSCRIBED"}
 INFO  [LoadTime][Feed] query-start {"query": "forYouFeed", "status": "pending"}
 LOG  [notification-toast] Backfilled recent notifications {"count": 0, "queryFloorIso": "2026-05-17T17:05:04.329Z", "reason": "subscribed:initial"}
 INFO  [LoadTime][Edge:manage-social-feed] complete {"action": "get_feed", "cursor": undefined, "durationMs": 1228, "hasUserId": true, "keys": ["action", "cursor", "feed_type", "limit", "personalize", "userId"], "limit": 12}
 INFO  [LoadTime][Feed] primary-page-parsed {"append": false, "feedTab": "for_you", "pages": 1, "posts": 2}
 INFO  [LoadTime][Feed] snapshot-ready {"aiCards": 0, "feedTab": "for_you", "hasMore": false, "posts": 2}
 INFO  [LoadTime][Feed] load-complete {"counts": {"aiCards": 0, "followingEntities": 0, "posts": 2}, "details": {"hasMore": false, "tab": "for_you", "user": "signed-in"}, "durationMs": 3347}
 INFO  [LoadTime][Feed] first-ready {"counts": {"aiCards": 0, "followingEntities": 0, "posts": 2}, "details": {"hasMore": false, "tab": "for_you", "user": "signed-in"}, "durationMs": 3352, "renderCount": 10}
 INFO  [LoadTime][Feed] query-complete {"durationMs": 1468, "error": undefined, "query": "forYouFeed", "status": "success", "updatedAt": "2026-05-17T17:10:21.411Z"}
 INFO  [LoadTime][FeedRadio] fetch-start {"details": {"includeItems": true}}
 INFO  [LoadTime][FeedRadio] edge-complete {"details": {"featuredOnly": true, "playableStations": 1, "stations": 1}, "durationMs": 833}
 INFO  [LoadTime][FeedRadio] fetch-complete {"details": {"playableStations": 1, "stations": 1}, "durationMs": 835}
 WARN  [GROQ_ROUTER] Request failed {"apiKeySignature": "len=56 prefix=gsk_zq suffix=j7J5Bx", "apiKeySource": "process.env.EXPO_PUBLIC_GROQ_API_KEY", "message": "Invalid API Key", "modelId": "llama-3.3-70b-versatile", "modelSource": "default.llama-3.3-70b-versatile", "status": 401}
 WARN  [GROQ_ROUTER] Request exception {"apiKeySignature": "len=56 prefix=gsk_zq suffix=j7J5Bx", "apiKeySource": "process.env.EXPO_PUBLIC_GROQ_API_KEY", "message": "Invalid API Key", "modelId": "llama-3.3-70b-versatile", "modelSource": "default.llama-3.3-70b-versatile"}
 LOG  [notification-toast] Backfilled recent notifications {"count": 0, "queryFloorIso": "2026-05-17T17:10:05.150Z", "reason": "recovery-poll"}
 LOG  [notification-toast] Backfilled recent notifications {"count": 0, "queryFloorIso": "2026-05-17T17:10:10.355Z", "reason": "recovery-poll"}
 LOG  [notification-toast] Backfilled recent notifications {"count": 0, "queryFloorIso": "2026-05-17T17:10:16.386Z", "reason": "recovery-poll"}
 LOG  [notification-toast] Backfilled recent notifications {"count": 0, "queryFloorIso": "2026-05-17T17:10:22.416Z", "reason": "recovery-poll"}
 LOG  [notification-toast] Disposed notification toast channel {"activeUserId": "7e072242-2127-40e4-9eb0-768adc5d41c4", "reason": "app-state:background"}
 INFO  [LoadTime][Route] leave {"durationMs": 29634, "route": "/(tabs)/feed"}
 INFO  [LoadTime][Route] enter {"route": "/add_studio", "startedAt": "2026-05-17T17:10:48.519Z"}
 LOG  [notification-toast] Notification toast channel status {"activeUserId": "7e072242-2127-40e4-9eb0-768adc5d41c4", "reason": "foreground", "status": "SUBSCRIBED"}
 LOG  [notification-toast] Backfilled recent notifications {"count": 0, "queryFloorIso": "2026-05-17T17:10:32.791Z", "reason": "foreground"}
 LOG  [notification-toast] Backfilled recent notifications {"count": 0, "queryFloorIso": "2026-05-17T17:10:33.528Z", "reason": "recovery-poll"}
 LOG  [notification-toast] Backfilled recent notifications {"count": 0, "queryFloorIso": "2026-05-17T17:10:39.558Z", "reason": "recovery-poll"}
 LOG  [notification-toast] Backfilled recent notifications {"count": 0, "queryFloorIso": "2026-05-17T17:10:45.588Z", "reason": "recovery-poll"}
 LOG  [notification-toast] Backfilled recent notifications {"count": 0, "queryFloorIso": "2026-05-17T17:10:51.619Z", "reason": "recovery-poll"}
 LOG  [notification-toast] Backfilled recent notifications {"count": 0, "queryFloorIso": "2026-05-17T17:10:57.650Z", "reason": "recovery-poll"}
 LOG  [notification-toast] Backfilled recent notifications {"count": 0, "queryFloorIso": "2026-05-17T17:11:03.680Z", "reason": "recovery-poll"}
 LOG  [notification-toast] Backfilled recent notifications {"count": 0, "queryFloorIso": "2026-05-17T17:11:09.711Z", "reason": "recovery-poll"}
 LOG  [notification-toast] Backfilled recent notifications {"count": 0, "queryFloorIso": "2026-05-17T17:11:15.741Z", "reason": "recovery-poll"}
 LOG  [notification-toast] Backfilled recent notifications {"count": 0, "queryFloorIso": "2026-05-17T17:11:21.772Z", "reason": "recovery-poll"}
 LOG  [notification-toast] Backfilled recent notifications {"count": 0, "queryFloorIso": "2026-05-17T17:11:27.802Z", "reason": "recovery-poll"}
 LOG  [notification-toast] Backfilled recent notifications {"count": 0, "queryFloorIso": "2026-05-17T17:11:33.832Z", "reason": "recovery-poll"}
 LOG  [notification-toast] Backfilled recent notifications {"count": 0, "queryFloorIso": "2026-05-17T17:11:39.863Z", "reason": "recovery-poll"}
 LOG  [notification-toast] Backfilled recent notifications {"count": 0, "queryFloorIso": "2026-05-17T17:11:45.893Z", "reason": "recovery-poll"}
 LOG  [notification-toast] Backfilled recent notifications {"count": 0, "queryFloorIso": "2026-05-17T17:11:51.924Z", "reason": "recovery-poll"}
 LOG  [notification-toast] Backfilled recent notifications {"count": 0, "queryFloorIso": "2026-05-17T17:11:57.955Z", "reason": "recovery-poll"}
 LOG  [notification-toast] Backfilled recent notifications {"count": 0, "queryFloorIso": "2026-05-17T17:12:03.984Z", "reason": "recovery-poll"}
 LOG  [notification-toast] Backfilled recent notifications {"count": 0, "queryFloorIso": "2026-05-17T17:12:10.016Z", "reason": "recovery-poll"}
 LOG  [notification-toast] Backfilled recent notifications {"count": 0, "queryFloorIso": "2026-05-17T17:12:16.046Z", "reason": "recovery-poll"}
 LOG  [notification-toast] Backfilled recent notifications {"count": 0, "queryFloorIso": "2026-05-17T17:12:22.076Z", "reason": "recovery-poll"}
 LOG  [notification-toast] Backfilled recent notifications {"count": 0, "queryFloorIso": "2026-05-17T17:12:28.107Z", "reason": "recovery-poll"}
 LOG  [notification-toast] Backfilled recent notifications {"count": 0, "queryFloorIso": "2026-05-17T17:12:34.138Z", "reason": "recovery-poll"}
 LOG  [notification-toast] Backfilled recent notifications {"count": 0, "queryFloorIso": "2026-05-17T17:12:40.168Z", "reason": "recovery-poll"}
 LOG  [notification-toast] Backfilled recent notifications {"count": 0, "queryFloorIso": "2026-05-17T17:12:46.198Z", "reason": "recovery-poll"}
 LOG  [notification-toast] Backfilled recent notifications {"count": 0, "queryFloorIso": "2026-05-17T17:12:52.229Z", "reason": "recovery-poll"}
 LOG  [notification-toast] Backfilled recent notifications {"count": 0, "queryFloorIso": "2026-05-17T17:12:58.260Z", "reason": "recovery-poll"}
 LOG  [notification-toast] Backfilled recent notifications {"count": 0, "queryFloorIso": "2026-05-17T17:13:04.290Z", "reason": "recovery-poll"}
 LOG  [notification-toast] Backfilled recent notifications {"count": 0, "queryFloorIso": "2026-05-17T17:13:10.320Z", "reason": "recovery-poll"}
 LOG  [notification-toast] Backfilled recent notifications {"count": 0, "queryFloorIso": "2026-05-17T17:13:16.351Z", "reason": "recovery-poll"}
 LOG  [notification-toast] Backfilled recent notifications {"count": 0, "queryFloorIso": "2026-05-17T17:13:22.369Z", "reason": "recovery-poll"}
 LOG  [notification-toast] Backfilled recent notifications {"count": 0, "queryFloorIso": "2026-05-17T17:13:28.411Z", "reason": "recovery-poll"}
 LOG  [notification-toast] Backfilled recent notifications {"count": 0, "queryFloorIso": "2026-05-17T17:13:34.442Z", "reason": "recovery-poll"}
 LOG  [notification-toast] Backfilled recent notifications {"count": 0, "queryFloorIso": "2026-05-17T17:13:40.472Z", "reason": "recovery-poll"}
 LOG  [notification-toast] Backfilled recent notifications {"count": 0, "queryFloorIso": "2026-05-17T17:13:46.503Z", "reason": "recovery-poll"}
 LOG  [notification-toast] Backfilled recent notifications {"count": 0, "queryFloorIso": "2026-05-17T17:13:52.534Z", "reason": "recovery-poll"}
 LOG  [notification-toast] Backfilled recent notifications {"count": 0, "queryFloorIso": "2026-05-17T17:13:58.564Z", "reason": "recovery-poll"}
 LOG  [notification-toast] Backfilled recent notifications {"count": 0, "queryFloorIso": "2026-05-17T17:14:04.595Z", "reason": "recovery-poll"}
 LOG  [notification-toast] Backfilled recent notifications {"count": 0, "queryFloorIso": "2026-05-17T17:14:10.625Z", "reason": "recovery-poll"}
 LOG  [notification-toast] Backfilled recent notifications {"count": 0, "queryFloorIso": "2026-05-17T17:14:16.655Z", "reason": "recovery-poll"}
 LOG  [notification-toast] Backfilled recent notifications {"count": 0, "queryFloorIso": "2026-05-17T17:14:22.686Z", "reason": "recovery-poll"}
 LOG  [notification-toast] Backfilled recent notifications {"count": 0, "queryFloorIso": "2026-05-17T17:14:28.717Z", "reason": "recovery-poll"}
Android .\index.js ░░░░░░░░░░░░░░░░  0.0% (0/1)
Android Bundled 579ms index.js (1 module)
 INFO  [radio] react-native-track-player unavailable; radio playback is disabled until you run a native dev build.
 WARN  SafeAreaView has been deprecated and will be removed in a future release. Please use 'react-native-safe-area-context' instead. See https://github.com/th3rdwave/react-native-safe-area-context
 WARN  [expo-av]: Expo AV has been deprecated and will be removed in SDK 54. Use the `expo-audio` and `expo-video` packages to replace the required functionality.
 INFO  [push] expo-notifications unavailable; native push registration is disabled until dependencies are installed and Metro is restarted.
 INFO  [LoadTime][Route] enter {"route": "/", "startedAt": "2026-05-17T17:14:59.177Z"}
Android .\index.js ░░░░░░░░░░░░░░░░  0.0% (0/1)
Android Bundled 119ms index.js (1 module)
 INFO  [radio] react-native-track-player unavailable; radio playback is disabled until you run a native dev build.
 WARN  SafeAreaView has been deprecated and will be removed in a future release. Please use 'react-native-safe-area-context' instead. See https://github.com/th3rdwave/react-native-safe-area-context
 WARN  [expo-av]: Expo AV has been deprecated and will be removed in SDK 54. Use the `expo-audio` and `expo-video` packages to replace the required functionality.
 INFO  [push] expo-notifications unavailable; native push registration is disabled until dependencies are installed and Metro is restarted.
 INFO  [LoadTime][Route] enter {"route": "/", "startedAt": "2026-05-17T17:17:13.177Z"}
 INFO  [LoadTime][Route] leave {"durationMs": 2454, "route": "/"}
 INFO  [LoadTime][Feed] mount {"details": {"hasMore": false, "tab": "for_you", "user": "guest"}, "startedAt": "2026-05-17T17:17:17.162Z"}
 INFO  [LoadTime][Route] enter {"route": "/(tabs)/feed", "startedAt": "2026-05-17T17:17:17.187Z"}
 LOG  [notification-toast] Notification toast channel status {"activeUserId": "ccbab211-4f58-42c3-aeac-2d65c1b6c2d4", "reason": "initial", "status": "SUBSCRIBED"}
 INFO  [LoadTime][Feed] query-start {"query": "forYouFeed", "status": "pending"}
 LOG  [notification-toast] Backfilled recent notifications {"count": 0, "queryFloorIso": "2026-05-17T17:12:02.613Z", "reason": "subscribed:initial"}
 INFO  [LoadTime][Edge:manage-social-feed] complete {"action": "get_feed", "cursor": undefined, "durationMs": 1234, "hasUserId": true, "keys": ["action", "cursor", "feed_type", "limit", "personalize", "userId"], "limit": 12}
 INFO  [LoadTime][Feed] primary-page-parsed {"append": false, "feedTab": "for_you", "pages": 1, "posts": 2}
 INFO  [LoadTime][Feed] snapshot-ready {"aiCards": 0, "feedTab": "for_you", "hasMore": false, "posts": 2}
 INFO  [LoadTime][Feed] load-complete {"counts": {"aiCards": 0, "followingEntities": 0, "posts": 2}, "details": {"hasMore": false, "tab": "for_you", "user": "signed-in"}, "durationMs": 3284}
 INFO  [LoadTime][Feed] first-ready {"counts": {"aiCards": 0, "followingEntities": 0, "posts": 2}, "details": {"hasMore": false, "tab": "for_you", "user": "signed-in"}, "durationMs": 3287, "renderCount": 10}
 INFO  [LoadTime][Feed] query-complete {"durationMs": 1522, "error": undefined, "query": "forYouFeed", "status": "success", "updatedAt": "2026-05-17T17:17:19.597Z"}
 INFO  [LoadTime][FeedRadio] fetch-start {"details": {"includeItems": true}}
 INFO  [LoadTime][FeedRadio] edge-complete {"details": {"featuredOnly": true, "playableStations": 1, "stations": 1}, "durationMs": 732}
 INFO  [LoadTime][FeedRadio] fetch-complete {"details": {"playableStations": 1, "stations": 1}, "durationMs": 737}
 WARN  [GROQ_ROUTER] Request failed {"apiKeySignature": "len=56 prefix=gsk_zq suffix=j7J5Bx", "apiKeySource": "process.env.EXPO_PUBLIC_GROQ_API_KEY", "message": "Invalid API Key", "modelId": "llama-3.3-70b-versatile", "modelSource": "default.llama-3.3-70b-versatile", "status": 401}
 WARN  [GROQ_ROUTER] Request exception {"apiKeySignature": "len=56 prefix=gsk_zq suffix=j7J5Bx", "apiKeySource": "process.env.EXPO_PUBLIC_GROQ_API_KEY", "message": "Invalid API Key", "modelId": "llama-3.3-70b-versatile", "modelSource": "default.llama-3.3-70b-versatile"}
 LOG  [notification-toast] Backfilled recent notifications {"count": 0, "queryFloorIso": "2026-05-17T17:17:03.339Z", "reason": "recovery-poll"}
 LOG  [notification-toast] Backfilled recent notifications {"count": 0, "queryFloorIso": "2026-05-17T17:17:08.641Z", "reason": "recovery-poll"}
 LOG  [notification-toast] Backfilled recent notifications {"count": 0, "queryFloorIso": "2026-05-17T17:17:14.670Z", "reason": "recovery-poll"}
 LOG  [notification-toast] Backfilled recent notifications {"count": 0, "queryFloorIso": "2026-05-17T17:17:20.702Z", "reason": "recovery-poll"}
 LOG  [notification-toast] Disposed notification toast channel {"activeUserId": "ccbab211-4f58-42c3-aeac-2d65c1b6c2d4", "reason": "app-state:background"}
 INFO  [LoadTime][Route] leave {"durationMs": 28857, "route": "/(tabs)/feed"}
 INFO  [LoadTime][Route] enter {"route": "/add_studio", "startedAt": "2026-05-17T17:17:46.046Z"}
 LOG  [notification-toast] Notification toast channel status {"activeUserId": "ccbab211-4f58-42c3-aeac-2d65c1b6c2d4", "reason": "foreground", "status": "SUBSCRIBED"}
 LOG  [notification-toast] Backfilled recent notifications {"count": 0, "queryFloorIso": "2026-05-17T17:17:30.288Z", "reason": "foreground"}
 LOG  [notification-toast] Backfilled recent notifications {"count": 0, "queryFloorIso": "2026-05-17T17:17:31.056Z", "reason": "recovery-poll"}
 LOG  [notification-toast] Backfilled recent notifications {"count": 0, "queryFloorIso": "2026-05-17T17:17:37.076Z", "reason": "recovery-poll"}
 LOG  [notification-toast] Backfilled recent notifications {"count": 0, "queryFloorIso": "2026-05-17T17:17:43.107Z", "reason": "recovery-poll"}
 LOG  [notification-toast] Backfilled recent notifications {"count": 0, "queryFloorIso": "2026-05-17T17:17:49.139Z", "reason": "recovery-poll"}
 LOG  [notification-toast] Backfilled recent notifications {"count": 0, "queryFloorIso": "2026-05-17T17:17:55.168Z", "reason": "recovery-poll"}
 LOG  [notification-toast] Backfilled recent notifications {"count": 0, "queryFloorIso": "2026-05-17T17:18:01.198Z", "reason": "recovery-poll"}
 LOG  [notification-toast] Backfilled recent notifications {"count": 0, "queryFloorIso": "2026-05-17T17:18:07.229Z", "reason": "recovery-poll"}
 LOG  [notification-toast] Backfilled recent notifications {"count": 0, "queryFloorIso": "2026-05-17T17:18:13.259Z", "reason": "recovery-poll"}
 LOG  [notification-toast] Backfilled recent notifications {"count": 0, "queryFloorIso": "2026-05-17T17:18:19.290Z", "reason": "recovery-poll"}
 LOG  [notification-toast] Backfilled recent notifications {"count": 0, "queryFloorIso": "2026-05-17T17:18:25.321Z", "reason": "recovery-poll"}
 LOG  [notification-toast] Backfilled recent notifications {"count": 0, "queryFloorIso": "2026-05-17T17:18:31.351Z", "reason": "recovery-poll"}
 LOG  [notification-toast] Backfilled recent notifications {"count": 0, "queryFloorIso": "2026-05-17T17:18:37.382Z", "reason": "recovery-poll"}
 LOG  [notification-toast] Backfilled recent notifications {"count": 0, "queryFloorIso": "2026-05-17T17:18:43.412Z", "reason": "recovery-poll"}
 LOG  [notification-toast] Backfilled recent notifications {"count": 0, "queryFloorIso": "2026-05-17T17:18:49.443Z", "reason": "recovery-poll"}
 LOG  [notification-toast] Backfilled recent notifications {"count": 0, "queryFloorIso": "2026-05-17T17:18:55.477Z", "reason": "recovery-poll"}
 LOG  [notification-toast] Backfilled recent notifications {"count": 0, "queryFloorIso": "2026-05-17T17:19:01.503Z", "reason": "recovery-poll"}
 LOG  [notification-toast] Backfilled recent notifications {"count": 0, "queryFloorIso": "2026-05-17T17:19:07.533Z", "reason": "recovery-poll"}
 LOG  [notification-toast] Backfilled recent notifications {"count": 0, "queryFloorIso": "2026-05-17T17:19:13.568Z", "reason": "recovery-poll"}
 LOG  [notification-toast] Backfilled recent notifications {"count": 0, "queryFloorIso": "2026-05-17T17:19:19.594Z", "reason": "recovery-poll"}
 LOG  [notification-toast] Backfilled recent notifications {"count": 0, "queryFloorIso": "2026-05-17T17:19:25.625Z", "reason": "recovery-poll"}
 LOG  [notification-toast] Backfilled recent notifications {"count": 0, "queryFloorIso": "2026-05-17T17:19:31.656Z", "reason": "recovery-poll"}
 LOG  [notification-toast] Backfilled recent notifications {"count": 0, "queryFloorIso": "2026-05-17T17:19:37.686Z", "reason": "recovery-poll"}
 LOG  [notification-toast] Backfilled recent notifications {"count": 0, "queryFloorIso": "2026-05-17T17:19:43.705Z", "reason": "recovery-poll"}
 LOG  [notification-toast] Backfilled recent notifications {"count": 0, "queryFloorIso": "2026-05-17T17:19:49.747Z", "reason": "recovery-poll"}
 LOG  [notification-toast] Backfilled recent notifications {"count": 0, "queryFloorIso": "2026-05-17T17:19:55.778Z", "reason": "recovery-poll"}
 LOG  [notification-toast] Backfilled recent notifications {"count": 0, "queryFloorIso": "2026-05-17T17:20:01.808Z", "reason": "recovery-poll"}
 LOG  [notification-toast] Backfilled recent notifications {"count": 0, "queryFloorIso": "2026-05-17T17:20:07.839Z", "reason": "recovery-poll"}
 LOG  [notification-toast] Backfilled recent notifications {"count": 0, "queryFloorIso": "2026-05-17T17:20:13.869Z", "reason": "recovery-poll"}
 LOG  [notification-toast] Backfilled recent notifications {"count": 0, "queryFloorIso": "2026-05-17T17:20:19.900Z", "reason": "recovery-poll"}
 LOG  [notification-toast] Backfilled recent notifications {"count": 0, "queryFloorIso": "2026-05-17T17:20:25.930Z", "reason": "recovery-poll"}
 LOG  [notification-toast] Backfilled recent notifications {"count": 0, "queryFloorIso": "2026-05-17T17:20:31.961Z", "reason": "recovery-poll"}
 LOG  [notification-toast] Backfilled recent notifications {"count": 0, "queryFloorIso": "2026-05-17T17:20:37.991Z", "reason": "recovery-poll"}
 LOG  [notification-toast] Backfilled recent notifications {"count": 0, "queryFloorIso": "2026-05-17T17:20:44.022Z", "reason": "recovery-poll"}
Android .\index.js ░░░░░░░░░░░░░░░░  0.0% (0/1)
Android Bundled 116ms index.js (1 module)
 INFO  [radio] react-native-track-player unavailable; radio playback is disabled until you run a native dev build.
 WARN  SafeAreaView has been deprecated and will be removed in a future release. Please use 'react-native-safe-area-context' instead. See https://github.com/th3rdwave/react-native-safe-area-context
 WARN  [expo-av]: Expo AV has been deprecated and will be removed in SDK 54. Use the `expo-audio` and `expo-video` packages to replace the required functionality.
 INFO  [push] expo-notifications unavailable; native push registration is disabled until dependencies are installed and Metro is restarted.
 INFO  [LoadTime][Route] enter {"route": "/", "startedAt": "2026-05-17T17:21:17.749Z"}
Android .\index.js ░░░░░░░░░░░░░░░░  0.0% (0/1)
Android Bundled 111ms index.js (1 module)
 INFO  [radio] react-native-track-player unavailable; radio playback is disabled until you run a native dev build.
 WARN  SafeAreaView has been deprecated and will be removed in a future release. Please use 'react-native-safe-area-context' instead. See https://github.com/th3rdwave/react-native-safe-area-context
 WARN  [expo-av]: Expo AV has been deprecated and will be removed in SDK 54. Use the `expo-audio` and `expo-video` packages to replace the required functionality.
 INFO  [push] expo-notifications unavailable; native push registration is disabled until dependencies are installed and Metro is restarted.
 INFO  [LoadTime][Route] enter {"route": "/", "startedAt": "2026-05-17T17:23:31.631Z"}
 INFO  [LoadTime][Route] leave {"durationMs": 2626, "route": "/"}
 INFO  [LoadTime][Feed] mount {"details": {"hasMore": false, "tab": "for_you", "user": "guest"}, "startedAt": "2026-05-17T17:23:35.728Z"}
 INFO  [LoadTime][Route] enter {"route": "/(tabs)/feed", "startedAt": "2026-05-17T17:23:35.751Z"}
 LOG  [notification-toast] Notification toast channel status {"activeUserId": "04fcd1d9-aaa2-4b3f-9b16-29d7e3e5882f", "reason": "initial", "status": "SUBSCRIBED"}
 INFO  [LoadTime][Feed] query-start {"query": "forYouFeed", "status": "pending"}
 LOG  [notification-toast] Backfilled recent notifications {"count": 0, "queryFloorIso": "2026-05-17T17:18:21.183Z", "reason": "subscribed:initial"}
 INFO  [LoadTime][Edge:manage-social-feed] complete {"action": "get_feed", "cursor": undefined, "durationMs": 1103, "hasUserId": true, "keys": ["action", "cursor", "feed_type", "limit", "personalize", "userId"], "limit": 12}
 INFO  [LoadTime][Feed] primary-page-parsed {"append": false, "feedTab": "for_you", "pages": 1, "posts": 2}
 INFO  [LoadTime][Feed] snapshot-ready {"aiCards": 0, "feedTab": "for_you", "hasMore": false, "posts": 2}
 INFO  [LoadTime][Feed] load-complete {"counts": {"aiCards": 0, "followingEntities": 0, "posts": 2}, "details": {"hasMore": false, "tab": "for_you", "user": "signed-in"}, "durationMs": 3057}
 INFO  [LoadTime][Feed] first-ready {"counts": {"aiCards": 0, "followingEntities": 0, "posts": 2}, "details": {"hasMore": false, "tab": "for_you", "user": "signed-in"}, "durationMs": 3059, "renderCount": 11}
 INFO  [LoadTime][Feed] query-complete {"durationMs": 1389, "error": undefined, "query": "forYouFeed", "status": "success", "updatedAt": "2026-05-17T17:23:37.970Z"}
 INFO  [LoadTime][FeedRadio] fetch-start {"details": {"includeItems": true}}
 INFO  [LoadTime][FeedRadio] edge-complete {"details": {"featuredOnly": true, "playableStations": 1, "stations": 1}, "durationMs": 749}
 INFO  [LoadTime][FeedRadio] fetch-complete {"details": {"playableStations": 1, "stations": 1}, "durationMs": 751}
 WARN  [GROQ_ROUTER] Request failed {"apiKeySignature": "len=56 prefix=gsk_zq suffix=j7J5Bx", "apiKeySource": "process.env.EXPO_PUBLIC_GROQ_API_KEY", "message": "Invalid API Key", "modelId": "llama-3.3-70b-versatile", "modelSource": "default.llama-3.3-70b-versatile", "status": 401}
 WARN  [GROQ_ROUTER] Request exception {"apiKeySignature": "len=56 prefix=gsk_zq suffix=j7J5Bx", "apiKeySource": "process.env.EXPO_PUBLIC_GROQ_API_KEY", "message": "Invalid API Key", "modelId": "llama-3.3-70b-versatile", "modelSource": "default.llama-3.3-70b-versatile"}
 LOG  [notification-toast] Backfilled recent notifications {"count": 0, "queryFloorIso": "2026-05-17T17:23:21.612Z", "reason": "recovery-poll"}
 LOG  [notification-toast] Backfilled recent notifications {"count": 0, "queryFloorIso": "2026-05-17T17:23:27.211Z", "reason": "recovery-poll"}
 LOG  [notification-toast] Backfilled recent notifications {"count": 0, "queryFloorIso": "2026-05-17T17:23:33.241Z", "reason": "recovery-poll"}
 LOG  [notification-toast] Backfilled recent notifications {"count": 0, "queryFloorIso": "2026-05-17T17:23:39.272Z", "reason": "recovery-poll"}
 LOG  [notification-toast] Disposed notification toast channel {"activeUserId": "04fcd1d9-aaa2-4b3f-9b16-29d7e3e5882f", "reason": "app-state:background"}
 INFO  [LoadTime][Route] leave {"durationMs": 29139, "route": "/(tabs)/feed"}
 INFO  [LoadTime][Route] enter {"route": "/add_studio", "startedAt": "2026-05-17T17:24:04.892Z"}
 LOG  [notification-toast] Notification toast channel status {"activeUserId": "04fcd1d9-aaa2-4b3f-9b16-29d7e3e5882f", "reason": "foreground", "status": "SUBSCRIBED"}
 LOG  [notification-toast] Backfilled recent notifications {"count": 0, "queryFloorIso": "2026-05-17T17:23:49.143Z", "reason": "foreground"}
 LOG  [notification-toast] Backfilled recent notifications {"count": 0, "queryFloorIso": "2026-05-17T17:23:49.901Z", "reason": "recovery-poll"}
 LOG  [notification-toast] Backfilled recent notifications {"count": 0, "queryFloorIso": "2026-05-17T17:23:55.933Z", "reason": "recovery-poll"}
 LOG  [notification-toast] Backfilled recent notifications {"count": 0, "queryFloorIso": "2026-05-17T17:24:01.961Z", "reason": "recovery-poll"}
 LOG  [notification-toast] Backfilled recent notifications {"count": 0, "queryFloorIso": "2026-05-17T17:24:07.991Z", "reason": "recovery-poll"}
 LOG  [notification-toast] Backfilled recent notifications {"count": 0, "queryFloorIso": "2026-05-17T17:24:14.023Z", "reason": "recovery-poll"}
 LOG  [notification-toast] Backfilled recent notifications {"count": 0, "queryFloorIso": "2026-05-17T17:24:20.053Z", "reason": "recovery-poll"}
 LOG  [notification-toast] Backfilled recent notifications {"count": 0, "queryFloorIso": "2026-05-17T17:24:26.082Z", "reason": "recovery-poll"}
 LOG  [notification-toast] Backfilled recent notifications {"count": 0, "queryFloorIso": "2026-05-17T17:24:32.107Z", "reason": "recovery-poll"}
 LOG  [notification-toast] Backfilled recent notifications {"count": 0, "queryFloorIso": "2026-05-17T17:24:38.144Z", "reason": "recovery-poll"}
 LOG  [notification-toast] Backfilled recent notifications {"count": 0, "queryFloorIso": "2026-05-17T17:24:44.174Z", "reason": "recovery-poll"}
 LOG  [notification-toast] Backfilled recent notifications {"count": 0, "queryFloorIso": "2026-05-17T17:24:50.204Z", "reason": "recovery-poll"}
 LOG  [notification-toast] Backfilled recent notifications {"count": 0, "queryFloorIso": "2026-05-17T17:24:56.235Z", "reason": "recovery-poll"}
 LOG  [notification-toast] Backfilled recent notifications {"count": 0, "queryFloorIso": "2026-05-17T17:25:02.254Z", "reason": "recovery-poll"}
 LOG  [notification-toast] Backfilled recent notifications {"count": 0, "queryFloorIso": "2026-05-17T17:25:08.296Z", "reason": "recovery-poll"}
 LOG  [notification-toast] Backfilled recent notifications {"count": 0, "queryFloorIso": "2026-05-17T17:25:14.326Z", "reason": "recovery-poll"}
 LOG  [notification-toast] Backfilled recent notifications {"count": 0, "queryFloorIso": "2026-05-17T17:25:20.358Z", "reason": "recovery-poll"}
 LOG  [notification-toast] Backfilled recent notifications {"count": 0, "queryFloorIso": "2026-05-17T17:25:26.389Z", "reason": "recovery-poll"}
 LOG  [notification-toast] Backfilled recent notifications {"count": 0, "queryFloorIso": "2026-05-17T17:25:32.421Z", "reason": "recovery-poll"}
 LOG  [notification-toast] Backfilled recent notifications {"count": 0, "queryFloorIso": "2026-05-17T17:25:38.436Z", "reason": "recovery-poll"}
 LOG  [notification-toast] Backfilled recent notifications {"count": 0, "queryFloorIso": "2026-05-17T17:25:44.467Z", "reason": "recovery-poll"}
 LOG  [notification-toast] Backfilled recent notifications {"count": 0, "queryFloorIso": "2026-05-17T17:25:50.496Z", "reason": "recovery-poll"}
 LOG  [notification-toast] Backfilled recent notifications {"count": 0, "queryFloorIso": "2026-05-17T17:25:56.540Z", "reason": "recovery-poll"}
 LOG  [notification-toast] Backfilled recent notifications {"count": 0, "queryFloorIso": "2026-05-17T17:26:02.557Z", "reason": "recovery-poll"}
 LOG  [notification-toast] Backfilled recent notifications {"count": 0, "queryFloorIso": "2026-05-17T17:26:08.601Z", "reason": "recovery-poll"}
 LOG  [notification-toast] Backfilled recent notifications {"count": 0, "queryFloorIso": "2026-05-17T17:26:14.631Z", "reason": "recovery-poll"}
 LOG  [notification-toast] Backfilled recent notifications {"count": 0, "queryFloorIso": "2026-05-17T17:26:20.662Z", "reason": "recovery-poll"}
 LOG  [notification-toast] Backfilled recent notifications {"count": 0, "queryFloorIso": "2026-05-17T17:26:26.692Z", "reason": "recovery-poll"}
 LOG  [notification-toast] Backfilled recent notifications {"count": 0, "queryFloorIso": "2026-05-17T17:26:32.723Z", "reason": "recovery-poll"}
 LOG  [notification-toast] Backfilled recent notifications {"count": 0, "queryFloorIso": "2026-05-17T17:26:38.753Z", "reason": "recovery-poll"}
 LOG  [notification-toast] Backfilled recent notifications {"count": 0, "queryFloorIso": "2026-05-17T17:26:44.784Z", "reason": "recovery-poll"}
 LOG  [notification-toast] Backfilled recent notifications {"count": 0, "queryFloorIso": "2026-05-17T17:26:50.814Z", "reason": "recovery-poll"}
 LOG  [notification-toast] Backfilled recent notifications {"count": 0, "queryFloorIso": "2026-05-17T17:26:56.845Z", "reason": "recovery-poll"}
 LOG  [notification-toast] Backfilled recent notifications {"count": 0, "queryFloorIso": "2026-05-17T17:27:02.875Z", "reason": "recovery-poll"}
 LOG  [notification-toast] Backfilled recent notifications {"count": 0, "queryFloorIso": "2026-05-17T17:27:08.905Z", "reason": "recovery-poll"}
 LOG  [notification-toast] Backfilled recent notifications {"count": 0, "queryFloorIso": "2026-05-17T17:27:14.936Z", "reason": "recovery-poll"}
 LOG  [notification-toast] Backfilled recent notifications {"count": 0, "queryFloorIso": "2026-05-17T17:27:20.967Z", "reason": "recovery-poll"}
 LOG  [notification-toast] Backfilled recent notifications {"count": 0, "queryFloorIso": "2026-05-17T17:27:26.997Z", "reason": "recovery-poll"}
 LOG  [notification-toast] Backfilled recent notifications {"count": 0, "queryFloorIso": "2026-05-17T17:27:33.028Z", "reason": "recovery-poll"}
 LOG  [notification-toast] Backfilled recent notifications {"count": 0, "queryFloorIso": "2026-05-17T17:27:39.058Z", "reason": "recovery-poll"}
 LOG  [notification-toast] Backfilled recent notifications {"count": 0, "queryFloorIso": "2026-05-17T17:27:45.088Z", "reason": "recovery-poll"}
 LOG  [notification-toast] Backfilled recent notifications {"count": 0, "queryFloorIso": "2026-05-17T17:27:51.118Z", "reason": "recovery-poll"}
 LOG  [notification-toast] Backfilled recent notifications {"count": 0, "queryFloorIso": "2026-05-17T17:27:57.149Z", "reason": "recovery-poll"}
 LOG  [notification-toast] Backfilled recent notifications {"count": 0, "queryFloorIso": "2026-05-17T17:28:03.180Z", "reason": "recovery-poll"}
 LOG  [notification-toast] Backfilled recent notifications {"count": 0, "queryFloorIso": "2026-05-17T17:28:09.210Z", "reason": "recovery-poll"}
 LOG  [notification-toast] Backfilled recent notifications {"count": 0, "queryFloorIso": "2026-05-17T17:28:15.241Z", "reason": "recovery-poll"}
 INFO  [LoadTime][Route] leave {"durationMs": 275410, "route": "/add_studio"}
 INFO  [LoadTime][Route] enter {"route": "/", "startedAt": "2026-05-17T17:28:40.311Z"}
 INFO  [LoadTime][Feed] mount {"details": {"hasMore": false, "tab": "for_you", "user": "signed-in"}, "startedAt": "2026-05-17T17:28:40.669Z"}
 INFO  [LoadTime][Route] leave {"durationMs": 1160, "route": "/"}
 INFO  [LoadTime][Feed] load-complete {"counts": {"aiCards": 12, "followingEntities": 0, "posts": 2}, "details": {"hasMore": false, "tab": "for_you", "user": "signed-in"}, "durationMs": 1147}
 INFO  [LoadTime][Feed] first-ready {"counts": {"aiCards": 12, "followingEntities": 0, "posts": 2}, "details": {"hasMore": false, "tab": "for_you", "user": "signed-in"}, "durationMs": 1149, "renderCount": 2}
 INFO  [LoadTime][Route] enter {"route": "/(tabs)/feed", "startedAt": "2026-05-17T17:28:41.491Z"}
 INFO  [LoadTime][Feed] query-start {"query": "forYouFeed", "status": "success"}
 INFO  [LoadTime][Feed] query-start {"query": "forYouFeed", "status": "success"}
 INFO  [LoadTime][FeedRadio] fetch-start {"details": {"includeItems": true}}
 LOG  [notification-toast] Backfilled recent notifications {"count": 0, "queryFloorIso": "2026-05-17T17:28:21.271Z", "reason": "recovery-poll"}
 WARN  [supabase.functions.invoke] Authorization failed, retrying once with refreshed session {"code": undefined, "functionName": "manage-social-feed", "hadUserAuthorizationHeader": true, "message": "Edge Function returned a non-2xx status code", "status": undefined}
 INFO  [LoadTime][Feed] query-complete {"durationMs": 1868, "error": undefined, "query": "forYouFeed", "status": "success", "updatedAt": undefined}
 INFO  [LoadTime][Feed] query-complete {"durationMs": 1869, "error": undefined, "query": "forYouFeed", "status": "success", "updatedAt": undefined}
 LOG  [notification-toast] Disposed notification toast channel {"activeUserId": "04fcd1d9-aaa2-4b3f-9b16-29d7e3e5882f", "reason": "cleanup"}
 INFO  [LoadTime][Feed] primary-page-parsed {"append": false, "feedTab": "for_you", "pages": 1, "posts": 2}
 INFO  [LoadTime][FeedRadio] edge-complete {"details": {"featuredOnly": true, "playableStations": 1, "stations": 1}, "durationMs": 2187}
 INFO  [LoadTime][FeedRadio] fetch-complete {"details": {"playableStations": 1, "stations": 1}, "durationMs": 2187}
 INFO  [LoadTime][FeedRadio] cache-hit {"details": {"playableStations": 1, "stations": 1}}
 INFO  [LoadTime][FeedRadio] cache-hit {"details": {"playableStations": 1, "stations": 1}}
 WARN  [supabase.functions.invoke] Function invoke failed after retries {"body": {"action": "get_feed", "feed_type": "for_you", "limit": 12, "personalize": true, "userId": "04fcd1d9-aaa2-4b3f-9b16-29d7e3e5882f"}, "code": undefined, "context": {"_bodyBlob": {"_data": [Object]}, "_bodyInit": {"_data": [Object]}, "bodyUsed": false, "headers": {"map": [Object]}, "ok": false, "status": 401, "statusText": "", "type": "default", "url": "https://aefldxegsvzecshlayza.supabase.co/functions/v1/manage-social-feed"}, "details": undefined, "functionName": "manage-social-feed", "hint": undefined, "message": "Edge Function returned a non-2xx status code", "responseBody": {"error": "Invalid token"}, "status": 401}
 INFO  [LoadTime][Edge:manage-social-feed] failed {"action": "get_feed", "cursor": undefined, "durationMs": 3235, "hasUserId": true, "keys": ["action", "cursor", "feed_type", "limit", "personalize", "userId"], "limit": 12, "message": "Invalid token", "status": 401}
Android .\index.js ░░░░░░░░░░░░░░░░  0.0% (0/1)
Android Bundled 176ms index.js (1 module)
 INFO  [radio] react-native-track-player unavailable; radio playback is disabled until you run a native dev build.
 WARN  SafeAreaView has been deprecated and will be removed in a future release. Please use 'react-native-safe-area-context' instead. See https://github.com/th3rdwave/react-native-safe-area-context
 WARN  [expo-av]: Expo AV has been deprecated and will be removed in SDK 54. Use the `expo-audio` and `expo-video` packages to replace the required functionality.
 INFO  [push] expo-notifications unavailable; native push registration is disabled until dependencies are installed and Metro is restarted.
 INFO  [LoadTime][Route] enter {"route": "/", "startedAt": "2026-05-17T17:29:00.624Z"}
Android .\index.js ░░░░░░░░░░░░░░░░  0.0% (0/1)
Android Bundled 855ms index.js (1 module)
 INFO  [radio] react-native-track-player unavailable; radio playback is disabled until you run a native dev build.
 WARN  SafeAreaView has been deprecated and will be removed in a future release. Please use 'react-native-safe-area-context' instead. See https://github.com/th3rdwave/react-native-safe-area-context
 WARN  [expo-av]: Expo AV has been deprecated and will be removed in SDK 54. Use the `expo-audio` and `expo-video` packages to replace the required functionality.
 INFO  [push] expo-notifications unavailable; native push registration is disabled until dependencies are installed and Metro is restarted.
 INFO  [LoadTime][Route] enter {"route": "/", "startedAt": "2026-05-17T17:31:15.700Z"}
 INFO  [LoadTime][Route] leave {"durationMs": 2103, "route": "/"}
 INFO  [LoadTime][Feed] mount {"details": {"hasMore": false, "tab": "for_you", "user": "guest"}, "startedAt": "2026-05-17T17:31:19.314Z"}
 INFO  [LoadTime][Route] enter {"route": "/(tabs)/feed", "startedAt": "2026-05-17T17:31:19.337Z"}
 LOG  [notification-toast] Notification toast channel status {"activeUserId": "943a2337-2804-47a2-922f-d4b6ca427085", "reason": "initial", "status": "SUBSCRIBED"}
 INFO  [LoadTime][Feed] query-start {"query": "forYouFeed", "status": "pending"}
 LOG  [notification-toast] Backfilled recent notifications {"count": 0, "queryFloorIso": "2026-05-17T17:26:04.749Z", "reason": "subscribed:initial"}
 INFO  [LoadTime][Edge:manage-social-feed] complete {"action": "get_feed", "cursor": undefined, "durationMs": 881, "hasUserId": true, "keys": ["action", "cursor", "feed_type", "limit", "personalize", "userId"], "limit": 12}
 INFO  [LoadTime][Feed] primary-page-parsed {"append": false, "feedTab": "for_you", "pages": 1, "posts": 2}
 INFO  [LoadTime][Feed] snapshot-ready {"aiCards": 0, "feedTab": "for_you", "hasMore": false, "posts": 2}
 INFO  [LoadTime][Feed] load-complete {"counts": {"aiCards": 0, "followingEntities": 0, "posts": 2}, "details": {"hasMore": false, "tab": "for_you", "user": "signed-in"}, "durationMs": 3004}
 INFO  [LoadTime][Feed] first-ready {"counts": {"aiCards": 0, "followingEntities": 0, "posts": 2}, "details": {"hasMore": false, "tab": "for_you", "user": "signed-in"}, "durationMs": 3006, "renderCount": 10}
 INFO  [LoadTime][Feed] query-complete {"durationMs": 1163, "error": undefined, "query": "forYouFeed", "status": "success", "updatedAt": "2026-05-17T17:31:21.481Z"}
 INFO  [LoadTime][FeedRadio] fetch-start {"details": {"includeItems": true}}
 INFO  [LoadTime][FeedRadio] edge-complete {"details": {"featuredOnly": true, "playableStations": 1, "stations": 1}, "durationMs": 785}
 INFO  [LoadTime][FeedRadio] fetch-complete {"details": {"playableStations": 1, "stations": 1}, "durationMs": 787}
 WARN  [GROQ_ROUTER] Request failed {"apiKeySignature": "len=56 prefix=gsk_zq suffix=j7J5Bx", "apiKeySource": "process.env.EXPO_PUBLIC_GROQ_API_KEY", "message": "Invalid API Key", "modelId": "llama-3.3-70b-versatile", "modelSource": "default.llama-3.3-70b-versatile", "status": 401}
 WARN  [GROQ_ROUTER] Request exception {"apiKeySignature": "len=56 prefix=gsk_zq suffix=j7J5Bx", "apiKeySource": "process.env.EXPO_PUBLIC_GROQ_API_KEY", "message": "Invalid API Key", "modelId": "llama-3.3-70b-versatile", "modelSource": "default.llama-3.3-70b-versatile"}
 LOG  [notification-toast] Backfilled recent notifications {"count": 0, "queryFloorIso": "2026-05-17T17:31:05.173Z", "reason": "recovery-poll"}
 LOG  [notification-toast] Backfilled recent notifications {"count": 0, "queryFloorIso": "2026-05-17T17:31:10.774Z", "reason": "recovery-poll"}
 LOG  [notification-toast] Backfilled recent notifications {"count": 0, "queryFloorIso": "2026-05-17T17:31:16.804Z", "reason": "recovery-poll"}
 LOG  [notification-toast] Backfilled recent notifications {"count": 0, "queryFloorIso": "2026-05-17T17:31:22.835Z", "reason": "recovery-poll"}
 LOG  [notification-toast] Disposed notification toast channel {"activeUserId": "943a2337-2804-47a2-922f-d4b6ca427085", "reason": "app-state:background"}
 INFO  [LoadTime][Route] leave {"durationMs": 29290, "route": "/(tabs)/feed"}
 INFO  [LoadTime][Route] enter {"route": "/add_studio", "startedAt": "2026-05-17T17:31:48.628Z"}
 LOG  [notification-toast] Notification toast channel status {"activeUserId": "943a2337-2804-47a2-922f-d4b6ca427085", "reason": "foreground", "status": "SUBSCRIBED"}
 LOG  [notification-toast] Backfilled recent notifications {"count": 0, "queryFloorIso": "2026-05-17T17:31:32.895Z", "reason": "foreground"}
 LOG  [notification-toast] Backfilled recent notifications {"count": 0, "queryFloorIso": "2026-05-17T17:31:33.638Z", "reason": "recovery-poll"}
 LOG  [notification-toast] Backfilled recent notifications {"count": 0, "queryFloorIso": "2026-05-17T17:31:39.661Z", "reason": "recovery-poll"}
 LOG  [notification-toast] Backfilled recent notifications {"count": 0, "queryFloorIso": "2026-05-17T17:31:45.690Z", "reason": "recovery-poll"}
 LOG  [notification-toast] Backfilled recent notifications {"count": 0, "queryFloorIso": "2026-05-17T17:31:51.721Z", "reason": "recovery-poll"}
 LOG  [notification-toast] Backfilled recent notifications {"count": 0, "queryFloorIso": "2026-05-17T17:31:57.752Z", "reason": "recovery-poll"}
 LOG  [notification-toast] Backfilled recent notifications {"count": 0, "queryFloorIso": "2026-05-17T17:32:03.782Z", "reason": "recovery-poll"}
 LOG  [notification-toast] Backfilled recent notifications {"count": 0, "queryFloorIso": "2026-05-17T17:32:09.813Z", "reason": "recovery-poll"}
 LOG  [notification-toast] Backfilled recent notifications {"count": 0, "queryFloorIso": "2026-05-17T17:32:15.843Z", "reason": "recovery-poll"}
 LOG  [notification-toast] Backfilled recent notifications {"count": 0, "queryFloorIso": "2026-05-17T17:32:21.873Z", "reason": "recovery-poll"}
 LOG  [notification-toast] Backfilled recent notifications {"count": 0, "queryFloorIso": "2026-05-17T17:32:27.904Z", "reason": "recovery-poll"}
 LOG  [notification-toast] Backfilled recent notifications {"count": 0, "queryFloorIso": "2026-05-17T17:32:33.934Z", "reason": "recovery-poll"}
 LOG  [notification-toast] Backfilled recent notifications {"count": 0, "queryFloorIso": "2026-05-17T17:32:39.965Z", "reason": "recovery-poll"}
 LOG  [notification-toast] Backfilled recent notifications {"count": 0, "queryFloorIso": "2026-05-17T17:32:45.995Z", "reason": "recovery-poll"}
 LOG  [notification-toast] Backfilled recent notifications {"count": 0, "queryFloorIso": "2026-05-17T17:32:52.026Z", "reason": "recovery-poll"}
 LOG  [notification-toast] Backfilled recent notifications {"count": 0, "queryFloorIso": "2026-05-17T17:32:58.056Z", "reason": "recovery-poll"}
 LOG  [notification-toast] Backfilled recent notifications {"count": 0, "queryFloorIso": "2026-05-17T17:33:04.074Z", "reason": "recovery-poll"}
 LOG  [notification-toast] Backfilled recent notifications {"count": 0, "queryFloorIso": "2026-05-17T17:33:10.117Z", "reason": "recovery-poll"}
 LOG  [notification-toast] Backfilled recent notifications {"count": 0, "queryFloorIso": "2026-05-17T17:33:16.148Z", "reason": "recovery-poll"}
 LOG  [notification-toast] Backfilled recent notifications {"count": 0, "queryFloorIso": "2026-05-17T17:33:22.166Z", "reason": "recovery-poll"}
 LOG  [notification-toast] Backfilled recent notifications {"count": 0, "queryFloorIso": "2026-05-17T17:33:28.196Z", "reason": "recovery-poll"}
 LOG  [notification-toast] Backfilled recent notifications {"count": 0, "queryFloorIso": "2026-05-17T17:33:34.227Z", "reason": "recovery-poll"}
 LOG  [notification-toast] Backfilled recent notifications {"count": 0, "queryFloorIso": "2026-05-17T17:33:40.253Z", "reason": "recovery-poll"}
 LOG  [notification-toast] Backfilled recent notifications {"count": 0, "queryFloorIso": "2026-05-17T17:33:46.285Z", "reason": "recovery-poll"}
 LOG  [notification-toast] Backfilled recent notifications {"count": 0, "queryFloorIso": "2026-05-17T17:33:52.313Z", "reason": "recovery-poll"}
 LOG  [notification-toast] Backfilled recent notifications {"count": 0, "queryFloorIso": "2026-05-17T17:33:58.344Z", "reason": "recovery-poll"}
 LOG  [notification-toast] Backfilled recent notifications {"count": 0, "queryFloorIso": "2026-05-17T17:34:04.375Z", "reason": "recovery-poll"}
 LOG  [notification-toast] Backfilled recent notifications {"count": 0, "queryFloorIso": "2026-05-17T17:34:10.405Z", "reason": "recovery-poll"}
 LOG  [notification-toast] Backfilled recent notifications {"count": 0, "queryFloorIso": "2026-05-17T17:34:16.436Z", "reason": "recovery-poll"}
 LOG  [notification-toast] Backfilled recent notifications {"count": 0, "queryFloorIso": "2026-05-17T17:34:22.466Z", "reason": "recovery-poll"}
 LOG  [notification-toast] Backfilled recent notifications {"count": 0, "queryFloorIso": "2026-05-17T17:34:28.496Z", "reason": "recovery-poll"}
 LOG  [notification-toast] Backfilled recent notifications {"count": 0, "queryFloorIso": "2026-05-17T17:34:34.526Z", "reason": "recovery-poll"}
 LOG  [notification-toast] Backfilled recent notifications {"count": 0, "queryFloorIso": "2026-05-17T17:34:40.557Z", "reason": "recovery-poll"}
Android Bundled 282ms index.js (1 module)
 INFO  [radio] react-native-track-player unavailable; radio playback is disabled until you run a native dev build.
 WARN  SafeAreaView has been deprecated and will be removed in a future release. Please use 'react-native-safe-area-context' instead. See https://github.com/th3rdwave/react-native-safe-area-context
 WARN  [expo-av]: Expo AV has been deprecated and will be removed in SDK 54. Use the `expo-audio` and `expo-video` packages to replace the required functionality.
 INFO  [push] expo-notifications unavailable; native push registration is disabled until dependencies are installed and Metro is restarted.
 INFO  [LoadTime][Route] enter {"route": "/", "startedAt": "2026-05-17T17:35:09.742Z"}
Android .\index.js ░░░░░░░░░░░░░░░░  0.0% (0/1)
Android Bundled 484ms index.js (1 module)
 INFO  [radio] react-native-track-player unavailable; radio playback is disabled until you run a native dev build.
 WARN  SafeAreaView has been deprecated and will be removed in a future release. Please use 'react-native-safe-area-context' instead. See https://github.com/th3rdwave/react-native-safe-area-context
 WARN  [expo-av]: Expo AV has been deprecated and will be removed in SDK 54. Use the `expo-audio` and `expo-video` packages to replace the required functionality.
 INFO  [push] expo-notifications unavailable; native push registration is disabled until dependencies are installed and Metro is restarted.
 INFO  [LoadTime][Route] enter {"route": "/", "startedAt": "2026-05-17T17:37:24.162Z"}
 INFO  [LoadTime][Route] leave {"durationMs": 2389, "route": "/"}
 INFO  [LoadTime][Feed] mount {"details": {"hasMore": false, "tab": "for_you", "user": "guest"}, "startedAt": "2026-05-17T17:37:28.148Z"}
 INFO  [LoadTime][Route] enter {"route": "/(tabs)/feed", "startedAt": "2026-05-17T17:37:28.171Z"}
 LOG  [notification-toast] Notification toast channel status {"activeUserId": "06c210a6-29dd-4c98-9159-4d8484552aa7", "reason": "initial", "status": "SUBSCRIBED"}
 INFO  [LoadTime][Feed] query-start {"query": "forYouFeed", "status": "pending"}
 LOG  [notification-toast] Backfilled recent notifications {"count": 0, "queryFloorIso": "2026-05-17T17:32:13.593Z", "reason": "subscribed:initial"}
 INFO  [LoadTime][Edge:manage-social-feed] complete {"action": "get_feed", "cursor": undefined, "durationMs": 1125, "hasUserId": true, "keys": ["action", "cursor", "feed_type", "limit", "personalize", "userId"], "limit": 12}
 INFO  [LoadTime][Feed] primary-page-parsed {"append": false, "feedTab": "for_you", "pages": 1, "posts": 2}
 INFO  [LoadTime][Feed] snapshot-ready {"aiCards": 0, "feedTab": "for_you", "hasMore": false, "posts": 2}
 INFO  [LoadTime][Feed] load-complete {"counts": {"aiCards": 0, "followingEntities": 0, "posts": 2}, "details": {"hasMore": false, "tab": "for_you", "user": "signed-in"}, "durationMs": 3301}
 INFO  [LoadTime][Feed] first-ready {"counts": {"aiCards": 0, "followingEntities": 0, "posts": 2}, "details": {"hasMore": false, "tab": "for_you", "user": "signed-in"}, "durationMs": 3303, "renderCount": 10}
 INFO  [LoadTime][Feed] query-complete {"durationMs": 1418, "error": undefined, "query": "forYouFeed", "status": "success", "updatedAt": "2026-05-17T17:37:30.606Z"}
 INFO  [LoadTime][FeedRadio] fetch-start {"details": {"includeItems": true}}
 INFO  [LoadTime][FeedRadio] edge-complete {"details": {"featuredOnly": true, "playableStations": 1, "stations": 1}, "durationMs": 716}
 INFO  [LoadTime][FeedRadio] fetch-complete {"details": {"playableStations": 1, "stations": 1}, "durationMs": 718}
 WARN  [GROQ_ROUTER] Request failed {"apiKeySignature": "len=56 prefix=gsk_zq suffix=j7J5Bx", "apiKeySource": "process.env.EXPO_PUBLIC_GROQ_API_KEY", "message": "Invalid API Key", "modelId": "llama-3.3-70b-versatile", "modelSource": "default.llama-3.3-70b-versatile", "status": 401}
 WARN  [GROQ_ROUTER] Request exception {"apiKeySignature": "len=56 prefix=gsk_zq suffix=j7J5Bx", "apiKeySource": "process.env.EXPO_PUBLIC_GROQ_API_KEY", "message": "Invalid API Key", "modelId": "llama-3.3-70b-versatile", "modelSource": "default.llama-3.3-70b-versatile"}
 LOG  [notification-toast] Backfilled recent notifications {"count": 0, "queryFloorIso": "2026-05-17T17:37:14.214Z", "reason": "recovery-poll"}
 LOG  [notification-toast] Backfilled recent notifications {"count": 0, "queryFloorIso": "2026-05-17T17:37:19.616Z", "reason": "recovery-poll"}
 LOG  [notification-toast] Backfilled recent notifications {"count": 0, "queryFloorIso": "2026-05-17T17:37:25.647Z", "reason": "recovery-poll"}
 LOG  [notification-toast] Backfilled recent notifications {"count": 0, "queryFloorIso": "2026-05-17T17:37:31.677Z", "reason": "recovery-poll"}
 LOG  [notification-toast] Disposed notification toast channel {"activeUserId": "06c210a6-29dd-4c98-9159-4d8484552aa7", "reason": "app-state:background"}
 INFO  [LoadTime][Route] leave {"durationMs": 28993, "route": "/(tabs)/feed"}
 INFO  [LoadTime][Route] enter {"route": "/add_studio", "startedAt": "2026-05-17T17:37:57.165Z"}
 LOG  [notification-toast] Notification toast channel status {"activeUserId": "06c210a6-29dd-4c98-9159-4d8484552aa7", "reason": "foreground", "status": "SUBSCRIBED"}
 LOG  [notification-toast] Backfilled recent notifications {"count": 0, "queryFloorIso": "2026-05-17T17:37:41.439Z", "reason": "foreground"}
 LOG  [notification-toast] Backfilled recent notifications {"count": 0, "queryFloorIso": "2026-05-17T17:37:42.174Z", "reason": "recovery-poll"}
 LOG  [notification-toast] Backfilled recent notifications {"count": 0, "queryFloorIso": "2026-05-17T17:37:48.202Z", "reason": "recovery-poll"}
 LOG  [notification-toast] Backfilled recent notifications {"count": 0, "queryFloorIso": "2026-05-17T17:37:54.232Z", "reason": "recovery-poll"}
 LOG  [notification-toast] Backfilled recent notifications {"count": 0, "queryFloorIso": "2026-05-17T17:38:00.263Z", "reason": "recovery-poll"}
 LOG  [notification-toast] Backfilled recent notifications {"count": 0, "queryFloorIso": "2026-05-17T17:38:06.293Z", "reason": "recovery-poll"}
 LOG  [notification-toast] Backfilled recent notifications {"count": 0, "queryFloorIso": "2026-05-17T17:38:12.324Z", "reason": "recovery-poll"}
 LOG  [notification-toast] Backfilled recent notifications {"count": 0, "queryFloorIso": "2026-05-17T17:38:18.354Z", "reason": "recovery-poll"}
 LOG  [notification-toast] Backfilled recent notifications {"count": 0, "queryFloorIso": "2026-05-17T17:38:24.384Z", "reason": "recovery-poll"}
 LOG  [notification-toast] Backfilled recent notifications {"count": 0, "queryFloorIso": "2026-05-17T17:38:30.415Z", "reason": "recovery-poll"}
 LOG  [notification-toast] Backfilled recent notifications {"count": 0, "queryFloorIso": "2026-05-17T17:38:36.445Z", "reason": "recovery-poll"}
 LOG  [notification-toast] Backfilled recent notifications {"count": 0, "queryFloorIso": "2026-05-17T17:38:42.476Z", "reason": "recovery-poll"}
 LOG  [notification-toast] Backfilled recent notifications {"count": 0, "queryFloorIso": "2026-05-17T17:38:48.507Z", "reason": "recovery-poll"}
 LOG  [notification-toast] Backfilled recent notifications {"count": 0, "queryFloorIso": "2026-05-17T17:38:54.525Z", "reason": "recovery-poll"}
 LOG  [notification-toast] Backfilled recent notifications {"count": 0, "queryFloorIso": "2026-05-17T17:39:00.567Z", "reason": "recovery-poll"}
 LOG  [notification-toast] Backfilled recent notifications {"count": 0, "queryFloorIso": "2026-05-17T17:39:06.598Z", "reason": "recovery-poll"}
 LOG  [notification-toast] Backfilled recent notifications {"count": 0, "queryFloorIso": "2026-05-17T17:39:12.616Z", "reason": "recovery-poll"}
 LOG  [notification-toast] Backfilled recent notifications {"count": 0, "queryFloorIso": "2026-05-17T17:39:18.647Z", "reason": "recovery-poll"}
 LOG  [notification-toast] Backfilled recent notifications {"count": 0, "queryFloorIso": "2026-05-17T17:39:24.689Z", "reason": "recovery-poll"}
 LOG  [notification-toast] Backfilled recent notifications {"count": 0, "queryFloorIso": "2026-05-17T17:39:30.708Z", "reason": "recovery-poll"}
 LOG  [notification-toast] Backfilled recent notifications {"count": 0, "queryFloorIso": "2026-05-17T17:39:36.750Z", "reason": "recovery-poll"}
 LOG  [notification-toast] Backfilled recent notifications {"count": 0, "queryFloorIso": "2026-05-17T17:39:42.780Z", "reason": "recovery-poll"}
 LOG  [notification-toast] Backfilled recent notifications {"count": 0, "queryFloorIso": "2026-05-17T17:39:48.799Z", "reason": "recovery-poll"}
 LOG  [notification-toast] Backfilled recent notifications {"count": 0, "queryFloorIso": "2026-05-17T17:39:54.944Z", "reason": "recovery-poll"}
 LOG  [notification-toast] Received notification realtime payload {"notification": {"created_at": "2026-05-17T17:40:18.248738+00:00", "id": "5a46d73b-26cc-43b4-97a1-2cac3fb4b78e", "image": null, "message": "New booking request for studio-refund-e2e-1779039297492-studio-refund on 2026-05-24.", "meta": {"booking_date": "2026-05-24", "booking_id": "9b99707f-e2d8-4791-a2c0-60c32722422e", "studio_id": "2980b780-86fd-4160-9a58-f7f3ab701ce9"}, "read": false, "title": "New Booking Request", "type": "info", "user_id": "06c210a6-29dd-4c98-9159-4d8484552aa7"}, "reason": "foreground"}
 LOG  [notification-toast] Displayed notification toast {"emitted": true, "notificationId": "5a46d73b-26cc-43b4-97a1-2cac3fb4b78e", "source": "realtime", "toastType": "info"}
 LOG  [notification-toast] Skipping already displayed notification toast {"notificationId": "5a46d73b-26cc-43b4-97a1-2cac3fb4b78e", "source": "backfill:recovery-poll"}
 LOG  [notification-toast] Backfilled recent notifications {"count": 1, "queryFloorIso": "2026-05-17T17:40:03.835Z", "reason": "recovery-poll"}
 LOG  [notification-toast] Skipping already displayed notification toast {"notificationId": "5a46d73b-26cc-43b4-97a1-2cac3fb4b78e", "source": "backfill:recovery-poll"}
 LOG  [notification-toast] Backfilled recent notifications {"count": 1, "queryFloorIso": "2026-05-17T17:40:06.903Z", "reason": "recovery-poll"}
 LOG  [notification-toast] Skipping already displayed notification toast {"notificationId": "5a46d73b-26cc-43b4-97a1-2cac3fb4b78e", "source": "backfill:recovery-poll"}
 LOG  [notification-toast] Backfilled recent notifications {"count": 1, "queryFloorIso": "2026-05-17T17:40:12.933Z", "reason": "recovery-poll"}
 LOG  [notification-toast] Backfilled recent notifications {"count": 0, "queryFloorIso": "2026-05-17T17:40:18.963Z", "reason": "recovery-poll"}
 LOG  [notification-toast] Disposed notification toast channel {"activeUserId": "06c210a6-29dd-4c98-9159-4d8484552aa7", "reason": "app-state:background"}
 INFO  [LoadTime][Bookings] mount {"details": {"activeTab": "Pending", "role": "unknown", "viewMode": "bookings"}, "startedAt": "2026-05-17T17:40:44.327Z"}
 INFO  [LoadTime][Bookings] first-ready {"counts": {"activeMusicians": 0, "applicants": 0, "history": 0, "ongoing": 0, "pending": 0, "pendingPermits": 0, "review": 0, "upcoming": 0}, "details": {"activeTab": "Pending", "role": "unknown", "viewMode": "bookings"}, "durationMs": 289, "renderCount": 1}
 INFO  [LoadTime][Bookings] query-start {"query": "bookingsSummary", "status": "pending"}
 INFO  [LoadTime][Route] leave {"durationMs": 167550, "route": "/add_studio"}
 INFO  [LoadTime][Route] enter {"route": "/(tabs)/bookings", "startedAt": "2026-05-17T17:40:44.717Z"}
 LOG  [notification-toast] Notification toast channel status {"activeUserId": "06c210a6-29dd-4c98-9159-4d8484552aa7", "reason": "foreground", "status": "SUBSCRIBED"}
 LOG  [notification-toast] Backfilled recent notifications {"count": 0, "queryFloorIso": "2026-05-17T17:40:28.681Z", "reason": "foreground"}
 INFO  [LoadTime][Edge:manage-bookings] complete {"action": "fetch", "cursor": undefined, "durationMs": 5089, "hasUserId": true, "keys": ["action", "includeScreenPayload", "userId"], "limit": undefined}
 INFO  [LoadTime][Bookings] query-complete {"durationMs": 5163, "error": undefined, "query": "bookingsSummary", "status": "success", "updatedAt": "2026-05-17T17:40:49.417Z"}
 INFO  [LoadTime][Bookings] load-complete {"counts": {"activeMusicians": 0, "applicants": 0, "history": 0, "ongoing": 0, "pending": 0, "pendingPermits": 0, "review": 0, "upcoming": 1}, "details": {"activeTab": "Upcoming", "role": "studio-owner", "viewMode": "bookings"}, "durationMs": 5631}
 LOG  [notification-toast] Backfilled recent notifications {"count": 0, "queryFloorIso": "2026-05-17T17:40:29.730Z", "reason": "recovery-poll"}
 LOG  [notification-toast] Backfilled recent notifications {"count": 0, "queryFloorIso": "2026-05-17T17:40:35.744Z", "reason": "recovery-poll"}
 LOG  [notification-toast] Backfilled recent notifications {"count": 0, "queryFloorIso": "2026-05-17T17:40:41.786Z", "reason": "recovery-poll"}
 LOG  [notification-toast] Backfilled recent notifications {"count": 0, "queryFloorIso": "2026-05-17T17:40:47.815Z", "reason": "recovery-poll"}
 LOG  [notification-toast] Backfilled recent notifications {"count": 0, "queryFloorIso": "2026-05-17T17:40:53.847Z", "reason": "recovery-poll"}
 LOG  [notification-toast] Backfilled recent notifications {"count": 0, "queryFloorIso": "2026-05-17T17:40:59.878Z", "reason": "recovery-poll"}
 LOG  [notification-toast] Backfilled recent notifications {"count": 0, "queryFloorIso": "2026-05-17T17:41:05.908Z", "reason": "recovery-poll"}
 LOG  [notification-toast] Backfilled recent notifications {"count": 0, "queryFloorIso": "2026-05-17T17:41:11.938Z", "reason": "recovery-poll"}
 LOG  [notification-toast] Backfilled recent notifications {"count": 0, "queryFloorIso": "2026-05-17T17:41:17.969Z", "reason": "recovery-poll"}
 INFO  [LoadTime][Bookings] query-start {"query": "bookingsSummary", "status": "success"}
 LOG  [notification-toast] Backfilled recent notifications {"count": 0, "queryFloorIso": "2026-05-17T17:41:23.999Z", "reason": "recovery-poll"}
 INFO  [LoadTime][Edge:manage-bookings] complete {"action": "fetch", "cursor": undefined, "durationMs": 2016, "hasUserId": true, "keys": ["action", "includeScreenPayload", "userId"], "limit": undefined}
 INFO  [LoadTime][Bookings] query-complete {"durationMs": 1998, "error": undefined, "query": "bookingsSummary", "status": "success", "updatedAt": "2026-05-17T17:41:46.372Z"}
 LOG  [notification-toast] Backfilled recent notifications {"count": 0, "queryFloorIso": "2026-05-17T17:41:30.030Z", "reason": "recovery-poll"}
 LOG  [notification-toast] Backfilled recent notifications {"count": 0, "queryFloorIso": "2026-05-17T17:41:36.060Z", "reason": "recovery-poll"}
 LOG  [notification-toast] Backfilled recent notifications {"count": 0, "queryFloorIso": "2026-05-17T17:41:42.091Z", "reason": "recovery-poll"}
 LOG  [notification-toast] Backfilled recent notifications {"count": 0, "queryFloorIso": "2026-05-17T17:41:48.120Z", "reason": "recovery-poll"}
 LOG  [notification-toast] Backfilled recent notifications {"count": 0, "queryFloorIso": "2026-05-17T17:41:54.152Z", "reason": "recovery-poll"}
 LOG  [notification-toast] Backfilled recent notifications {"count": 0, "queryFloorIso": "2026-05-17T17:42:00.182Z", "reason": "recovery-poll"}
 LOG  [notification-toast] Backfilled recent notifications {"count": 0, "queryFloorIso": "2026-05-17T17:42:06.212Z", "reason": "recovery-poll"}
 LOG  [notification-toast] Backfilled recent notifications {"count": 0, "queryFloorIso": "2026-05-17T17:42:12.243Z", "reason": "recovery-poll"}
 LOG  [notification-toast] Backfilled recent notifications {"count": 0, "queryFloorIso": "2026-05-17T17:42:18.273Z", "reason": "recovery-poll"}
Android .\index.js ░░░░░░░░░░░░░░░░  0.0% (0/1)
Android Bundled 181ms index.js (1 module)
 INFO  [radio] react-native-track-player unavailable; radio playback is disabled until you run a native dev build.
 WARN  SafeAreaView has been deprecated and will be removed in a future release. Please use 'react-native-safe-area-context' instead. See https://github.com/th3rdwave/react-native-safe-area-context
 WARN  [expo-av]: Expo AV has been deprecated and will be removed in SDK 54. Use the `expo-audio` and `expo-video` packages to replace the required functionality.
 INFO  [push] expo-notifications unavailable; native push registration is disabled until dependencies are installed and Metro is restarted.
 INFO  [LoadTime][Route] enter {"route": "/", "startedAt": "2026-05-17T17:42:50.824Z"}
Android .\index.js ░░░░░░░░░░░░░░░░  0.0% (0/1)
Android Bundled 125ms index.js (1 module)
 INFO  [radio] react-native-track-player unavailable; radio playback is disabled until you run a native dev build.
 WARN  SafeAreaView has been deprecated and will be removed in a future release. Please use 'react-native-safe-area-context' instead. See https://github.com/th3rdwave/react-native-safe-area-context
 WARN  [expo-av]: Expo AV has been deprecated and will be removed in SDK 54. Use the `expo-audio` and `expo-video` packages to replace the required functionality.
 INFO  [push] expo-notifications unavailable; native push registration is disabled until dependencies are installed and Metro is restarted.
 INFO  [LoadTime][Route] enter {"route": "/", "startedAt": "2026-05-17T17:45:04.788Z"}
 INFO  [LoadTime][Route] leave {"durationMs": 2539, "route": "/"}
 INFO  [LoadTime][Feed] mount {"details": {"hasMore": false, "tab": "for_you", "user": "guest"}, "startedAt": "2026-05-17T17:45:08.841Z"}
 INFO  [LoadTime][Route] enter {"route": "/(tabs)/feed", "startedAt": "2026-05-17T17:45:08.864Z"}
 LOG  [notification-toast] Notification toast channel status {"activeUserId": "58d7266d-bde6-4303-919c-99cee5581027", "reason": "initial", "status": "SUBSCRIBED"}
 INFO  [LoadTime][Feed] query-start {"query": "forYouFeed", "status": "pending"}
 LOG  [notification-toast] Backfilled recent notifications {"count": 0, "queryFloorIso": "2026-05-17T17:39:54.289Z", "reason": "subscribed:initial"}
 INFO  [LoadTime][Edge:manage-social-feed] complete {"action": "get_feed", "cursor": undefined, "durationMs": 851, "hasUserId": true, "keys": ["action", "cursor", "feed_type", "limit", "personalize", "userId"], "limit": 12}
 INFO  [LoadTime][Feed] primary-page-parsed {"append": false, "feedTab": "for_you", "pages": 1, "posts": 2}
 INFO  [LoadTime][Feed] snapshot-ready {"aiCards": 0, "feedTab": "for_you", "hasMore": false, "posts": 2}
 INFO  [LoadTime][Feed] load-complete {"counts": {"aiCards": 0, "followingEntities": 0, "posts": 2}, "details": {"hasMore": false, "tab": "for_you", "user": "signed-in"}, "durationMs": 2846}
 INFO  [LoadTime][Feed] first-ready {"counts": {"aiCards": 0, "followingEntities": 0, "posts": 2}, "details": {"hasMore": false, "tab": "for_you", "user": "signed-in"}, "durationMs": 2849, "renderCount": 11}
 INFO  [LoadTime][Feed] query-complete {"durationMs": 1100, "error": undefined, "query": "forYouFeed", "status": "success", "updatedAt": "2026-05-17T17:45:10.913Z"}
 INFO  [LoadTime][FeedRadio] fetch-start {"details": {"includeItems": true}}
 INFO  [LoadTime][FeedRadio] edge-complete {"details": {"featuredOnly": true, "playableStations": 1, "stations": 1}, "durationMs": 823}
 INFO  [LoadTime][FeedRadio] fetch-complete {"details": {"playableStations": 1, "stations": 1}, "durationMs": 825}
 WARN  [GROQ_ROUTER] Request failed {"apiKeySignature": "len=56 prefix=gsk_zq suffix=j7J5Bx", "apiKeySource": "process.env.EXPO_PUBLIC_GROQ_API_KEY", "message": "Invalid API Key", "modelId": "llama-3.3-70b-versatile", "modelSource": "default.llama-3.3-70b-versatile", "status": 401}
 WARN  [GROQ_ROUTER] Request exception {"apiKeySignature": "len=56 prefix=gsk_zq suffix=j7J5Bx", "apiKeySource": "process.env.EXPO_PUBLIC_GROQ_API_KEY", "message": "Invalid API Key", "modelId": "llama-3.3-70b-versatile", "modelSource": "default.llama-3.3-70b-versatile"}
 LOG  [notification-toast] Backfilled recent notifications {"count": 0, "queryFloorIso": "2026-05-17T17:44:54.966Z", "reason": "recovery-poll"}
 LOG  [notification-toast] Backfilled recent notifications {"count": 0, "queryFloorIso": "2026-05-17T17:45:00.314Z", "reason": "recovery-poll"}
 LOG  [notification-toast] Backfilled recent notifications {"count": 0, "queryFloorIso": "2026-05-17T17:45:06.344Z", "reason": "recovery-poll"}
 LOG  [notification-toast] Backfilled recent notifications {"count": 0, "queryFloorIso": "2026-05-17T17:45:12.374Z", "reason": "recovery-poll"}
 LOG  [notification-toast] Disposed notification toast channel {"activeUserId": "58d7266d-bde6-4303-919c-99cee5581027", "reason": "app-state:background"}
 INFO  [LoadTime][Route] leave {"durationMs": 29339, "route": "/(tabs)/feed"}
 INFO  [LoadTime][Route] enter {"route": "/add_studio", "startedAt": "2026-05-17T17:45:38.204Z"}
 LOG  [notification-toast] Notification toast channel status {"activeUserId": "58d7266d-bde6-4303-919c-99cee5581027", "reason": "foreground", "status": "SUBSCRIBED"}
 LOG  [notification-toast] Backfilled recent notifications {"count": 0, "queryFloorIso": "2026-05-17T17:45:22.505Z", "reason": "foreground"}
 LOG  [notification-toast] Backfilled recent notifications {"count": 0, "queryFloorIso": "2026-05-17T17:45:23.213Z", "reason": "recovery-poll"}
 LOG  [notification-toast] Backfilled recent notifications {"count": 0, "queryFloorIso": "2026-05-17T17:45:29.233Z", "reason": "recovery-poll"}
 LOG  [notification-toast] Backfilled recent notifications {"count": 0, "queryFloorIso": "2026-05-17T17:45:35.251Z", "reason": "recovery-poll"}
 LOG  [notification-toast] Backfilled recent notifications {"count": 0, "queryFloorIso": "2026-05-17T17:45:41.294Z", "reason": "recovery-poll"}
 LOG  [notification-toast] Backfilled recent notifications {"count": 0, "queryFloorIso": "2026-05-17T17:45:47.324Z", "reason": "recovery-poll"}
 LOG  [notification-toast] Backfilled recent notifications {"count": 0, "queryFloorIso": "2026-05-17T17:45:53.355Z", "reason": "recovery-poll"}
 LOG  [notification-toast] Backfilled recent notifications {"count": 0, "queryFloorIso": "2026-05-17T17:45:59.385Z", "reason": "recovery-poll"}
 LOG  [notification-toast] Backfilled recent notifications {"count": 0, "queryFloorIso": "2026-05-17T17:46:05.415Z", "reason": "recovery-poll"}
 LOG  [notification-toast] Backfilled recent notifications {"count": 0, "queryFloorIso": "2026-05-17T17:46:11.446Z", "reason": "recovery-poll"}
 LOG  [notification-toast] Backfilled recent notifications {"count": 0, "queryFloorIso": "2026-05-17T17:46:17.477Z", "reason": "recovery-poll"}
 LOG  [notification-toast] Backfilled recent notifications {"count": 0, "queryFloorIso": "2026-05-17T17:46:23.508Z", "reason": "recovery-poll"}
 LOG  [notification-toast] Backfilled recent notifications {"count": 0, "queryFloorIso": "2026-05-17T17:46:29.537Z", "reason": "recovery-poll"}
 LOG  [notification-toast] Backfilled recent notifications {"count": 0, "queryFloorIso": "2026-05-17T17:46:35.567Z", "reason": "recovery-poll"}
 LOG  [notification-toast] Backfilled recent notifications {"count": 0, "queryFloorIso": "2026-05-17T17:46:41.598Z", "reason": "recovery-poll"}
 LOG  [notification-toast] Backfilled recent notifications {"count": 0, "queryFloorIso": "2026-05-17T17:46:47.629Z", "reason": "recovery-poll"}
 LOG  [notification-toast] Backfilled recent notifications {"count": 0, "queryFloorIso": "2026-05-17T17:46:53.648Z", "reason": "recovery-poll"}
 LOG  [notification-toast] Backfilled recent notifications {"count": 0, "queryFloorIso": "2026-05-17T17:46:59.689Z", "reason": "recovery-poll"}
 LOG  [notification-toast] Backfilled recent notifications {"count": 0, "queryFloorIso": "2026-05-17T17:47:05.720Z", "reason": "recovery-poll"}
 LOG  [notification-toast] Backfilled recent notifications {"count": 0, "queryFloorIso": "2026-05-17T17:47:11.738Z", "reason": "recovery-poll"}
 LOG  [notification-toast] Backfilled recent notifications {"count": 0, "queryFloorIso": "2026-05-17T17:47:17.769Z", "reason": "recovery-poll"}
 LOG  [notification-toast] Backfilled recent notifications {"count": 0, "queryFloorIso": "2026-05-17T17:47:23.812Z", "reason": "recovery-poll"}
 LOG  [notification-toast] Backfilled recent notifications {"count": 0, "queryFloorIso": "2026-05-17T17:47:29.842Z", "reason": "recovery-poll"}
 LOG  [notification-toast] Received notification realtime payload {"notification": {"created_at": "2026-05-17T17:47:54.198371+00:00", "id": "71998bfc-876c-4465-ba02-eb2c71f59531", "image": null, "message": "New booking request for studio-refund-e2e-1779039758298-studio-refund on 2026-05-24.", "meta": {"booking_date": "2026-05-24", "booking_id": "1e942ff1-38e5-4dc2-b547-454dc1148477", "studio_id": "357a37dc-1ddd-4e1f-825e-eed8ea967a9b"}, "read": false, "title": "New Booking Request", "type": "info", "user_id": "58d7266d-bde6-4303-919c-99cee5581027"}, "reason": "foreground"}
 LOG  [notification-toast] Displayed notification toast {"emitted": true, "notificationId": "71998bfc-876c-4465-ba02-eb2c71f59531", "source": "realtime", "toastType": "info"}
 LOG  [notification-toast] Skipping already displayed notification toast {"notificationId": "71998bfc-876c-4465-ba02-eb2c71f59531", "source": "backfill:recovery-poll"}
 LOG  [notification-toast] Backfilled recent notifications {"count": 1, "queryFloorIso": "2026-05-17T17:47:39.827Z", "reason": "recovery-poll"}
 LOG  [notification-toast] Skipping already displayed notification toast {"notificationId": "71998bfc-876c-4465-ba02-eb2c71f59531", "source": "backfill:recovery-poll"}
 LOG  [notification-toast] Backfilled recent notifications {"count": 1, "queryFloorIso": "2026-05-17T17:47:41.904Z", "reason": "recovery-poll"}
 LOG  [notification-toast] Skipping already displayed notification toast {"notificationId": "71998bfc-876c-4465-ba02-eb2c71f59531", "source": "backfill:recovery-poll"}
 LOG  [notification-toast] Backfilled recent notifications {"count": 1, "queryFloorIso": "2026-05-17T17:47:47.934Z", "reason": "recovery-poll"}
 LOG  [notification-toast] Skipping already displayed notification toast {"notificationId": "71998bfc-876c-4465-ba02-eb2c71f59531", "source": "backfill:recovery-poll"}
 LOG  [notification-toast] Backfilled recent notifications {"count": 1, "queryFloorIso": "2026-05-17T17:47:53.965Z", "reason": "recovery-poll"}
 LOG  [notification-toast] Disposed notification toast channel {"activeUserId": "58d7266d-bde6-4303-919c-99cee5581027", "reason": "app-state:background"}
 INFO  [LoadTime][Bookings] mount {"details": {"activeTab": "Pending", "role": "unknown", "viewMode": "bookings"}, "startedAt": "2026-05-17T17:48:19.818Z"}
 INFO  [LoadTime][Bookings] first-ready {"counts": {"activeMusicians": 0, "applicants": 0, "history": 0, "ongoing": 0, "pending": 0, "pendingPermits": 0, "review": 0, "upcoming": 0}, "details": {"activeTab": "Pending", "role": "unknown", "viewMode": "bookings"}, "durationMs": 291, "renderCount": 1}
 INFO  [LoadTime][Bookings] query-start {"query": "bookingsSummary", "status": "pending"}
 INFO  [LoadTime][Route] leave {"durationMs": 161989, "route": "/add_studio"}
 INFO  [LoadTime][Route] enter {"route": "/(tabs)/bookings", "startedAt": "2026-05-17T17:48:20.194Z"}
 LOG  [notification-toast] Notification toast channel status {"activeUserId": "58d7266d-bde6-4303-919c-99cee5581027", "reason": "foreground", "status": "SUBSCRIBED"}
 LOG  [notification-toast] Backfilled recent notifications {"count": 0, "queryFloorIso": "2026-05-17T17:48:04.190Z", "reason": "foreground"}
 INFO  [LoadTime][Edge:manage-bookings] complete {"action": "fetch", "cursor": undefined, "durationMs": 1922, "hasUserId": true, "keys": ["action", "includeScreenPayload", "userId"], "limit": undefined}
 INFO  [LoadTime][Bookings] query-complete {"durationMs": 2013, "error": undefined, "query": "bookingsSummary", "status": "success", "updatedAt": "2026-05-17T17:48:21.742Z"}
 INFO  [LoadTime][Bookings] load-complete {"counts": {"activeMusicians": 0, "applicants": 0, "history": 0, "ongoing": 0, "pending": 0, "pendingPermits": 0, "review": 0, "upcoming": 1}, "details": {"activeTab": "Pending", "role": "studio-owner", "viewMode": "bookings"}, "durationMs": 2410}
 LOG  [notification-toast] Backfilled recent notifications {"count": 0, "queryFloorIso": "2026-05-17T17:48:05.211Z", "reason": "recovery-poll"}
 LOG  [notification-toast] Backfilled recent notifications {"count": 0, "queryFloorIso": "2026-05-17T17:48:11.239Z", "reason": "recovery-poll"}
 LOG  [notification-toast] Backfilled recent notifications {"count": 0, "queryFloorIso": "2026-05-17T17:48:17.269Z", "reason": "recovery-poll"}
 LOG  [notification-toast] Backfilled recent notifications {"count": 0, "queryFloorIso": "2026-05-17T17:48:23.300Z", "reason": "recovery-poll"}
 LOG  [notification-toast] Backfilled recent notifications {"count": 0, "queryFloorIso": "2026-05-17T17:48:29.331Z", "reason": "recovery-poll"}
 LOG  [notification-toast] Backfilled recent notifications {"count": 0, "queryFloorIso": "2026-05-17T17:48:35.361Z", "reason": "recovery-poll"}
 LOG  [notification-toast] Backfilled recent notifications {"count": 0, "queryFloorIso": "2026-05-17T17:48:41.392Z", "reason": "recovery-poll"}
 LOG  [notification-toast] Backfilled recent notifications {"count": 0, "queryFloorIso": "2026-05-17T17:48:47.422Z", "reason": "recovery-poll"}
 INFO  [LoadTime][Bookings] query-start {"query": "bookingsSummary", "status": "success"}
 INFO  [LoadTime][Edge:manage-bookings] complete {"action": "fetch", "cursor": undefined, "durationMs": 1123, "hasUserId": true, "keys": ["action", "includeScreenPayload", "userId"], "limit": undefined}
 INFO  [LoadTime][Bookings] query-complete {"durationMs": 1114, "error": undefined, "query": "bookingsSummary", "status": "success", "updatedAt": "2026-05-17T17:49:11.206Z"}
 LOG  [notification-toast] Backfilled recent notifications {"count": 0, "queryFloorIso": "2026-05-17T17:48:53.476Z", "reason": "recovery-poll"}
 INFO  [LoadTime][Bookings] query-start {"query": "bookingsSummary", "status": "success"}
 LOG  [notification-toast] Backfilled recent notifications {"count": 0, "queryFloorIso": "2026-05-17T17:48:59.483Z", "reason": "recovery-poll"}
 INFO  [LoadTime][Edge:manage-bookings] complete {"action": "fetch", "cursor": undefined, "durationMs": 1014, "hasUserId": true, "keys": ["action", "includeScreenPayload", "userId"], "limit": undefined}
 INFO  [LoadTime][Bookings] query-complete {"durationMs": 1027, "error": undefined, "query": "bookingsSummary", "status": "success", "updatedAt": "2026-05-17T17:49:20.855Z"}
 LOG  [notification-toast] Backfilled recent notifications {"count": 0, "queryFloorIso": "2026-05-17T17:49:05.513Z", "reason": "recovery-poll"}
 LOG  [notification-toast] Backfilled recent notifications {"count": 0, "queryFloorIso": "2026-05-17T17:49:11.544Z", "reason": "recovery-poll"}
 LOG  [notification-toast] Backfilled recent notifications {"count": 0, "queryFloorIso": "2026-05-17T17:49:17.575Z", "reason": "recovery-poll"}
 LOG  [notification-toast] Backfilled recent notifications {"count": 0, "queryFloorIso": "2026-05-17T17:49:23.605Z", "reason": "recovery-poll"}
 LOG  [notification-toast] Backfilled recent notifications {"count": 0, "queryFloorIso": "2026-05-17T17:49:29.635Z", "reason": "recovery-poll"}
 LOG  [notification-toast] Backfilled recent notifications {"count": 0, "queryFloorIso": "2026-05-17T17:49:35.666Z", "reason": "recovery-poll"}
 LOG  [notification-toast] Backfilled recent notifications {"count": 0, "queryFloorIso": "2026-05-17T17:49:41.696Z", "reason": "recovery-poll"}
 LOG  [notification-toast] Backfilled recent notifications {"count": 0, "queryFloorIso": "2026-05-17T17:49:47.726Z", "reason": "recovery-poll"}
 LOG  [notification-toast] Backfilled recent notifications {"count": 0, "queryFloorIso": "2026-05-17T17:49:53.757Z", "reason": "recovery-poll"}
 INFO  [LoadTime][Bookings] query-start {"query": "bookingsSummary", "status": "success"}
 WARN  [supabase.functions.invoke] Authorization failed, retrying once with refreshed session {"code": undefined, "functionName": "manage-bookings", "hadUserAuthorizationHeader": true, "message": "Edge Function returned a non-2xx status code", "status": undefined}
 INFO  [LoadTime][Bookings] query-complete {"durationMs": 820, "error": undefined, "query": "bookingsSummary", "status": "success", "updatedAt": undefined}
 LOG  [notification-toast] Disposed notification toast channel {"activeUserId": "58d7266d-bde6-4303-919c-99cee5581027", "reason": "cleanup"}
 WARN  [supabase.functions.invoke] Function invoke failed after retries {"body": {"action": "fetch", "includeScreenPayload": true, "userId": "58d7266d-bde6-4303-919c-99cee5581027"}, "code": undefined, "context": {"_bodyBlob": {"_data": [Object]}, "_bodyInit": {"_data": [Object]}, "bodyUsed": false, "headers": {"map": [Object]}, "ok": false, "status": 401, "statusText": "", "type": "default", "url": "https://aefldxegsvzecshlayza.supabase.co/functions/v1/manage-bookings"}, "details": undefined, "functionName": "manage-bookings", "hint": undefined, "message": "Edge Function returned a non-2xx status code", "responseBody": {"code": 401, "message": "Invalid JWT"}, "status": 401}
 INFO  [LoadTime][Edge:manage-bookings] failed {"action": "fetch", "cursor": undefined, "durationMs": 1515, "hasUserId": true, "keys": ["action", "includeScreenPayload", "userId"], "limit": undefined, "message": "Invalid JWT", "status": 401}
Android Bundled 192ms index.js (1 module)
 INFO  [radio] react-native-track-player unavailable; radio playback is disabled until you run a native dev build.
 WARN  SafeAreaView has been deprecated and will be removed in a future release. Please use 'react-native-safe-area-context' instead. See https://github.com/th3rdwave/react-native-safe-area-context
 WARN  [expo-av]: Expo AV has been deprecated and will be removed in SDK 54. Use the `expo-audio` and `expo-video` packages to replace the required functionality.
 INFO  [push] expo-notifications unavailable; native push registration is disabled until dependencies are installed and Metro is restarted.
 INFO  [LoadTime][Route] enter {"route": "/", "startedAt": "2026-05-17T17:50:29.351Z"}
Android .\index.js ░░░░░░░░░░░░░░░░  0.0% (0/1)
Android Bundled 118ms index.js (1 module)
 INFO  [radio] react-native-track-player unavailable; radio playback is disabled until you run a native dev build.
 WARN  SafeAreaView has been deprecated and will be removed in a future release. Please use 'react-native-safe-area-context' instead. See https://github.com/th3rdwave/react-native-safe-area-context
 WARN  [expo-av]: Expo AV has been deprecated and will be removed in SDK 54. Use the `expo-audio` and `expo-video` packages to replace the required functionality.
 INFO  [push] expo-notifications unavailable; native push registration is disabled until dependencies are installed and Metro is restarted.
 INFO  [LoadTime][Route] enter {"route": "/", "startedAt": "2026-05-17T17:52:42.662Z"}
 INFO  [LoadTime][Route] leave {"durationMs": 2424, "route": "/"}
 INFO  [LoadTime][Feed] mount {"details": {"hasMore": false, "tab": "for_you", "user": "guest"}, "startedAt": "2026-05-17T17:52:46.660Z"}
 INFO  [LoadTime][Route] enter {"route": "/(tabs)/feed", "startedAt": "2026-05-17T17:52:46.684Z"}
 LOG  [notification-toast] Notification toast channel status {"activeUserId": "af663aa1-897e-4017-a184-47adb2d41ca2", "reason": "initial", "status": "SUBSCRIBED"}
 INFO  [LoadTime][Feed] query-start {"query": "forYouFeed", "status": "pending"}
 LOG  [notification-toast] Backfilled recent notifications {"count": 0, "queryFloorIso": "2026-05-17T17:47:32.089Z", "reason": "subscribed:initial"}
 INFO  [LoadTime][Edge:manage-social-feed] complete {"action": "get_feed", "cursor": undefined, "durationMs": 902, "hasUserId": true, "keys": ["action", "cursor", "feed_type", "limit", "personalize", "userId"], "limit": 12}
 INFO  [LoadTime][Feed] primary-page-parsed {"append": false, "feedTab": "for_you", "pages": 1, "posts": 2}
 INFO  [LoadTime][Feed] snapshot-ready {"aiCards": 0, "feedTab": "for_you", "hasMore": false, "posts": 2}
 INFO  [LoadTime][Feed] load-complete {"counts": {"aiCards": 0, "followingEntities": 0, "posts": 2}, "details": {"hasMore": false, "tab": "for_you", "user": "signed-in"}, "durationMs": 3963}
 INFO  [LoadTime][Feed] first-ready {"counts": {"aiCards": 0, "followingEntities": 0, "posts": 2}, "details": {"hasMore": false, "tab": "for_you", "user": "signed-in"}, "durationMs": 3966, "renderCount": 10}
 INFO  [LoadTime][Feed] query-complete {"durationMs": 1266, "error": undefined, "query": "forYouFeed", "status": "success", "updatedAt": "2026-05-17T17:52:49.718Z"}
 INFO  [LoadTime][FeedRadio] fetch-start {"details": {"includeItems": true}}
 INFO  [LoadTime][FeedRadio] edge-complete {"details": {"featuredOnly": true, "playableStations": 1, "stations": 1}, "durationMs": 776}
 INFO  [LoadTime][FeedRadio] fetch-complete {"details": {"playableStations": 1, "stations": 1}, "durationMs": 784}
 WARN  [GROQ_ROUTER] Request failed {"apiKeySignature": "len=56 prefix=gsk_zq suffix=j7J5Bx", "apiKeySource": "process.env.EXPO_PUBLIC_GROQ_API_KEY", "message": "Invalid API Key", "modelId": "llama-3.3-70b-versatile", "modelSource": "default.llama-3.3-70b-versatile", "status": 401}
 WARN  [GROQ_ROUTER] Request exception {"apiKeySignature": "len=56 prefix=gsk_zq suffix=j7J5Bx", "apiKeySource": "process.env.EXPO_PUBLIC_GROQ_API_KEY", "message": "Invalid API Key", "modelId": "llama-3.3-70b-versatile", "modelSource": "default.llama-3.3-70b-versatile"}
 LOG  [notification-toast] Backfilled recent notifications {"count": 0, "queryFloorIso": "2026-05-17T17:52:32.490Z", "reason": "recovery-poll"}
 LOG  [notification-toast] Backfilled recent notifications {"count": 0, "queryFloorIso": "2026-05-17T17:52:38.130Z", "reason": "recovery-poll"}
 LOG  [notification-toast] Backfilled recent notifications {"count": 0, "queryFloorIso": "2026-05-17T17:52:44.160Z", "reason": "recovery-poll"}
 LOG  [notification-toast] Backfilled recent notifications {"count": 0, "queryFloorIso": "2026-05-17T17:52:50.190Z", "reason": "recovery-poll"}
 LOG  [notification-toast] Disposed notification toast channel {"activeUserId": "af663aa1-897e-4017-a184-47adb2d41ca2", "reason": "app-state:background"}
 INFO  [LoadTime][Route] leave {"durationMs": 29523, "route": "/(tabs)/feed"}
 INFO  [LoadTime][Route] enter {"route": "/add_studio", "startedAt": "2026-05-17T17:53:16.208Z"}
 LOG  [notification-toast] Notification toast channel status {"activeUserId": "af663aa1-897e-4017-a184-47adb2d41ca2", "reason": "foreground", "status": "SUBSCRIBED"}
 LOG  [notification-toast] Backfilled recent notifications {"count": 0, "queryFloorIso": "2026-05-17T17:53:00.483Z", "reason": "foreground"}
 LOG  [notification-toast] Backfilled recent notifications {"count": 0, "queryFloorIso": "2026-05-17T17:53:01.218Z", "reason": "recovery-poll"}
 LOG  [notification-toast] Backfilled recent notifications {"count": 0, "queryFloorIso": "2026-05-17T17:53:07.249Z", "reason": "recovery-poll"}
 LOG  [notification-toast] Backfilled recent notifications {"count": 0, "queryFloorIso": "2026-05-17T17:53:13.280Z", "reason": "recovery-poll"}
 LOG  [notification-toast] Backfilled recent notifications {"count": 0, "queryFloorIso": "2026-05-17T17:53:19.310Z", "reason": "recovery-poll"}
 LOG  [notification-toast] Backfilled recent notifications {"count": 0, "queryFloorIso": "2026-05-17T17:53:25.341Z", "reason": "recovery-poll"}
 LOG  [notification-toast] Backfilled recent notifications {"count": 0, "queryFloorIso": "2026-05-17T17:53:31.371Z", "reason": "recovery-poll"}
 LOG  [notification-toast] Backfilled recent notifications {"count": 0, "queryFloorIso": "2026-05-17T17:53:37.401Z", "reason": "recovery-poll"}
 LOG  [notification-toast] Backfilled recent notifications {"count": 0, "queryFloorIso": "2026-05-17T17:53:43.432Z", "reason": "recovery-poll"}
 LOG  [notification-toast] Backfilled recent notifications {"count": 0, "queryFloorIso": "2026-05-17T17:53:49.463Z", "reason": "recovery-poll"}
 LOG  [notification-toast] Backfilled recent notifications {"count": 0, "queryFloorIso": "2026-05-17T17:53:55.492Z", "reason": "recovery-poll"}
 LOG  [notification-toast] Backfilled recent notifications {"count": 0, "queryFloorIso": "2026-05-17T17:54:01.523Z", "reason": "recovery-poll"}
 LOG  [notification-toast] Backfilled recent notifications {"count": 0, "queryFloorIso": "2026-05-17T17:54:07.554Z", "reason": "recovery-poll"}
 LOG  [notification-toast] Backfilled recent notifications {"count": 0, "queryFloorIso": "2026-05-17T17:54:13.584Z", "reason": "recovery-poll"}
 LOG  [notification-toast] Backfilled recent notifications {"count": 0, "queryFloorIso": "2026-05-17T17:54:19.625Z", "reason": "recovery-poll"}
 LOG  [notification-toast] Backfilled recent notifications {"count": 0, "queryFloorIso": "2026-05-17T17:54:25.632Z", "reason": "recovery-poll"}
 LOG  [notification-toast] Backfilled recent notifications {"count": 0, "queryFloorIso": "2026-05-17T17:54:31.664Z", "reason": "recovery-poll"}
 LOG  [notification-toast] Backfilled recent notifications {"count": 0, "queryFloorIso": "2026-05-17T17:54:37.693Z", "reason": "recovery-poll"}
 LOG  [notification-toast] Backfilled recent notifications {"count": 0, "queryFloorIso": "2026-05-17T17:54:43.725Z", "reason": "recovery-poll"}
 LOG  [notification-toast] Backfilled recent notifications {"count": 0, "queryFloorIso": "2026-05-17T17:54:49.767Z", "reason": "recovery-poll"}
 LOG  [notification-toast] Backfilled recent notifications {"count": 0, "queryFloorIso": "2026-05-17T17:54:55.785Z", "reason": "recovery-poll"}
 LOG  [notification-toast] Backfilled recent notifications {"count": 0, "queryFloorIso": "2026-05-17T17:55:01.816Z", "reason": "recovery-poll"}
 LOG  [notification-toast] Backfilled recent notifications {"count": 0, "queryFloorIso": "2026-05-17T17:55:07.858Z", "reason": "recovery-poll"}
 LOG  [notification-toast] Received notification realtime payload {"notification": {"created_at": "2026-05-17T17:55:30.479526+00:00", "id": "ddf329ed-974a-48c2-bb7e-124d6972daea", "image": null, "message": "New booking request for studio-refund-e2e-1779040216773-studio-refund on 2026-05-24.", "meta": {"booking_date": "2026-05-24", "booking_id": "3f694660-8b03-4a56-8efe-c529f250321d", "studio_id": "5f7cb3d7-01ee-4b21-8d54-b12f269e27fb"}, "read": false, "title": "New Booking Request", "type": "info", "user_id": "af663aa1-897e-4017-a184-47adb2d41ca2"}, "reason": "foreground"}
 LOG  [notification-toast] Displayed notification toast {"emitted": true, "notificationId": "ddf329ed-974a-48c2-bb7e-124d6972daea", "source": "realtime", "toastType": "info"}
 LOG  [notification-toast] Skipping already displayed notification toast {"notificationId": "ddf329ed-974a-48c2-bb7e-124d6972daea", "source": "backfill:recovery-poll"}
 LOG  [notification-toast] Backfilled recent notifications {"count": 1, "queryFloorIso": "2026-05-17T17:55:16.006Z", "reason": "recovery-poll"}
 LOG  [notification-toast] Skipping already displayed notification toast {"notificationId": "ddf329ed-974a-48c2-bb7e-124d6972daea", "source": "backfill:recovery-poll"}
 LOG  [notification-toast] Backfilled recent notifications {"count": 1, "queryFloorIso": "2026-05-17T17:55:19.919Z", "reason": "recovery-poll"}
 LOG  [notification-toast] Skipping already displayed notification toast {"notificationId": "ddf329ed-974a-48c2-bb7e-124d6972daea", "source": "backfill:recovery-poll"}
 LOG  [notification-toast] Backfilled recent notifications {"count": 1, "queryFloorIso": "2026-05-17T17:55:25.950Z", "reason": "recovery-poll"}
 LOG  [notification-toast] Backfilled recent notifications {"count": 0, "queryFloorIso": "2026-05-17T17:55:31.980Z", "reason": "recovery-poll"}
 LOG  [notification-toast] Disposed notification toast channel {"activeUserId": "af663aa1-897e-4017-a184-47adb2d41ca2", "reason": "app-state:background"}
 INFO  [LoadTime][Bookings] mount {"details": {"activeTab": "Pending", "role": "unknown", "viewMode": "bookings"}, "startedAt": "2026-05-17T17:55:56.005Z"}
 INFO  [LoadTime][Bookings] first-ready {"counts": {"activeMusicians": 0, "applicants": 0, "history": 0, "ongoing": 0, "pending": 0, "pendingPermits": 0, "review": 0, "upcoming": 0}, "details": {"activeTab": "Pending", "role": "unknown", "viewMode": "bookings"}, "durationMs": 289, "renderCount": 1}
 INFO  [LoadTime][Bookings] query-start {"query": "bookingsSummary", "status": "pending"}
 INFO  [LoadTime][Route] leave {"durationMs": 160195, "route": "/add_studio"}
 INFO  [LoadTime][Route] enter {"route": "/(tabs)/bookings", "startedAt": "2026-05-17T17:55:56.405Z"}
 LOG  [notification-toast] Notification toast channel status {"activeUserId": "af663aa1-897e-4017-a184-47adb2d41ca2", "reason": "foreground", "status": "SUBSCRIBED"}
 INFO  [LoadTime][Edge:manage-bookings] complete {"action": "fetch", "cursor": undefined, "durationMs": 1618, "hasUserId": true, "keys": ["action", "includeScreenPayload", "userId"], "limit": undefined}
 INFO  [LoadTime][Bookings] query-complete {"durationMs": 1708, "error": undefined, "query": "bookingsSummary", "status": "success", "updatedAt": "2026-05-17T17:55:57.623Z"}
 INFO  [LoadTime][Bookings] load-complete {"counts": {"activeMusicians": 0, "applicants": 0, "history": 0, "ongoing": 0, "pending": 0, "pendingPermits": 0, "review": 0, "upcoming": 1}, "details": {"activeTab": "Pending", "role": "studio-owner", "viewMode": "bookings"}, "durationMs": 2098}
 LOG  [notification-toast] Backfilled recent notifications {"count": 0, "queryFloorIso": "2026-05-17T17:55:40.346Z", "reason": "recovery-poll"}
 LOG  [notification-toast] Backfilled recent notifications {"count": 0, "queryFloorIso": "2026-05-17T17:55:44.424Z", "reason": "recovery-poll"}
 LOG  [notification-toast] Backfilled recent notifications {"count": 0, "queryFloorIso": "2026-05-17T17:55:50.454Z", "reason": "recovery-poll"}
 LOG  [notification-toast] Backfilled recent notifications {"count": 0, "queryFloorIso": "2026-05-17T17:55:56.485Z", "reason": "recovery-poll"}
 LOG  [notification-toast] Backfilled recent notifications {"count": 0, "queryFloorIso": "2026-05-17T17:56:02.516Z", "reason": "recovery-poll"}
 LOG  [notification-toast] Backfilled recent notifications {"count": 0, "queryFloorIso": "2026-05-17T17:56:08.546Z", "reason": "recovery-poll"}
 LOG  [notification-toast] Backfilled recent notifications {"count": 0, "queryFloorIso": "2026-05-17T17:56:14.577Z", "reason": "recovery-poll"}
 LOG  [notification-toast] Backfilled recent notifications {"count": 0, "queryFloorIso": "2026-05-17T17:56:20.607Z", "reason": "recovery-poll"}
 INFO  [LoadTime][Bookings] query-start {"query": "bookingsSummary", "status": "success"}
 INFO  [LoadTime][Edge:manage-bookings] complete {"action": "fetch", "cursor": undefined, "durationMs": 1054, "hasUserId": true, "keys": ["action", "includeScreenPayload", "userId"], "limit": undefined}
 INFO  [LoadTime][Bookings] query-complete {"durationMs": 1006, "error": undefined, "query": "bookingsSummary", "status": "success", "updatedAt": "2026-05-17T17:56:46.306Z"}
 LOG  [notification-toast] Backfilled recent notifications {"count": 0, "queryFloorIso": "2026-05-17T17:56:26.637Z", "reason": "recovery-poll"}
Android Bundled 209ms index.js (1 module)
 INFO  [radio] react-native-track-player unavailable; radio playback is disabled until you run a native dev build.
 WARN  SafeAreaView has been deprecated and will be removed in a future release. Please use 'react-native-safe-area-context' instead. See https://github.com/th3rdwave/react-native-safe-area-context
 WARN  [expo-av]: Expo AV has been deprecated and will be removed in SDK 54. Use the `expo-audio` and `expo-video` packages to replace the required functionality.
 INFO  [push] expo-notifications unavailable; native push registration is disabled until dependencies are installed and Metro is restarted.
 INFO  [LoadTime][Route] enter {"route": "/", "startedAt": "2026-05-17T17:56:54.846Z"}
Android .\index.js ░░░░░░░░░░░░░░░░  0.0% (0/1)
Android Bundled 117ms index.js (1 module)
 INFO  [radio] react-native-track-player unavailable; radio playback is disabled until you run a native dev build.
 WARN  SafeAreaView has been deprecated and will be removed in a future release. Please use 'react-native-safe-area-context' instead. See https://github.com/th3rdwave/react-native-safe-area-context
 WARN  [expo-av]: Expo AV has been deprecated and will be removed in SDK 54. Use the `expo-audio` and `expo-video` packages to replace the required functionality.
 INFO  [push] expo-notifications unavailable; native push registration is disabled until dependencies are installed and Metro is restarted.
 INFO  [LoadTime][Route] enter {"route": "/", "startedAt": "2026-05-17T17:59:08.021Z"}
 INFO  [LoadTime][Route] leave {"durationMs": 2564, "route": "/"}
 INFO  [LoadTime][Feed] mount {"details": {"hasMore": false, "tab": "for_you", "user": "guest"}, "startedAt": "2026-05-17T17:59:12.004Z"}
 INFO  [LoadTime][Route] enter {"route": "/(tabs)/feed", "startedAt": "2026-05-17T17:59:12.028Z"}
 LOG  [notification-toast] Notification toast channel status {"activeUserId": "c2b0ee76-0814-4364-8cef-c6508f156df5", "reason": "initial", "status": "SUBSCRIBED"}
 INFO  [LoadTime][Feed] query-start {"query": "forYouFeed", "status": "pending"}
 LOG  [notification-toast] Displayed notification toast {"emitted": true, "notificationId": "7f2709c4-1881-4946-abcc-77805a9d687a", "source": "backfill:subscribed:initial", "toastType": "error"}
 LOG  [notification-toast] Backfilled recent notifications {"count": 1, "queryFloorIso": "2026-05-17T17:53:57.453Z", "reason": "subscribed:initial"}
 INFO  [LoadTime][Edge:manage-social-feed] complete {"action": "get_feed", "cursor": undefined, "durationMs": 1004, "hasUserId": true, "keys": ["action", "cursor", "feed_type", "limit", "personalize", "userId"], "limit": 12}
 INFO  [LoadTime][Feed] primary-page-parsed {"append": false, "feedTab": "for_you", "pages": 1, "posts": 2}
 INFO  [LoadTime][Feed] snapshot-ready {"aiCards": 0, "feedTab": "for_you", "hasMore": false, "posts": 2}
 INFO  [LoadTime][Feed] load-complete {"counts": {"aiCards": 0, "followingEntities": 0, "posts": 2}, "details": {"hasMore": false, "tab": "for_you", "user": "signed-in"}, "durationMs": 3233}
 INFO  [LoadTime][Feed] first-ready {"counts": {"aiCards": 0, "followingEntities": 0, "posts": 2}, "details": {"hasMore": false, "tab": "for_you", "user": "signed-in"}, "durationMs": 3235, "renderCount": 10}
 INFO  [LoadTime][Feed] query-complete {"durationMs": 1260, "error": undefined, "query": "forYouFeed", "status": "success", "updatedAt": "2026-05-17T17:59:14.450Z"}
 INFO  [LoadTime][FeedRadio] fetch-start {"details": {"includeItems": true}}
 INFO  [LoadTime][FeedRadio] edge-complete {"details": {"featuredOnly": true, "playableStations": 1, "stations": 1}, "durationMs": 731}
 INFO  [LoadTime][FeedRadio] fetch-complete {"details": {"playableStations": 1, "stations": 1}, "durationMs": 735}
 WARN  [GROQ_ROUTER] Request failed {"apiKeySignature": "len=56 prefix=gsk_zq suffix=j7J5Bx", "apiKeySource": "process.env.EXPO_PUBLIC_GROQ_API_KEY", "message": "Invalid API Key", "modelId": "llama-3.3-70b-versatile", "modelSource": "default.llama-3.3-70b-versatile", "status": 401}
 WARN  [GROQ_ROUTER] Request exception {"apiKeySignature": "len=56 prefix=gsk_zq suffix=j7J5Bx", "apiKeySource": "process.env.EXPO_PUBLIC_GROQ_API_KEY", "message": "Invalid API Key", "modelId": "llama-3.3-70b-versatile", "modelSource": "default.llama-3.3-70b-versatile"}
 LOG  [notification-toast] Backfilled recent notifications {"count": 0, "queryFloorIso": "2026-05-17T17:58:57.839Z", "reason": "recovery-poll"}
 LOG  [notification-toast] Backfilled recent notifications {"count": 0, "queryFloorIso": "2026-05-17T17:59:03.480Z", "reason": "recovery-poll"}
 LOG  [notification-toast] Backfilled recent notifications {"count": 0, "queryFloorIso": "2026-05-17T17:59:09.510Z", "reason": "recovery-poll"}
 LOG  [notification-toast] Backfilled recent notifications {"count": 0, "queryFloorIso": "2026-05-17T17:59:15.541Z", "reason": "recovery-poll"}
 LOG  [notification-toast] Disposed notification toast channel {"activeUserId": "c2b0ee76-0814-4364-8cef-c6508f156df5", "reason": "app-state:background"}
 INFO  [LoadTime][Bookings] mount {"details": {"activeTab": "Pending", "role": "unknown", "viewMode": "bookings"}, "startedAt": "2026-05-17T17:59:41.241Z"}
 INFO  [LoadTime][Bookings] first-ready {"counts": {"activeMusicians": 0, "applicants": 0, "history": 0, "ongoing": 0, "pending": 0, "pendingPermits": 0, "review": 0, "upcoming": 0}, "details": {"activeTab": "Pending", "role": "unknown", "viewMode": "bookings"}, "durationMs": 252, "renderCount": 1}
 INFO  [LoadTime][Bookings] query-start {"query": "bookingsSummary", "status": "pending"}
 INFO  [LoadTime][Route] leave {"durationMs": 29583, "route": "/(tabs)/feed"}
 INFO  [LoadTime][Route] enter {"route": "/(tabs)/bookings", "startedAt": "2026-05-17T17:59:41.612Z"}
 LOG  [notification-toast] Notification toast channel status {"activeUserId": "c2b0ee76-0814-4364-8cef-c6508f156df5", "reason": "foreground", "status": "SUBSCRIBED"}
 LOG  [notification-toast] Backfilled recent notifications {"count": 0, "queryFloorIso": "2026-05-17T17:59:25.604Z", "reason": "foreground"}
 INFO  [LoadTime][Edge:manage-bookings] complete {"action": "fetch", "cursor": undefined, "durationMs": 1658, "hasUserId": true, "keys": ["action", "includeScreenPayload", "userId"], "limit": undefined}
 INFO  [LoadTime][Bookings] query-complete {"durationMs": 1738, "error": undefined, "query": "bookingsSummary", "status": "success", "updatedAt": "2026-05-17T17:59:42.900Z"}
 INFO  [LoadTime][Bookings] load-complete {"counts": {"activeMusicians": 0, "applicants": 0, "history": 1, "ongoing": 0, "pending": 0, "pendingPermits": 0, "review": 0, "upcoming": 0}, "details": {"activeTab": "Pending", "role": "musician", "viewMode": "bookings"}, "durationMs": 2330}
 LOG  [notification-toast] Backfilled recent notifications {"count": 0, "queryFloorIso": "2026-05-17T17:59:26.624Z", "reason": "recovery-poll"}
 LOG  [notification-toast] Backfilled recent notifications {"count": 0, "queryFloorIso": "2026-05-17T17:59:32.649Z", "reason": "recovery-poll"}
 LOG  [notification-toast] Backfilled recent notifications {"count": 0, "queryFloorIso": "2026-05-17T17:59:38.680Z", "reason": "recovery-poll"}
 LOG  [notification-toast] Backfilled recent notifications {"count": 0, "queryFloorIso": "2026-05-17T17:59:44.710Z", "reason": "recovery-poll"}
 LOG  [notification-toast] Backfilled recent notifications {"count": 0, "queryFloorIso": "2026-05-17T17:59:50.740Z", "reason": "recovery-poll"}
 LOG  [notification-toast] Disposed notification toast channel {"activeUserId": "c2b0ee76-0814-4364-8cef-c6508f156df5", "reason": "app-state:background"}
 INFO  [LoadTime][Wallet] mount {"details": {"balance": 0, "role": "unknown", "user": "signed-in"}, "startedAt": "2026-05-17T18:00:13.763Z"}
 INFO  [LoadTime][Wallet] query-start {"query": "walletSummary", "status": "pending"}
 INFO  [LoadTime][Route] leave {"durationMs": 32335, "route": "/(tabs)/bookings"}
 INFO  [LoadTime][Route] enter {"route": "/wallet", "startedAt": "2026-05-17T18:00:13.948Z"}
 INFO  [LoadTime][Bookings] query-start {"query": "bookingsSummary", "status": "success"}
 LOG  [notification-toast] Notification toast channel status {"activeUserId": "c2b0ee76-0814-4364-8cef-c6508f156df5", "reason": "foreground", "status": "SUBSCRIBED"}
 INFO  [LoadTime][Edge:withdrawals] complete {"action": "get_wallet_summary", "cursor": undefined, "durationMs": 1175, "hasUserId": false, "keys": ["action"], "limit": undefined}
 INFO  [LoadTime][Wallet] query-complete {"durationMs": 1267, "error": undefined, "query": "walletSummary", "status": "success", "updatedAt": "2026-05-17T18:00:14.939Z"}
 INFO  [LoadTime][Wallet] load-complete {"counts": {"payoutMethods": 0, "transactions": 1, "unpaidBookings": 0, "withdrawals": 0}, "details": {"balance": 1075, "role": "musician", "user": "signed-in"}, "durationMs": 1512}
 INFO  [LoadTime][Wallet] first-ready {"counts": {"payoutMethods": 0, "transactions": 1, "unpaidBookings": 0, "withdrawals": 0}, "details": {"balance": 1075, "role": "musician", "user": "signed-in"}, "durationMs": 1514, "renderCount": 4}
 INFO  [LoadTime][Edge:manage-bookings] complete {"action": "fetch", "cursor": undefined, "durationMs": 1809, "hasUserId": true, "keys": ["action", "includeScreenPayload", "userId"], "limit": undefined}
 INFO  [LoadTime][Bookings] query-complete {"durationMs": 1787, "error": undefined, "query": "bookingsSummary", "status": "success", "updatedAt": "2026-05-17T18:00:15.777Z"}
 LOG  [notification-toast] Backfilled recent notifications {"count": 0, "queryFloorIso": "2026-05-17T17:59:58.516Z", "reason": "recovery-poll"}
 LOG  [notification-toast] Backfilled recent notifications {"count": 0, "queryFloorIso": "2026-05-17T18:00:01.969Z", "reason": "recovery-poll"}
 LOG  [notification-toast] Backfilled recent notifications {"count": 0, "queryFloorIso": "2026-05-17T18:00:08.000Z", "reason": "recovery-poll"}
 LOG  [notification-toast] Backfilled recent notifications {"count": 0, "queryFloorIso": "2026-05-17T18:00:14.030Z", "reason": "recovery-poll"}
 LOG  [notification-toast] Backfilled recent notifications {"count": 0, "queryFloorIso": "2026-05-17T18:00:20.060Z", "reason": "recovery-poll"}
 LOG  [notification-toast] Backfilled recent notifications {"count": 0, "queryFloorIso": "2026-05-17T18:00:26.091Z", "reason": "recovery-poll"}
 LOG  [notification-toast] Backfilled recent notifications {"count": 0, "queryFloorIso": "2026-05-17T18:00:32.121Z", "reason": "recovery-poll"}
Android .\index.js ░░░░░░░░░░░░░░░░  0.0% (0/1)
Android Bundled 111ms index.js (1 module)
 INFO  [radio] react-native-track-player unavailable; radio playback is disabled until you run a native dev build.
 WARN  SafeAreaView has been deprecated and will be removed in a future release. Please use 'react-native-safe-area-context' instead. See https://github.com/th3rdwave/react-native-safe-area-context
 WARN  [expo-av]: Expo AV has been deprecated and will be removed in SDK 54. Use the `expo-audio` and `expo-video` packages to replace the required functionality.
 INFO  [push] expo-notifications unavailable; native push registration is disabled until dependencies are installed and Metro is restarted.
 INFO  [LoadTime][Route] enter {"route": "/", "startedAt": "2026-05-17T18:01:05.088Z"}
Android .\index.js ░░░░░░░░░░░░░░░░  0.0% (0/1)
Android Bundled 123ms index.js (1 module)
 INFO  [radio] react-native-track-player unavailable; radio playback is disabled until you run a native dev build.
 WARN  SafeAreaView has been deprecated and will be removed in a future release. Please use 'react-native-safe-area-context' instead. See https://github.com/th3rdwave/react-native-safe-area-context
 WARN  [expo-av]: Expo AV has been deprecated and will be removed in SDK 54. Use the `expo-audio` and `expo-video` packages to replace the required functionality.
 INFO  [push] expo-notifications unavailable; native push registration is disabled until dependencies are installed and Metro is restarted.
 INFO  [LoadTime][Route] enter {"route": "/", "startedAt": "2026-05-17T18:03:18.767Z"}
 INFO  [LoadTime][Route] leave {"durationMs": 2406, "route": "/"}
 INFO  [LoadTime][Feed] mount {"details": {"hasMore": false, "tab": "for_you", "user": "guest"}, "startedAt": "2026-05-17T18:03:22.882Z"}
 INFO  [LoadTime][Route] enter {"route": "/(tabs)/feed", "startedAt": "2026-05-17T18:03:22.905Z"}
 LOG  [notification-toast] Notification toast channel status {"activeUserId": "5c0cf804-9431-4352-aaf2-90653f07fa0b", "reason": "initial", "status": "SUBSCRIBED"}
 INFO  [LoadTime][Feed] query-start {"query": "forYouFeed", "status": "pending"}
 LOG  [notification-toast] Backfilled recent notifications {"count": 0, "queryFloorIso": "2026-05-17T17:58:08.318Z", "reason": "subscribed:initial"}
 INFO  [LoadTime][Edge:manage-social-feed] complete {"action": "get_feed", "cursor": undefined, "durationMs": 852, "hasUserId": true, "keys": ["action", "cursor", "feed_type", "limit", "personalize", "userId"], "limit": 12}
 INFO  [LoadTime][Feed] primary-page-parsed {"append": false, "feedTab": "for_you", "pages": 1, "posts": 2}
 INFO  [LoadTime][Feed] snapshot-ready {"aiCards": 0, "feedTab": "for_you", "hasMore": false, "posts": 2}
 INFO  [LoadTime][Feed] load-complete {"counts": {"aiCards": 0, "followingEntities": 0, "posts": 2}, "details": {"hasMore": false, "tab": "for_you", "user": "signed-in"}, "durationMs": 3227}
 INFO  [LoadTime][Feed] first-ready {"counts": {"aiCards": 0, "followingEntities": 0, "posts": 2}, "details": {"hasMore": false, "tab": "for_you", "user": "signed-in"}, "durationMs": 3230, "renderCount": 11}
 INFO  [LoadTime][Feed] query-complete {"durationMs": 1200, "error": undefined, "query": "forYouFeed", "status": "success", "updatedAt": "2026-05-17T18:03:25.218Z"}
 INFO  [LoadTime][FeedRadio] fetch-start {"details": {"includeItems": true}}
 INFO  [LoadTime][FeedRadio] edge-complete {"details": {"featuredOnly": true, "playableStations": 1, "stations": 1}, "durationMs": 763}
 INFO  [LoadTime][FeedRadio] fetch-complete {"details": {"playableStations": 1, "stations": 1}, "durationMs": 767}
 WARN  [GROQ_ROUTER] Request failed {"apiKeySignature": "len=56 prefix=gsk_zq suffix=j7J5Bx", "apiKeySource": "process.env.EXPO_PUBLIC_GROQ_API_KEY", "message": "Invalid API Key", "modelId": "llama-3.3-70b-versatile", "modelSource": "default.llama-3.3-70b-versatile", "status": 401}
 WARN  [GROQ_ROUTER] Request exception {"apiKeySignature": "len=56 prefix=gsk_zq suffix=j7J5Bx", "apiKeySource": "process.env.EXPO_PUBLIC_GROQ_API_KEY", "message": "Invalid API Key", "modelId": "llama-3.3-70b-versatile", "modelSource": "default.llama-3.3-70b-versatile"}
 LOG  [notification-toast] Backfilled recent notifications {"count": 0, "queryFloorIso": "2026-05-17T18:03:08.744Z", "reason": "recovery-poll"}
 LOG  [notification-toast] Backfilled recent notifications {"count": 0, "queryFloorIso": "2026-05-17T18:03:14.344Z", "reason": "recovery-poll"}
 LOG  [notification-toast] Backfilled recent notifications {"count": 0, "queryFloorIso": "2026-05-17T18:03:20.375Z", "reason": "recovery-poll"}
 LOG  [notification-toast] Backfilled recent notifications {"count": 0, "queryFloorIso": "2026-05-17T18:03:26.405Z", "reason": "recovery-poll"}
 LOG  [notification-toast] Disposed notification toast channel {"activeUserId": "5c0cf804-9431-4352-aaf2-90653f07fa0b", "reason": "app-state:background"}
 INFO  [LoadTime][Route] leave {"durationMs": 28558, "route": "/(tabs)/feed"}
 INFO  [LoadTime][Route] enter {"route": "/add_gig", "startedAt": "2026-05-17T18:03:51.464Z"}
 LOG  [notification-toast] Notification toast channel status {"activeUserId": "5c0cf804-9431-4352-aaf2-90653f07fa0b", "reason": "foreground", "status": "SUBSCRIBED"}
 LOG  [notification-toast] Backfilled recent notifications {"count": 0, "queryFloorIso": "2026-05-17T18:03:35.752Z", "reason": "foreground"}
 LOG  [notification-toast] Backfilled recent notifications {"count": 0, "queryFloorIso": "2026-05-17T18:03:36.473Z", "reason": "recovery-poll"}
 LOG  [notification-toast] Backfilled recent notifications {"count": 0, "queryFloorIso": "2026-05-17T18:03:42.498Z", "reason": "recovery-poll"}
 LOG  [notification-toast] Backfilled recent notifications {"count": 0, "queryFloorIso": "2026-05-17T18:03:48.528Z", "reason": "recovery-poll"}
 LOG  [notification-toast] Backfilled recent notifications {"count": 0, "queryFloorIso": "2026-05-17T18:03:54.558Z", "reason": "recovery-poll"}
 LOG  [notification-toast] Backfilled recent notifications {"count": 0, "queryFloorIso": "2026-05-17T18:04:00.588Z", "reason": "recovery-poll"}
 LOG  [notification-toast] Backfilled recent notifications {"count": 0, "queryFloorIso": "2026-05-17T18:04:06.619Z", "reason": "recovery-poll"}
 LOG  [notification-toast] Backfilled recent notifications {"count": 0, "queryFloorIso": "2026-05-17T18:04:12.649Z", "reason": "recovery-poll"}
 LOG  [notification-toast] Backfilled recent notifications {"count": 0, "queryFloorIso": "2026-05-17T18:04:18.680Z", "reason": "recovery-poll"}
 LOG  [notification-toast] Backfilled recent notifications {"count": 0, "queryFloorIso": "2026-05-17T18:04:24.710Z", "reason": "recovery-poll"}
 LOG  [notification-toast] Backfilled recent notifications {"count": 0, "queryFloorIso": "2026-05-17T18:04:30.741Z", "reason": "recovery-poll"}
 LOG  [notification-toast] Backfilled recent notifications {"count": 0, "queryFloorIso": "2026-05-17T18:04:36.771Z", "reason": "recovery-poll"}
 LOG  [notification-toast] Backfilled recent notifications {"count": 0, "queryFloorIso": "2026-05-17T18:04:42.802Z", "reason": "recovery-poll"}
 LOG  [notification-toast] Backfilled recent notifications {"count": 0, "queryFloorIso": "2026-05-17T18:04:48.833Z", "reason": "recovery-poll"}
 LOG  [notification-toast] Backfilled recent notifications {"count": 0, "queryFloorIso": "2026-05-17T18:04:54.864Z", "reason": "recovery-poll"}
 LOG  [notification-toast] Backfilled recent notifications {"count": 0, "queryFloorIso": "2026-05-17T18:05:00.893Z", "reason": "recovery-poll"}
 LOG  [notification-toast] Backfilled recent notifications {"count": 0, "queryFloorIso": "2026-05-17T18:05:06.924Z", "reason": "recovery-poll"}
 INFO  [LoadTime][Route] leave {"durationMs": 99080, "route": "/add_gig"}
 INFO  [LoadTime][Route] enter {"route": "/", "startedAt": "2026-05-17T18:05:30.553Z"}
 INFO  [LoadTime][Feed] mount {"details": {"hasMore": false, "tab": "for_you", "user": "signed-in"}, "startedAt": "2026-05-17T18:05:30.926Z"}
 INFO  [LoadTime][Route] leave {"durationMs": 1136, "route": "/"}
 INFO  [LoadTime][Feed] load-complete {"counts": {"aiCards": 11, "followingEntities": 0, "posts": 2}, "details": {"hasMore": false, "tab": "for_you", "user": "signed-in"}, "durationMs": 1115}
 INFO  [LoadTime][Feed] first-ready {"counts": {"aiCards": 11, "followingEntities": 0, "posts": 2}, "details": {"hasMore": false, "tab": "for_you", "user": "signed-in"}, "durationMs": 1117, "renderCount": 2}
 INFO  [LoadTime][Route] enter {"route": "/(tabs)/feed", "startedAt": "2026-05-17T18:05:31.705Z"}
 INFO  [LoadTime][Feed] query-start {"query": "forYouFeed", "status": "success"}
 INFO  [LoadTime][Feed] query-start {"query": "forYouFeed", "status": "success"}
 INFO  [LoadTime][FeedRadio] fetch-start {"details": {"includeItems": true}}
 WARN  [supabase.functions.invoke] Authorization failed, retrying once with refreshed session {"code": undefined, "functionName": "manage-social-feed", "hadUserAuthorizationHeader": true, "message": "Edge Function returned a non-2xx status code", "status": undefined}
 INFO  [LoadTime][Feed] query-complete {"durationMs": 1816, "error": undefined, "query": "forYouFeed", "status": "success", "updatedAt": undefined}
 INFO  [LoadTime][Feed] query-complete {"durationMs": 1820, "error": undefined, "query": "forYouFeed", "status": "success", "updatedAt": undefined}
 LOG  [notification-toast] Disposed notification toast channel {"activeUserId": "5c0cf804-9431-4352-aaf2-90653f07fa0b", "reason": "cleanup"}
 INFO  [LoadTime][Feed] primary-page-parsed {"append": false, "feedTab": "for_you", "pages": 1, "posts": 2}
 INFO  [LoadTime][FeedRadio] edge-complete {"details": {"featuredOnly": true, "playableStations": 1, "stations": 1}, "durationMs": 2111}
 INFO  [LoadTime][FeedRadio] fetch-complete {"details": {"playableStations": 1, "stations": 1}, "durationMs": 2112}
 INFO  [LoadTime][FeedRadio] cache-hit {"details": {"playableStations": 1, "stations": 1}}
 INFO  [LoadTime][FeedRadio] cache-hit {"details": {"playableStations": 1, "stations": 1}}
 WARN  [supabase.functions.invoke] Function invoke failed after retries {"body": {"action": "get_feed", "feed_type": "for_you", "limit": 12, "personalize": true, "userId": "5c0cf804-9431-4352-aaf2-90653f07fa0b"}, "code": undefined, "context": {"_bodyBlob": {"_data": [Object]}, "_bodyInit": {"_data": [Object]}, "bodyUsed": false, "headers": {"map": [Object]}, "ok": false, "status": 401, "statusText": "", "type": "default", "url": "https://aefldxegsvzecshlayza.supabase.co/functions/v1/manage-social-feed"}, "details": undefined, "functionName": "manage-social-feed", "hint": undefined, "message": "Edge Function returned a non-2xx status code", "responseBody": {"error": "Invalid token"}, "status": 401}
 INFO  [LoadTime][Edge:manage-social-feed] failed {"action": "get_feed", "cursor": undefined, "durationMs": 3241, "hasUserId": true, "keys": ["action", "cursor", "feed_type", "limit", "personalize", "userId"], "limit": 12, "message": "Invalid token", "status": 401}
Android .\index.js ░░░░░░░░░░░░░░░░  0.0% (0/1)
Android Bundled 185ms index.js (1 module)
 INFO  [radio] react-native-track-player unavailable; radio playback is disabled until you run a native dev build.
 WARN  SafeAreaView has been deprecated and will be removed in a future release. Please use 'react-native-safe-area-context' instead. See https://github.com/th3rdwave/react-native-safe-area-context
 WARN  [expo-av]: Expo AV has been deprecated and will be removed in SDK 54. Use the `expo-audio` and `expo-video` packages to replace the required functionality.
 INFO  [push] expo-notifications unavailable; native push registration is disabled until dependencies are installed and Metro is restarted.
 INFO  [LoadTime][Route] enter {"route": "/", "startedAt": "2026-05-17T18:05:59.590Z"}
Android .\index.js ░░░░░░░░░░░░░░░░  0.0% (0/1)
Android Bundled 278ms index.js (1 module)
 INFO  [radio] react-native-track-player unavailable; radio playback is disabled until you run a native dev build.
 WARN  SafeAreaView has been deprecated and will be removed in a future release. Please use 'react-native-safe-area-context' instead. See https://github.com/th3rdwave/react-native-safe-area-context
 WARN  [expo-av]: Expo AV has been deprecated and will be removed in SDK 54. Use the `expo-audio` and `expo-video` packages to replace the required functionality.
 INFO  [push] expo-notifications unavailable; native push registration is disabled until dependencies are installed and Metro is restarted.
 INFO  [LoadTime][Route] enter {"route": "/", "startedAt": "2026-05-17T18:08:14.032Z"}
 INFO  [LoadTime][Route] leave {"durationMs": 2426, "route": "/"}
 INFO  [LoadTime][Feed] mount {"details": {"hasMore": false, "tab": "for_you", "user": "guest"}, "startedAt": "2026-05-17T18:08:18.031Z"}
 INFO  [LoadTime][Route] enter {"route": "/(tabs)/feed", "startedAt": "2026-05-17T18:08:18.053Z"}
 LOG  [notification-toast] Notification toast channel status {"activeUserId": "bb123be7-4e4e-4ccf-8415-14e62aa63020", "reason": "initial", "status": "SUBSCRIBED"}
 INFO  [LoadTime][Feed] query-start {"query": "forYouFeed", "status": "pending"}
 LOG  [notification-toast] Backfilled recent notifications {"count": 0, "queryFloorIso": "2026-05-17T18:03:03.478Z", "reason": "subscribed:initial"}
 INFO  [LoadTime][Edge:manage-social-feed] complete {"action": "get_feed", "cursor": undefined, "durationMs": 1026, "hasUserId": true, "keys": ["action", "cursor", "feed_type", "limit", "personalize", "userId"], "limit": 12}
 INFO  [LoadTime][Feed] primary-page-parsed {"append": false, "feedTab": "for_you", "pages": 1, "posts": 2}
 INFO  [LoadTime][Feed] snapshot-ready {"aiCards": 0, "feedTab": "for_you", "hasMore": false, "posts": 2}
 INFO  [LoadTime][Feed] load-complete {"counts": {"aiCards": 0, "followingEntities": 0, "posts": 2}, "details": {"hasMore": false, "tab": "for_you", "user": "signed-in"}, "durationMs": 3362}
 INFO  [LoadTime][Feed] first-ready {"counts": {"aiCards": 0, "followingEntities": 0, "posts": 2}, "details": {"hasMore": false, "tab": "for_you", "user": "signed-in"}, "durationMs": 3364, "renderCount": 10}
 INFO  [LoadTime][Feed] query-complete {"durationMs": 1331, "error": undefined, "query": "forYouFeed", "status": "success", "updatedAt": "2026-05-17T18:08:20.552Z"}
 INFO  [LoadTime][FeedRadio] fetch-start {"details": {"includeItems": true}}
 INFO  [LoadTime][FeedRadio] edge-complete {"details": {"featuredOnly": true, "playableStations": 1, "stations": 1}, "durationMs": 810}
 INFO  [LoadTime][FeedRadio] fetch-complete {"details": {"playableStations": 1, "stations": 1}, "durationMs": 813}
 WARN  [GROQ_ROUTER] Request failed {"apiKeySignature": "len=56 prefix=gsk_zq suffix=j7J5Bx", "apiKeySource": "process.env.EXPO_PUBLIC_GROQ_API_KEY", "message": "Invalid API Key", "modelId": "llama-3.3-70b-versatile", "modelSource": "default.llama-3.3-70b-versatile", "status": 401}
 WARN  [GROQ_ROUTER] Request exception {"apiKeySignature": "len=56 prefix=gsk_zq suffix=j7J5Bx", "apiKeySource": "process.env.EXPO_PUBLIC_GROQ_API_KEY", "message": "Invalid API Key", "modelId": "llama-3.3-70b-versatile", "modelSource": "default.llama-3.3-70b-versatile"}
 LOG  [notification-toast] Backfilled recent notifications {"count": 0, "queryFloorIso": "2026-05-17T18:08:03.875Z", "reason": "recovery-poll"}
 LOG  [notification-toast] Backfilled recent notifications {"count": 0, "queryFloorIso": "2026-05-17T18:08:09.504Z", "reason": "recovery-poll"}
 LOG  [notification-toast] Backfilled recent notifications {"count": 0, "queryFloorIso": "2026-05-17T18:08:15.534Z", "reason": "recovery-poll"}
 LOG  [notification-toast] Backfilled recent notifications {"count": 0, "queryFloorIso": "2026-05-17T18:08:21.565Z", "reason": "recovery-poll"}
 LOG  [notification-toast] Disposed notification toast channel {"activeUserId": "bb123be7-4e4e-4ccf-8415-14e62aa63020", "reason": "app-state:background"}
 INFO  [LoadTime][Route] leave {"durationMs": 28176, "route": "/(tabs)/feed"}
 INFO  [LoadTime][Route] enter {"route": "/add_gig", "startedAt": "2026-05-17T18:08:46.230Z"}
 LOG  [notification-toast] Notification toast channel status {"activeUserId": "bb123be7-4e4e-4ccf-8415-14e62aa63020", "reason": "foreground", "status": "SUBSCRIBED"}
 LOG  [notification-toast] Backfilled recent notifications {"count": 0, "queryFloorIso": "2026-05-17T18:08:30.532Z", "reason": "recovery-poll"}
 LOG  [notification-toast] Backfilled recent notifications {"count": 0, "queryFloorIso": "2026-05-17T18:08:34.258Z", "reason": "recovery-poll"}
 LOG  [notification-toast] Backfilled recent notifications {"count": 0, "queryFloorIso": "2026-05-17T18:08:40.290Z", "reason": "recovery-poll"}
 LOG  [notification-toast] Backfilled recent notifications {"count": 0, "queryFloorIso": "2026-05-17T18:08:46.319Z", "reason": "recovery-poll"}
 LOG  [notification-toast] Backfilled recent notifications {"count": 0, "queryFloorIso": "2026-05-17T18:08:52.351Z", "reason": "recovery-poll"}
 LOG  [notification-toast] Backfilled recent notifications {"count": 0, "queryFloorIso": "2026-05-17T18:08:58.380Z", "reason": "recovery-poll"}
 LOG  [notification-toast] Backfilled recent notifications {"count": 0, "queryFloorIso": "2026-05-17T18:09:04.410Z", "reason": "recovery-poll"}
 LOG  [notification-toast] Backfilled recent notifications {"count": 0, "queryFloorIso": "2026-05-17T18:09:10.454Z", "reason": "recovery-poll"}
 LOG  [notification-toast] Backfilled recent notifications {"count": 0, "queryFloorIso": "2026-05-17T18:09:16.472Z", "reason": "recovery-poll"}
 LOG  [notification-toast] Backfilled recent notifications {"count": 0, "queryFloorIso": "2026-05-17T18:09:22.502Z", "reason": "recovery-poll"}
 LOG  [notification-toast] Backfilled recent notifications {"count": 0, "queryFloorIso": "2026-05-17T18:09:28.533Z", "reason": "recovery-poll"}
 LOG  [notification-toast] Backfilled recent notifications {"count": 0, "queryFloorIso": "2026-05-17T18:09:34.563Z", "reason": "recovery-poll"}
 LOG  [notification-toast] Backfilled recent notifications {"count": 0, "queryFloorIso": "2026-05-17T18:09:40.582Z", "reason": "recovery-poll"}
 LOG  [notification-toast] Backfilled recent notifications {"count": 0, "queryFloorIso": "2026-05-17T18:09:46.624Z", "reason": "recovery-poll"}
 LOG  [notification-toast] Backfilled recent notifications {"count": 0, "queryFloorIso": "2026-05-17T18:09:52.654Z", "reason": "recovery-poll"}
 LOG  [notification-toast] Backfilled recent notifications {"count": 0, "queryFloorIso": "2026-05-17T18:09:58.685Z", "reason": "recovery-poll"}
 LOG  [notification-toast] Backfilled recent notifications {"count": 0, "queryFloorIso": "2026-05-17T18:10:04.728Z", "reason": "recovery-poll"}
 LOG  [notification-toast] Backfilled recent notifications {"count": 0, "queryFloorIso": "2026-05-17T18:10:10.746Z", "reason": "recovery-poll"}
 LOG  [notification-toast] Backfilled recent notifications {"count": 0, "queryFloorIso": "2026-05-17T18:10:16.776Z", "reason": "recovery-poll"}
 LOG  [notification-toast] Backfilled recent notifications {"count": 0, "queryFloorIso": "2026-05-17T18:10:22.807Z", "reason": "recovery-poll"}
 LOG  [notification-toast] Backfilled recent notifications {"count": 0, "queryFloorIso": "2026-05-17T18:10:28.837Z", "reason": "recovery-poll"}
 LOG  [notification-toast] Backfilled recent notifications {"count": 0, "queryFloorIso": "2026-05-17T18:10:34.868Z", "reason": "recovery-poll"}
 LOG  [notification-toast] Backfilled recent notifications {"count": 0, "queryFloorIso": "2026-05-17T18:10:40.898Z", "reason": "recovery-poll"}
 LOG  [notification-toast] Backfilled recent notifications {"count": 0, "queryFloorIso": "2026-05-17T18:10:46.929Z", "reason": "recovery-poll"}
 LOG  [notification-toast] Backfilled recent notifications {"count": 0, "queryFloorIso": "2026-05-17T18:10:52.959Z", "reason": "recovery-poll"}
 LOG  [notification-toast] Backfilled recent notifications {"count": 0, "queryFloorIso": "2026-05-17T18:10:58.990Z", "reason": "recovery-poll"}
 LOG  [notification-toast] Backfilled recent notifications {"count": 0, "queryFloorIso": "2026-05-17T18:11:05.020Z", "reason": "recovery-poll"}
 LOG  [notification-toast] Backfilled recent notifications {"count": 0, "queryFloorIso": "2026-05-17T18:11:11.050Z", "reason": "recovery-poll"}
 INFO  [LoadTime][Route] leave {"durationMs": 168595, "route": "/add_gig"}
 INFO  [LoadTime][Route] enter {"route": "/", "startedAt": "2026-05-17T18:11:34.837Z"}
 INFO  [LoadTime][Feed] mount {"details": {"hasMore": false, "tab": "for_you", "user": "signed-in"}, "startedAt": "2026-05-17T18:11:35.196Z"}
 INFO  [LoadTime][Route] leave {"durationMs": 1147, "route": "/"}
 INFO  [LoadTime][Feed] load-complete {"counts": {"aiCards": 11, "followingEntities": 0, "posts": 2}, "details": {"hasMore": false, "tab": "for_you", "user": "signed-in"}, "durationMs": 1134}
 INFO  [LoadTime][Feed] first-ready {"counts": {"aiCards": 11, "followingEntities": 0, "posts": 2}, "details": {"hasMore": false, "tab": "for_you", "user": "signed-in"}, "durationMs": 1136, "renderCount": 2}
 INFO  [LoadTime][Route] enter {"route": "/(tabs)/feed", "startedAt": "2026-05-17T18:11:36.000Z"}
 INFO  [LoadTime][Feed] query-start {"query": "forYouFeed", "status": "success"}
 INFO  [LoadTime][Feed] query-start {"query": "forYouFeed", "status": "success"}
 INFO  [LoadTime][FeedRadio] fetch-start {"details": {"includeItems": true}}
 WARN  [supabase.functions.invoke] Authorization failed, retrying once with refreshed session {"code": undefined, "functionName": "manage-social-feed", "hadUserAuthorizationHeader": true, "message": "Edge Function returned a non-2xx status code", "status": undefined}
 INFO  [LoadTime][Feed] query-complete {"durationMs": 1741, "error": undefined, "query": "forYouFeed", "status": "success", "updatedAt": undefined}
 INFO  [LoadTime][Feed] query-complete {"durationMs": 1744, "error": undefined, "query": "forYouFeed", "status": "success", "updatedAt": undefined}
 LOG  [notification-toast] Disposed notification toast channel {"activeUserId": "bb123be7-4e4e-4ccf-8415-14e62aa63020", "reason": "cleanup"}
 INFO  [LoadTime][Feed] primary-page-parsed {"append": false, "feedTab": "for_you", "pages": 1, "posts": 2}
 INFO  [LoadTime][FeedRadio] edge-complete {"details": {"featuredOnly": true, "playableStations": 1, "stations": 1}, "durationMs": 2065}
 INFO  [LoadTime][FeedRadio] fetch-complete {"details": {"playableStations": 1, "stations": 1}, "durationMs": 2065}
 INFO  [LoadTime][FeedRadio] cache-hit {"details": {"playableStations": 1, "stations": 1}}
 INFO  [LoadTime][FeedRadio] cache-hit {"details": {"playableStations": 1, "stations": 1}}
 WARN  [supabase.functions.invoke] Function invoke failed after retries {"body": {"action": "get_feed", "feed_type": "for_you", "limit": 12, "personalize": true, "userId": "bb123be7-4e4e-4ccf-8415-14e62aa63020"}, "code": undefined, "context": {"_bodyBlob": {"_data": [Object]}, "_bodyInit": {"_data": [Object]}, "bodyUsed": false, "headers": {"map": [Object]}, "ok": false, "status": 401, "statusText": "", "type": "default", "url": "https://aefldxegsvzecshlayza.supabase.co/functions/v1/manage-social-feed"}, "details": undefined, "functionName": "manage-social-feed", "hint": undefined, "message": "Edge Function returned a non-2xx status code", "responseBody": {"error": "Invalid token"}, "status": 401}
 INFO  [LoadTime][Edge:manage-social-feed] failed {"action": "get_feed", "cursor": undefined, "durationMs": 3085, "hasUserId": true, "keys": ["action", "cursor", "feed_type", "limit", "personalize", "userId"], "limit": 12, "message": "Invalid token", "status": 401}
Android .\index.js ░░░░░░░░░░░░░░░░  0.0% (0/1)
Android Bundled 169ms index.js (1 module)
 INFO  [radio] react-native-track-player unavailable; radio playback is disabled until you run a native dev build.
 WARN  SafeAreaView has been deprecated and will be removed in a future release. Please use 'react-native-safe-area-context' instead. See https://github.com/th3rdwave/react-native-safe-area-context
 WARN  [expo-av]: Expo AV has been deprecated and will be removed in SDK 54. Use the `expo-audio` and `expo-video` packages to replace the required functionality.
 INFO  [push] expo-notifications unavailable; native push registration is disabled until dependencies are installed and Metro is restarted.
 INFO  [LoadTime][Route] enter {"route": "/", "startedAt": "2026-05-17T18:11:58.119Z"}
Android .\index.js ░░░░░░░░░░░░░░░░  0.0% (0/1)
Android Bundled 143ms index.js (1 module)
 INFO  [radio] react-native-track-player unavailable; radio playback is disabled until you run a native dev build.
 WARN  SafeAreaView has been deprecated and will be removed in a future release. Please use 'react-native-safe-area-context' instead. See https://github.com/th3rdwave/react-native-safe-area-context
 WARN  [expo-av]: Expo AV has been deprecated and will be removed in SDK 54. Use the `expo-audio` and `expo-video` packages to replace the required functionality.
 INFO  [push] expo-notifications unavailable; native push registration is disabled until dependencies are installed and Metro is restarted.
 INFO  [LoadTime][Route] enter {"route": "/", "startedAt": "2026-05-17T18:14:12.587Z"}
 INFO  [LoadTime][Route] leave {"durationMs": 2375, "route": "/"}
 INFO  [LoadTime][Feed] mount {"details": {"hasMore": false, "tab": "for_you", "user": "guest"}, "startedAt": "2026-05-17T18:14:16.534Z"}
 INFO  [LoadTime][Route] enter {"route": "/(tabs)/feed", "startedAt": "2026-05-17T18:14:16.558Z"}
 LOG  [notification-toast] Notification toast channel status {"activeUserId": "2a52ba6f-eed5-4edd-83c2-b57d5e870b2c", "reason": "initial", "status": "SUBSCRIBED"}
 INFO  [LoadTime][Feed] query-start {"query": "forYouFeed", "status": "pending"}
 LOG  [notification-toast] Backfilled recent notifications {"count": 0, "queryFloorIso": "2026-05-17T18:09:01.992Z", "reason": "subscribed:initial"}
 INFO  [LoadTime][Edge:manage-social-feed] complete {"action": "get_feed", "cursor": undefined, "durationMs": 998, "hasUserId": true, "keys": ["action", "cursor", "feed_type", "limit", "personalize", "userId"], "limit": 12}
 INFO  [LoadTime][Feed] primary-page-parsed {"append": false, "feedTab": "for_you", "pages": 1, "posts": 2}
 INFO  [LoadTime][Feed] snapshot-ready {"aiCards": 0, "feedTab": "for_you", "hasMore": false, "posts": 2}
 INFO  [LoadTime][Feed] load-complete {"counts": {"aiCards": 0, "followingEntities": 0, "posts": 2}, "details": {"hasMore": false, "tab": "for_you", "user": "signed-in"}, "durationMs": 3154}
 INFO  [LoadTime][Feed] first-ready {"counts": {"aiCards": 0, "followingEntities": 0, "posts": 2}, "details": {"hasMore": false, "tab": "for_you", "user": "signed-in"}, "durationMs": 3156, "renderCount": 10}
 INFO  [LoadTime][Feed] query-complete {"durationMs": 1262, "error": undefined, "query": "forYouFeed", "status": "success", "updatedAt": "2026-05-17T18:14:18.876Z"}
 INFO  [LoadTime][FeedRadio] fetch-start {"details": {"includeItems": true}}
 INFO  [LoadTime][FeedRadio] edge-complete {"details": {"featuredOnly": true, "playableStations": 1, "stations": 1}, "durationMs": 750}
 INFO  [LoadTime][FeedRadio] fetch-complete {"details": {"playableStations": 1, "stations": 1}, "durationMs": 754}
 WARN  [GROQ_ROUTER] Request failed {"apiKeySignature": "len=56 prefix=gsk_zq suffix=j7J5Bx", "apiKeySource": "process.env.EXPO_PUBLIC_GROQ_API_KEY", "message": "Invalid API Key", "modelId": "llama-3.3-70b-versatile", "modelSource": "default.llama-3.3-70b-versatile", "status": 401}
 WARN  [GROQ_ROUTER] Request exception {"apiKeySignature": "len=56 prefix=gsk_zq suffix=j7J5Bx", "apiKeySource": "process.env.EXPO_PUBLIC_GROQ_API_KEY", "message": "Invalid API Key", "modelId": "llama-3.3-70b-versatile", "modelSource": "default.llama-3.3-70b-versatile"}
 LOG  [notification-toast] Backfilled recent notifications {"count": 0, "queryFloorIso": "2026-05-17T18:14:02.468Z", "reason": "recovery-poll"}
 LOG  [notification-toast] Backfilled recent notifications {"count": 0, "queryFloorIso": "2026-05-17T18:14:08.017Z", "reason": "recovery-poll"}
 LOG  [notification-toast] Backfilled recent notifications {"count": 0, "queryFloorIso": "2026-05-17T18:14:14.048Z", "reason": "recovery-poll"}
 LOG  [notification-toast] Backfilled recent notifications {"count": 0, "queryFloorIso": "2026-05-17T18:14:20.078Z", "reason": "recovery-poll"}
 LOG  [notification-toast] Disposed notification toast channel {"activeUserId": "2a52ba6f-eed5-4edd-83c2-b57d5e870b2c", "reason": "app-state:background"}
 INFO  [LoadTime][Route] leave {"durationMs": 30033, "route": "/(tabs)/feed"}
 INFO  [LoadTime][Route] enter {"route": "/add_gig", "startedAt": "2026-05-17T18:14:46.592Z"}
 LOG  [notification-toast] Notification toast channel status {"activeUserId": "2a52ba6f-eed5-4edd-83c2-b57d5e870b2c", "reason": "foreground", "status": "SUBSCRIBED"}
 LOG  [notification-toast] Backfilled recent notifications {"count": 0, "queryFloorIso": "2026-05-17T18:14:30.862Z", "reason": "foreground"}
 LOG  [notification-toast] Backfilled recent notifications {"count": 0, "queryFloorIso": "2026-05-17T18:14:31.602Z", "reason": "recovery-poll"}
 LOG  [notification-toast] Backfilled recent notifications {"count": 0, "queryFloorIso": "2026-05-17T18:14:37.619Z", "reason": "recovery-poll"}
 LOG  [notification-toast] Backfilled recent notifications {"count": 0, "queryFloorIso": "2026-05-17T18:14:43.650Z", "reason": "recovery-poll"}
 LOG  [notification-toast] Backfilled recent notifications {"count": 0, "queryFloorIso": "2026-05-17T18:14:49.680Z", "reason": "recovery-poll"}
 LOG  [notification-toast] Backfilled recent notifications {"count": 0, "queryFloorIso": "2026-05-17T18:14:55.711Z", "reason": "recovery-poll"}
 LOG  [notification-toast] Backfilled recent notifications {"count": 0, "queryFloorIso": "2026-05-17T18:15:01.741Z", "reason": "recovery-poll"}
 LOG  [notification-toast] Backfilled recent notifications {"count": 0, "queryFloorIso": "2026-05-17T18:15:07.771Z", "reason": "recovery-poll"}
 LOG  [notification-toast] Backfilled recent notifications {"count": 0, "queryFloorIso": "2026-05-17T18:15:13.803Z", "reason": "recovery-poll"}
 LOG  [notification-toast] Backfilled recent notifications {"count": 0, "queryFloorIso": "2026-05-17T18:15:19.833Z", "reason": "recovery-poll"}
 LOG  [notification-toast] Backfilled recent notifications {"count": 0, "queryFloorIso": "2026-05-17T18:15:25.863Z", "reason": "recovery-poll"}
 LOG  [notification-toast] Backfilled recent notifications {"count": 0, "queryFloorIso": "2026-05-17T18:15:31.893Z", "reason": "recovery-poll"}
 LOG  [notification-toast] Backfilled recent notifications {"count": 0, "queryFloorIso": "2026-05-17T18:15:37.923Z", "reason": "recovery-poll"}
 LOG  [notification-toast] Backfilled recent notifications {"count": 0, "queryFloorIso": "2026-05-17T18:15:43.955Z", "reason": "recovery-poll"}
 LOG  [notification-toast] Backfilled recent notifications {"count": 0, "queryFloorIso": "2026-05-17T18:15:49.985Z", "reason": "recovery-poll"}
 LOG  [notification-toast] Backfilled recent notifications {"count": 0, "queryFloorIso": "2026-05-17T18:15:56.028Z", "reason": "recovery-poll"}
 LOG  [notification-toast] Backfilled recent notifications {"count": 0, "queryFloorIso": "2026-05-17T18:16:02.046Z", "reason": "recovery-poll"}
 LOG  [notification-toast] Backfilled recent notifications {"count": 0, "queryFloorIso": "2026-05-17T18:16:08.077Z", "reason": "recovery-poll"}
 LOG  [notification-toast] Backfilled recent notifications {"count": 0, "queryFloorIso": "2026-05-17T18:16:14.108Z", "reason": "recovery-poll"}
 LOG  [notification-toast] Backfilled recent notifications {"count": 0, "queryFloorIso": "2026-05-17T18:16:20.137Z", "reason": "recovery-poll"}
 LOG  [notification-toast] Backfilled recent notifications {"count": 0, "queryFloorIso": "2026-05-17T18:16:26.168Z", "reason": "recovery-poll"}
 LOG  [notification-toast] Backfilled recent notifications {"count": 0, "queryFloorIso": "2026-05-17T18:16:32.199Z", "reason": "recovery-poll"}
 LOG  [notification-toast] Backfilled recent notifications {"count": 0, "queryFloorIso": "2026-05-17T18:16:38.240Z", "reason": "recovery-poll"}
 LOG  [notification-toast] Backfilled recent notifications {"count": 0, "queryFloorIso": "2026-05-17T18:16:44.255Z", "reason": "recovery-poll"}
 LOG  [notification-toast] Backfilled recent notifications {"count": 0, "queryFloorIso": "2026-05-17T18:16:50.290Z", "reason": "recovery-poll"}
 LOG  [notification-toast] Backfilled recent notifications {"count": 0, "queryFloorIso": "2026-05-17T18:16:56.320Z", "reason": "recovery-poll"}
 LOG  [notification-toast] Backfilled recent notifications {"count": 0, "queryFloorIso": "2026-05-17T18:17:02.351Z", "reason": "recovery-poll"}
 LOG  [notification-toast] Backfilled recent notifications {"count": 0, "queryFloorIso": "2026-05-17T18:17:08.381Z", "reason": "recovery-poll"}
 LOG  [notification-toast] Backfilled recent notifications {"count": 0, "queryFloorIso": "2026-05-17T18:17:14.412Z", "reason": "recovery-poll"}
 LOG  [notification-toast] Backfilled recent notifications {"count": 0, "queryFloorIso": "2026-05-17T18:17:20.442Z", "reason": "recovery-poll"}
 LOG  [notification-toast] Backfilled recent notifications {"count": 0, "queryFloorIso": "2026-05-17T18:17:26.473Z", "reason": "recovery-poll"}
 LOG  [notification-toast] Backfilled recent notifications {"count": 0, "queryFloorIso": "2026-05-17T18:17:32.503Z", "reason": "recovery-poll"}
 LOG  [notification-toast] Backfilled recent notifications {"count": 0, "queryFloorIso": "2026-05-17T18:17:38.534Z", "reason": "recovery-poll"}
 LOG  [notification-toast] Backfilled recent notifications {"count": 0, "queryFloorIso": "2026-05-17T18:17:44.564Z", "reason": "recovery-poll"}
 INFO  [LoadTime][Route] leave {"durationMs": 202196, "route": "/add_gig"}
 INFO  [LoadTime][Route] enter {"route": "/", "startedAt": "2026-05-17T18:18:08.796Z"}
 INFO  [LoadTime][Feed] mount {"details": {"hasMore": false, "tab": "for_you", "user": "signed-in"}, "startedAt": "2026-05-17T18:18:09.209Z"}
 INFO  [LoadTime][Route] leave {"durationMs": 1196, "route": "/"}
 INFO  [LoadTime][Feed] load-complete {"counts": {"aiCards": 11, "followingEntities": 0, "posts": 2}, "details": {"hasMore": false, "tab": "for_you", "user": "signed-in"}, "durationMs": 1178}
 INFO  [LoadTime][Feed] first-ready {"counts": {"aiCards": 11, "followingEntities": 0, "posts": 2}, "details": {"hasMore": false, "tab": "for_you", "user": "signed-in"}, "durationMs": 1180, "renderCount": 2}
 INFO  [LoadTime][Route] enter {"route": "/(tabs)/feed", "startedAt": "2026-05-17T18:18:10.008Z"}
 INFO  [LoadTime][Feed] query-start {"query": "forYouFeed", "status": "success"}
 INFO  [LoadTime][Feed] query-start {"query": "forYouFeed", "status": "success"}
 INFO  [LoadTime][FeedRadio] fetch-start {"details": {"includeItems": true}}
 LOG  [notification-toast] Backfilled recent notifications {"count": 0, "queryFloorIso": "2026-05-17T18:17:50.594Z", "reason": "recovery-poll"}
 WARN  [supabase.functions.invoke] Authorization failed, retrying once with refreshed session {"code": undefined, "functionName": "manage-social-feed", "hadUserAuthorizationHeader": true, "message": "Edge Function returned a non-2xx status code", "status": undefined}
 INFO  [LoadTime][Feed] query-complete {"durationMs": 1929, "error": undefined, "query": "forYouFeed", "status": "success", "updatedAt": undefined}
 INFO  [LoadTime][Feed] query-complete {"durationMs": 1933, "error": undefined, "query": "forYouFeed", "status": "success", "updatedAt": undefined}
 LOG  [notification-toast] Disposed notification toast channel {"activeUserId": "2a52ba6f-eed5-4edd-83c2-b57d5e870b2c", "reason": "cleanup"}
 INFO  [LoadTime][Feed] primary-page-parsed {"append": false, "feedTab": "for_you", "pages": 1, "posts": 2}
 INFO  [LoadTime][FeedRadio] edge-complete {"details": {"featuredOnly": true, "playableStations": 1, "stations": 1}, "durationMs": 2315}
 INFO  [LoadTime][FeedRadio] fetch-complete {"details": {"playableStations": 1, "stations": 1}, "durationMs": 2317}
 INFO  [LoadTime][FeedRadio] cache-hit {"details": {"playableStations": 1, "stations": 1}}
 INFO  [LoadTime][FeedRadio] cache-hit {"details": {"playableStations": 1, "stations": 1}}
 WARN  [supabase.functions.invoke] Function invoke failed after retries {"body": {"action": "get_feed", "feed_type": "for_you", "limit": 12, "personalize": true, "userId": "2a52ba6f-eed5-4edd-83c2-b57d5e870b2c"}, "code": undefined, "context": {"_bodyBlob": {"_data": [Object]}, "_bodyInit": {"_data": [Object]}, "bodyUsed": false, "headers": {"map": [Object]}, "ok": false, "status": 401, "statusText": "", "type": "default", "url": "https://aefldxegsvzecshlayza.supabase.co/functions/v1/manage-social-feed"}, "details": undefined, "functionName": "manage-social-feed", "hint": undefined, "message": "Edge Function returned a non-2xx status code", "responseBody": {"error": "Invalid token"}, "status": 401}
 INFO  [LoadTime][Edge:manage-social-feed] failed {"action": "get_feed", "cursor": undefined, "durationMs": 3448, "hasUserId": true, "keys": ["action", "cursor", "feed_type", "limit", "personalize", "userId"], "limit": 12, "message": "Invalid token", "status": 401}
Android .\index.js ░░░░░░░░░░░░░░░░  0.0% (0/1)
Android Bundled 195ms index.js (1 module)
 INFO  [radio] react-native-track-player unavailable; radio playback is disabled until you run a native dev build.
 WARN  SafeAreaView has been deprecated and will be removed in a future release. Please use 'react-native-safe-area-context' instead. See https://github.com/th3rdwave/react-native-safe-area-context
 WARN  [expo-av]: Expo AV has been deprecated and will be removed in SDK 54. Use the `expo-audio` and `expo-video` packages to replace the required functionality.
 INFO  [push] expo-notifications unavailable; native push registration is disabled until dependencies are installed and Metro is restarted.
 INFO  [LoadTime][Route] enter {"route": "/", "startedAt": "2026-05-17T18:18:29.343Z"}
Android .\index.js ░░░░░░░░░░░░░░░░  0.0% (0/1)
Android Bundled 1204ms index.js (1 module)
 INFO  [radio] react-native-track-player unavailable; radio playback is disabled until you run a native dev build.
 WARN  SafeAreaView has been deprecated and will be removed in a future release. Please use 'react-native-safe-area-context' instead. See https://github.com/th3rdwave/react-native-safe-area-context
 WARN  [expo-av]: Expo AV has been deprecated and will be removed in SDK 54. Use the `expo-audio` and `expo-video` packages to replace the required functionality.
 INFO  [push] expo-notifications unavailable; native push registration is disabled until dependencies are installed and Metro is restarted.
 INFO  [LoadTime][Route] enter {"route": "/", "startedAt": "2026-05-17T18:20:44.652Z"}
 INFO  [LoadTime][Route] leave {"durationMs": 2422, "route": "/"}
 INFO  [LoadTime][Feed] mount {"details": {"hasMore": false, "tab": "for_you", "user": "guest"}, "startedAt": "2026-05-17T18:20:48.768Z"}
 INFO  [LoadTime][Route] enter {"route": "/(tabs)/feed", "startedAt": "2026-05-17T18:20:48.791Z"}
 LOG  [notification-toast] Notification toast channel status {"activeUserId": "f004d07f-4f6f-43d6-8c6c-00e82aafb8c1", "reason": "initial", "status": "SUBSCRIBED"}
 INFO  [LoadTime][Feed] query-start {"query": "forYouFeed", "status": "pending"}
 LOG  [notification-toast] Backfilled recent notifications {"count": 0, "queryFloorIso": "2026-05-17T18:15:34.226Z", "reason": "subscribed:initial"}
 INFO  [LoadTime][Edge:manage-social-feed] complete {"action": "get_feed", "cursor": undefined, "durationMs": 898, "hasUserId": true, "keys": ["action", "cursor", "feed_type", "limit", "personalize", "userId"], "limit": 12}
 INFO  [LoadTime][Feed] primary-page-parsed {"append": false, "feedTab": "for_you", "pages": 1, "posts": 2}
 INFO  [LoadTime][Feed] snapshot-ready {"aiCards": 0, "feedTab": "for_you", "hasMore": false, "posts": 2}
 INFO  [LoadTime][Feed] load-complete {"counts": {"aiCards": 0, "followingEntities": 0, "posts": 2}, "details": {"hasMore": false, "tab": "for_you", "user": "signed-in"}, "durationMs": 3035}
 INFO  [LoadTime][Feed] first-ready {"counts": {"aiCards": 0, "followingEntities": 0, "posts": 2}, "details": {"hasMore": false, "tab": "for_you", "user": "signed-in"}, "durationMs": 3037, "renderCount": 10}
 INFO  [LoadTime][Feed] query-complete {"durationMs": 1246, "error": undefined, "query": "forYouFeed", "status": "success", "updatedAt": "2026-05-17T18:20:50.909Z"}
 INFO  [LoadTime][FeedRadio] fetch-start {"details": {"includeItems": true}}
 INFO  [LoadTime][FeedRadio] edge-complete {"details": {"featuredOnly": true, "playableStations": 1, "stations": 1}, "durationMs": 817}
 INFO  [LoadTime][FeedRadio] fetch-complete {"details": {"playableStations": 1, "stations": 1}, "durationMs": 820}
 WARN  [GROQ_ROUTER] Request failed {"apiKeySignature": "len=56 prefix=gsk_zq suffix=j7J5Bx", "apiKeySource": "process.env.EXPO_PUBLIC_GROQ_API_KEY", "message": "Invalid API Key", "modelId": "llama-3.3-70b-versatile", "modelSource": "default.llama-3.3-70b-versatile", "status": 401}
 WARN  [GROQ_ROUTER] Request exception {"apiKeySignature": "len=56 prefix=gsk_zq suffix=j7J5Bx", "apiKeySource": "process.env.EXPO_PUBLIC_GROQ_API_KEY", "message": "Invalid API Key", "modelId": "llama-3.3-70b-versatile", "modelSource": "default.llama-3.3-70b-versatile"}
 LOG  [notification-toast] Backfilled recent notifications {"count": 0, "queryFloorIso": "2026-05-17T18:20:34.628Z", "reason": "recovery-poll"}
 LOG  [notification-toast] Backfilled recent notifications {"count": 0, "queryFloorIso": "2026-05-17T18:20:40.247Z", "reason": "recovery-poll"}
 LOG  [notification-toast] Backfilled recent notifications {"count": 0, "queryFloorIso": "2026-05-17T18:20:46.278Z", "reason": "recovery-poll"}
 LOG  [notification-toast] Backfilled recent notifications {"count": 0, "queryFloorIso": "2026-05-17T18:20:52.309Z", "reason": "recovery-poll"}
 LOG  [notification-toast] Disposed notification toast channel {"activeUserId": "f004d07f-4f6f-43d6-8c6c-00e82aafb8c1", "reason": "app-state:background"}
 INFO  [LoadTime][Route] leave {"durationMs": 27975, "route": "/(tabs)/feed"}
 INFO  [LoadTime][Route] enter {"route": "/add_gig", "startedAt": "2026-05-17T18:21:16.768Z"}
 LOG  [notification-toast] Notification toast channel status {"activeUserId": "f004d07f-4f6f-43d6-8c6c-00e82aafb8c1", "reason": "foreground", "status": "SUBSCRIBED"}
 LOG  [notification-toast] Backfilled recent notifications {"count": 0, "queryFloorIso": "2026-05-17T18:21:01.038Z", "reason": "recovery-poll"}
 LOG  [notification-toast] Backfilled recent notifications {"count": 0, "queryFloorIso": "2026-05-17T18:21:04.791Z", "reason": "recovery-poll"}
 LOG  [notification-toast] Backfilled recent notifications {"count": 0, "queryFloorIso": "2026-05-17T18:21:10.815Z", "reason": "recovery-poll"}
 LOG  [notification-toast] Backfilled recent notifications {"count": 0, "queryFloorIso": "2026-05-17T18:21:16.846Z", "reason": "recovery-poll"}
 LOG  [notification-toast] Backfilled recent notifications {"count": 0, "queryFloorIso": "2026-05-17T18:21:22.880Z", "reason": "recovery-poll"}
 LOG  [notification-toast] Backfilled recent notifications {"count": 0, "queryFloorIso": "2026-05-17T18:21:28.907Z", "reason": "recovery-poll"}
 LOG  [notification-toast] Backfilled recent notifications {"count": 0, "queryFloorIso": "2026-05-17T18:21:34.938Z", "reason": "recovery-poll"}
 LOG  [notification-toast] Backfilled recent notifications {"count": 0, "queryFloorIso": "2026-05-17T18:21:40.976Z", "reason": "recovery-poll"}
 LOG  [notification-toast] Backfilled recent notifications {"count": 0, "queryFloorIso": "2026-05-17T18:21:47.047Z", "reason": "recovery-poll"}
 LOG  [notification-toast] Backfilled recent notifications {"count": 0, "queryFloorIso": "2026-05-17T18:21:53.029Z", "reason": "recovery-poll"}
 LOG  [notification-toast] Backfilled recent notifications {"count": 0, "queryFloorIso": "2026-05-17T18:21:59.060Z", "reason": "recovery-poll"}
 LOG  [notification-toast] Backfilled recent notifications {"count": 0, "queryFloorIso": "2026-05-17T18:22:05.090Z", "reason": "recovery-poll"}
 LOG  [notification-toast] Backfilled recent notifications {"count": 0, "queryFloorIso": "2026-05-17T18:22:11.120Z", "reason": "recovery-poll"}
 LOG  [notification-toast] Backfilled recent notifications {"count": 0, "queryFloorIso": "2026-05-17T18:22:17.153Z", "reason": "recovery-poll"}
 LOG  [notification-toast] Backfilled recent notifications {"count": 0, "queryFloorIso": "2026-05-17T18:22:23.181Z", "reason": "recovery-poll"}
 LOG  [notification-toast] Backfilled recent notifications {"count": 0, "queryFloorIso": "2026-05-17T18:22:29.212Z", "reason": "recovery-poll"}
 LOG  [notification-toast] Backfilled recent notifications {"count": 0, "queryFloorIso": "2026-05-17T18:22:35.242Z", "reason": "recovery-poll"}
 LOG  [notification-toast] Backfilled recent notifications {"count": 0, "queryFloorIso": "2026-05-17T18:22:41.273Z", "reason": "recovery-poll"}
 LOG  [notification-toast] Backfilled recent notifications {"count": 0, "queryFloorIso": "2026-05-17T18:22:47.303Z", "reason": "recovery-poll"}
 LOG  [notification-toast] Backfilled recent notifications {"count": 0, "queryFloorIso": "2026-05-17T18:22:53.333Z", "reason": "recovery-poll"}
 LOG  [notification-toast] Backfilled recent notifications {"count": 0, "queryFloorIso": "2026-05-17T18:22:59.364Z", "reason": "recovery-poll"}
 LOG  [notification-toast] Backfilled recent notifications {"count": 0, "queryFloorIso": "2026-05-17T18:23:05.394Z", "reason": "recovery-poll"}
 LOG  [notification-toast] Backfilled recent notifications {"count": 0, "queryFloorIso": "2026-05-17T18:23:11.425Z", "reason": "recovery-poll"}
 LOG  [notification-toast] Backfilled recent notifications {"count": 0, "queryFloorIso": "2026-05-17T18:23:17.456Z", "reason": "recovery-poll"}
 LOG  [notification-toast] Backfilled recent notifications {"count": 0, "queryFloorIso": "2026-05-17T18:23:23.486Z", "reason": "recovery-poll"}
 LOG  [notification-toast] Backfilled recent notifications {"count": 0, "queryFloorIso": "2026-05-17T18:23:29.534Z", "reason": "recovery-poll"}
 LOG  [notification-toast] Backfilled recent notifications {"count": 0, "queryFloorIso": "2026-05-17T18:23:35.564Z", "reason": "recovery-poll"}
 LOG  [notification-toast] Backfilled recent notifications {"count": 0, "queryFloorIso": "2026-05-17T18:23:41.595Z", "reason": "recovery-poll"}
 LOG  [notification-toast] Backfilled recent notifications {"count": 0, "queryFloorIso": "2026-05-17T18:23:47.625Z", "reason": "recovery-poll"}
 LOG  [notification-toast] Backfilled recent notifications {"count": 0, "queryFloorIso": "2026-05-17T18:23:53.656Z", "reason": "recovery-poll"}
 LOG  [notification-toast] Backfilled recent notifications {"count": 0, "queryFloorIso": "2026-05-17T18:23:59.686Z", "reason": "recovery-poll"}
 LOG  [notification-toast] Backfilled recent notifications {"count": 0, "queryFloorIso": "2026-05-17T18:24:05.716Z", "reason": "recovery-poll"}
 LOG  [notification-toast] Backfilled recent notifications {"count": 0, "queryFloorIso": "2026-05-17T18:24:11.747Z", "reason": "recovery-poll"}
 LOG  [notification-toast] Backfilled recent notifications {"count": 0, "queryFloorIso": "2026-05-17T18:24:17.777Z", "reason": "recovery-poll"}
 LOG  [notification-toast] Backfilled recent notifications {"count": 0, "queryFloorIso": "2026-05-17T18:24:23.808Z", "reason": "recovery-poll"}
 LOG  [notification-toast] Backfilled recent notifications {"count": 0, "queryFloorIso": "2026-05-17T18:24:29.838Z", "reason": "recovery-poll"}
 LOG  [notification-toast] Backfilled recent notifications {"count": 0, "queryFloorIso": "2026-05-17T18:24:35.869Z", "reason": "recovery-poll"}
 INFO  [LoadTime][Route] leave {"durationMs": 226029, "route": "/add_gig"}
 INFO  [LoadTime][Route] enter {"route": "/", "startedAt": "2026-05-17T18:25:02.806Z"}
 INFO  [LoadTime][Feed] mount {"details": {"hasMore": false, "tab": "for_you", "user": "signed-in"}, "startedAt": "2026-05-17T18:25:03.209Z"}
 INFO  [LoadTime][Route] leave {"durationMs": 1165, "route": "/"}
 INFO  [LoadTime][Feed] load-complete {"counts": {"aiCards": 11, "followingEntities": 0, "posts": 2}, "details": {"hasMore": false, "tab": "for_you", "user": "signed-in"}, "durationMs": 1143}
 INFO  [LoadTime][Feed] first-ready {"counts": {"aiCards": 11, "followingEntities": 0, "posts": 2}, "details": {"hasMore": false, "tab": "for_you", "user": "signed-in"}, "durationMs": 1145, "renderCount": 2}
 INFO  [LoadTime][Route] enter {"route": "/(tabs)/feed", "startedAt": "2026-05-17T18:25:03.987Z"}
 INFO  [LoadTime][Feed] query-start {"query": "forYouFeed", "status": "success"}
 INFO  [LoadTime][Feed] query-start {"query": "forYouFeed", "status": "success"}
 INFO  [LoadTime][FeedRadio] fetch-start {"details": {"includeItems": true}}
 LOG  [notification-toast] Backfilled recent notifications {"count": 0, "queryFloorIso": "2026-05-17T18:24:41.901Z", "reason": "recovery-poll"}
 WARN  [supabase.functions.invoke] Authorization failed, retrying once with refreshed session {"code": undefined, "functionName": "manage-social-feed", "hadUserAuthorizationHeader": true, "message": "Edge Function returned a non-2xx status code", "status": undefined}
 INFO  [LoadTime][Feed] query-complete {"durationMs": 2063, "error": undefined, "query": "forYouFeed", "status": "success", "updatedAt": undefined}
 INFO  [LoadTime][Feed] query-complete {"durationMs": 2066, "error": undefined, "query": "forYouFeed", "status": "success", "updatedAt": undefined}
 LOG  [notification-toast] Disposed notification toast channel {"activeUserId": "f004d07f-4f6f-43d6-8c6c-00e82aafb8c1", "reason": "cleanup"}
 INFO  [LoadTime][Feed] primary-page-parsed {"append": false, "feedTab": "for_you", "pages": 1, "posts": 2}
 INFO  [LoadTime][FeedRadio] edge-complete {"details": {"featuredOnly": true, "playableStations": 1, "stations": 1}, "durationMs": 2395}
 INFO  [LoadTime][FeedRadio] fetch-complete {"details": {"playableStations": 1, "stations": 1}, "durationMs": 2396}
 INFO  [LoadTime][FeedRadio] cache-hit {"details": {"playableStations": 1, "stations": 1}}
 INFO  [LoadTime][FeedRadio] cache-hit {"details": {"playableStations": 1, "stations": 1}}
 WARN  [supabase.functions.invoke] Function invoke failed after retries {"body": {"action": "get_feed", "feed_type": "for_you", "limit": 12, "personalize": true, "userId": "f004d07f-4f6f-43d6-8c6c-00e82aafb8c1"}, "code": undefined, "context": {"_bodyBlob": {"_data": [Object]}, "_bodyInit": {"_data": [Object]}, "bodyUsed": false, "headers": {"map": [Object]}, "ok": false, "status": 401, "statusText": "", "type": "default", "url": "https://aefldxegsvzecshlayza.supabase.co/functions/v1/manage-social-feed"}, "details": undefined, "functionName": "manage-social-feed", "hint": undefined, "message": "Edge Function returned a non-2xx status code", "responseBody": {"error": "Invalid token"}, "status": 401}
 INFO  [LoadTime][Edge:manage-social-feed] failed {"action": "get_feed", "cursor": undefined, "durationMs": 3445, "hasUserId": true, "keys": ["action", "cursor", "feed_type", "limit", "personalize", "userId"], "limit": 12, "message": "Invalid token", "status": 401}
Android .\index.js ░░░░░░░░░░░░░░░░  0.0% (0/1)
Android Bundled 177ms index.js (1 module)
 INFO  [radio] react-native-track-player unavailable; radio playback is disabled until you run a native dev build.
 WARN  SafeAreaView has been deprecated and will be removed in a future release. Please use 'react-native-safe-area-context' instead. See https://github.com/th3rdwave/react-native-safe-area-context
 WARN  [expo-av]: Expo AV has been deprecated and will be removed in SDK 54. Use the `expo-audio` and `expo-video` packages to replace the required functionality.
 INFO  [push] expo-notifications unavailable; native push registration is disabled until dependencies are installed and Metro is restarted.
 INFO  [LoadTime][Route] enter {"route": "/", "startedAt": "2026-05-17T18:25:25.199Z"}
Android .\index.js ░░░░░░░░░░░░░░░░  0.0% (0/1)
Android Bundled 149ms index.js (1 module)
 INFO  [radio] react-native-track-player unavailable; radio playback is disabled until you run a native dev build.
 WARN  SafeAreaView has been deprecated and will be removed in a future release. Please use 'react-native-safe-area-context' instead. See https://github.com/th3rdwave/react-native-safe-area-context
 WARN  [expo-av]: Expo AV has been deprecated and will be removed in SDK 54. Use the `expo-audio` and `expo-video` packages to replace the required functionality.
 INFO  [push] expo-notifications unavailable; native push registration is disabled until dependencies are installed and Metro is restarted.
 INFO  [LoadTime][Route] enter {"route": "/", "startedAt": "2026-05-17T18:27:40.164Z"}
 INFO  [LoadTime][Route] leave {"durationMs": 2433, "route": "/"}
 INFO  [LoadTime][Feed] mount {"details": {"hasMore": false, "tab": "for_you", "user": "guest"}, "startedAt": "2026-05-17T18:27:44.276Z"}
 INFO  [LoadTime][Route] enter {"route": "/(tabs)/feed", "startedAt": "2026-05-17T18:27:44.299Z"}
 LOG  [notification-toast] Notification toast channel status {"activeUserId": "3a649902-4064-4be6-af5f-17da6fbb7048", "reason": "initial", "status": "SUBSCRIBED"}
 INFO  [LoadTime][Feed] query-start {"query": "forYouFeed", "status": "pending"}
 LOG  [notification-toast] Backfilled recent notifications {"count": 0, "queryFloorIso": "2026-05-17T18:22:29.733Z", "reason": "subscribed:initial"}
 INFO  [LoadTime][Edge:manage-social-feed] complete {"action": "get_feed", "cursor": undefined, "durationMs": 818, "hasUserId": true, "keys": ["action", "cursor", "feed_type", "limit", "personalize", "userId"], "limit": 12}
 INFO  [LoadTime][Feed] primary-page-parsed {"append": false, "feedTab": "for_you", "pages": 1, "posts": 2}
 INFO  [LoadTime][Feed] snapshot-ready {"aiCards": 0, "feedTab": "for_you", "hasMore": false, "posts": 2}
 INFO  [LoadTime][Feed] load-complete {"counts": {"aiCards": 0, "followingEntities": 0, "posts": 2}, "details": {"hasMore": false, "tab": "for_you", "user": "signed-in"}, "durationMs": 3422}
 INFO  [LoadTime][Feed] first-ready {"counts": {"aiCards": 0, "followingEntities": 0, "posts": 2}, "details": {"hasMore": false, "tab": "for_you", "user": "signed-in"}, "durationMs": 3429, "renderCount": 10}
 INFO  [LoadTime][Feed] query-complete {"durationMs": 1217, "error": undefined, "query": "forYouFeed", "status": "success", "updatedAt": "2026-05-17T18:27:46.744Z"}
 INFO  [LoadTime][FeedRadio] fetch-start {"details": {"includeItems": true}}
 INFO  [LoadTime][FeedRadio] edge-complete {"details": {"featuredOnly": true, "playableStations": 1, "stations": 1}, "durationMs": 910}
 INFO  [LoadTime][FeedRadio] fetch-complete {"details": {"playableStations": 1, "stations": 1}, "durationMs": 912}
 WARN  [GROQ_ROUTER] Request failed {"apiKeySignature": "len=56 prefix=gsk_zq suffix=j7J5Bx", "apiKeySource": "process.env.EXPO_PUBLIC_GROQ_API_KEY", "message": "Invalid API Key", "modelId": "llama-3.3-70b-versatile", "modelSource": "default.llama-3.3-70b-versatile", "status": 401}
 WARN  [GROQ_ROUTER] Request exception {"apiKeySignature": "len=56 prefix=gsk_zq suffix=j7J5Bx", "apiKeySource": "process.env.EXPO_PUBLIC_GROQ_API_KEY", "message": "Invalid API Key", "modelId": "llama-3.3-70b-versatile", "modelSource": "default.llama-3.3-70b-versatile"}
 LOG  [notification-toast] Backfilled recent notifications {"count": 0, "queryFloorIso": "2026-05-17T18:27:30.163Z", "reason": "recovery-poll"}
 LOG  [notification-toast] Backfilled recent notifications {"count": 0, "queryFloorIso": "2026-05-17T18:27:35.767Z", "reason": "recovery-poll"}
 LOG  [notification-toast] Backfilled recent notifications {"count": 0, "queryFloorIso": "2026-05-17T18:27:41.797Z", "reason": "recovery-poll"}
 LOG  [notification-toast] Backfilled recent notifications {"count": 0, "queryFloorIso": "2026-05-17T18:27:47.828Z", "reason": "recovery-poll"}
 LOG  [notification-toast] Disposed notification toast channel {"activeUserId": "3a649902-4064-4be6-af5f-17da6fbb7048", "reason": "app-state:background"}
 INFO  [LoadTime][Route] leave {"durationMs": 28292, "route": "/(tabs)/feed"}
 INFO  [LoadTime][Route] enter {"route": "/add_gig", "startedAt": "2026-05-17T18:28:12.592Z"}
 LOG  [notification-toast] Notification toast channel status {"activeUserId": "3a649902-4064-4be6-af5f-17da6fbb7048", "reason": "foreground", "status": "SUBSCRIBED"}
 LOG  [notification-toast] Backfilled recent notifications {"count": 0, "queryFloorIso": "2026-05-17T18:27:56.869Z", "reason": "recovery-poll"}
 LOG  [notification-toast] Backfilled recent notifications {"count": 0, "queryFloorIso": "2026-05-17T18:28:00.605Z", "reason": "recovery-poll"}
 LOG  [notification-toast] Backfilled recent notifications {"count": 0, "queryFloorIso": "2026-05-17T18:28:06.663Z", "reason": "recovery-poll"}
 LOG  [notification-toast] Backfilled recent notifications {"count": 0, "queryFloorIso": "2026-05-17T18:28:12.666Z", "reason": "recovery-poll"}
 LOG  [notification-toast] Backfilled recent notifications {"count": 0, "queryFloorIso": "2026-05-17T18:28:18.696Z", "reason": "recovery-poll"}
 LOG  [notification-toast] Backfilled recent notifications {"count": 0, "queryFloorIso": "2026-05-17T18:28:24.727Z", "reason": "recovery-poll"}
 LOG  [notification-toast] Backfilled recent notifications {"count": 0, "queryFloorIso": "2026-05-17T18:28:30.757Z", "reason": "recovery-poll"}
 LOG  [notification-toast] Backfilled recent notifications {"count": 0, "queryFloorIso": "2026-05-17T18:28:36.788Z", "reason": "recovery-poll"}
 LOG  [notification-toast] Backfilled recent notifications {"count": 0, "queryFloorIso": "2026-05-17T18:28:42.829Z", "reason": "recovery-poll"}
 LOG  [notification-toast] Backfilled recent notifications {"count": 0, "queryFloorIso": "2026-05-17T18:28:48.849Z", "reason": "recovery-poll"}
 LOG  [notification-toast] Backfilled recent notifications {"count": 0, "queryFloorIso": "2026-05-17T18:28:54.879Z", "reason": "recovery-poll"}
 LOG  [notification-toast] Backfilled recent notifications {"count": 0, "queryFloorIso": "2026-05-17T18:29:00.909Z", "reason": "recovery-poll"}
 LOG  [notification-toast] Backfilled recent notifications {"count": 0, "queryFloorIso": "2026-05-17T18:29:06.940Z", "reason": "recovery-poll"}
 LOG  [notification-toast] Backfilled recent notifications {"count": 0, "queryFloorIso": "2026-05-17T18:29:12.970Z", "reason": "recovery-poll"}
 LOG  [notification-toast] Backfilled recent notifications {"count": 0, "queryFloorIso": "2026-05-17T18:29:19.000Z", "reason": "recovery-poll"}
 LOG  [notification-toast] Backfilled recent notifications {"count": 0, "queryFloorIso": "2026-05-17T18:29:25.018Z", "reason": "recovery-poll"}
 LOG  [notification-toast] Backfilled recent notifications {"count": 0, "queryFloorIso": "2026-05-17T18:29:31.061Z", "reason": "recovery-poll"}
 LOG  [notification-toast] Backfilled recent notifications {"count": 0, "queryFloorIso": "2026-05-17T18:29:37.092Z", "reason": "recovery-poll"}
 LOG  [notification-toast] Backfilled recent notifications {"count": 0, "queryFloorIso": "2026-05-17T18:29:43.122Z", "reason": "recovery-poll"}
 LOG  [notification-toast] Backfilled recent notifications {"count": 0, "queryFloorIso": "2026-05-17T18:29:49.154Z", "reason": "recovery-poll"}
 LOG  [notification-toast] Backfilled recent notifications {"count": 0, "queryFloorIso": "2026-05-17T18:29:55.184Z", "reason": "recovery-poll"}
 LOG  [notification-toast] Backfilled recent notifications {"count": 0, "queryFloorIso": "2026-05-17T18:30:01.214Z", "reason": "recovery-poll"}
 LOG  [notification-toast] Backfilled recent notifications {"count": 0, "queryFloorIso": "2026-05-17T18:30:07.244Z", "reason": "recovery-poll"}
 LOG  [notification-toast] Backfilled recent notifications {"count": 0, "queryFloorIso": "2026-05-17T18:30:13.275Z", "reason": "recovery-poll"}
Android .\index.js ░░░░░░░░░░░░░░░░  0.0% (0/1)
Android Bundled 121ms index.js (1 module)
 INFO  [radio] react-native-track-player unavailable; radio playback is disabled until you run a native dev build.
 WARN  SafeAreaView has been deprecated and will be removed in a future release. Please use 'react-native-safe-area-context' instead. See https://github.com/th3rdwave/react-native-safe-area-context
 WARN  [expo-av]: Expo AV has been deprecated and will be removed in SDK 54. Use the `expo-audio` and `expo-video` packages to replace the required functionality.
 INFO  [push] expo-notifications unavailable; native push registration is disabled until dependencies are installed and Metro is restarted.
 INFO  [LoadTime][Route] enter {"route": "/", "startedAt": "2026-05-17T18:30:45.463Z"}
Android .\index.js ░░░░░░░░░░░░░░░░  0.0% (0/1)
Android Bundled 147ms index.js (1 module)
 INFO  [radio] react-native-track-player unavailable; radio playback is disabled until you run a native dev build.
 WARN  SafeAreaView has been deprecated and will be removed in a future release. Please use 'react-native-safe-area-context' instead. See https://github.com/th3rdwave/react-native-safe-area-context
 WARN  [expo-av]: Expo AV has been deprecated and will be removed in SDK 54. Use the `expo-audio` and `expo-video` packages to replace the required functionality.
 INFO  [push] expo-notifications unavailable; native push registration is disabled until dependencies are installed and Metro is restarted.
 INFO  [LoadTime][Route] enter {"route": "/", "startedAt": "2026-05-17T18:33:00.320Z"}
 INFO  [LoadTime][Route] leave {"durationMs": 2626, "route": "/"}
 INFO  [LoadTime][Feed] mount {"details": {"hasMore": false, "tab": "for_you", "user": "guest"}, "startedAt": "2026-05-17T18:33:04.460Z"}
 INFO  [LoadTime][Route] enter {"route": "/(tabs)/feed", "startedAt": "2026-05-17T18:33:04.483Z"}
 LOG  [notification-toast] Notification toast channel status {"activeUserId": "b13ca3c6-a682-4911-aeea-e7855c06e869", "reason": "initial", "status": "SUBSCRIBED"}
 INFO  [LoadTime][Feed] query-start {"query": "forYouFeed", "status": "pending"}
 LOG  [notification-toast] Backfilled recent notifications {"count": 0, "queryFloorIso": "2026-05-17T18:27:49.913Z", "reason": "subscribed:initial"}
 INFO  [LoadTime][Edge:manage-social-feed] complete {"action": "get_feed", "cursor": undefined, "durationMs": 1274, "hasUserId": true, "keys": ["action", "cursor", "feed_type", "limit", "personalize", "userId"], "limit": 12}
 INFO  [LoadTime][Feed] primary-page-parsed {"append": false, "feedTab": "for_you", "pages": 1, "posts": 2}
 INFO  [LoadTime][Feed] snapshot-ready {"aiCards": 0, "feedTab": "for_you", "hasMore": false, "posts": 2}
 INFO  [LoadTime][Feed] load-complete {"counts": {"aiCards": 0, "followingEntities": 0, "posts": 2}, "details": {"hasMore": false, "tab": "for_you", "user": "signed-in"}, "durationMs": 3386}
 INFO  [LoadTime][Feed] first-ready {"counts": {"aiCards": 0, "followingEntities": 0, "posts": 2}, "details": {"hasMore": false, "tab": "for_you", "user": "signed-in"}, "durationMs": 3388, "renderCount": 10}
 INFO  [LoadTime][Feed] query-complete {"durationMs": 1569, "error": undefined, "query": "forYouFeed", "status": "success", "updatedAt": "2026-05-17T18:33:07.022Z"}
 INFO  [LoadTime][FeedRadio] fetch-start {"details": {"includeItems": true}}
 INFO  [LoadTime][FeedRadio] edge-complete {"details": {"featuredOnly": true, "playableStations": 1, "stations": 1}, "durationMs": 740}
 INFO  [LoadTime][FeedRadio] fetch-complete {"details": {"playableStations": 1, "stations": 1}, "durationMs": 742}
 WARN  [GROQ_ROUTER] Request failed {"apiKeySignature": "len=56 prefix=gsk_zq suffix=j7J5Bx", "apiKeySource": "process.env.EXPO_PUBLIC_GROQ_API_KEY", "message": "Invalid API Key", "modelId": "llama-3.3-70b-versatile", "modelSource": "default.llama-3.3-70b-versatile", "status": 401}
 WARN  [GROQ_ROUTER] Request exception {"apiKeySignature": "len=56 prefix=gsk_zq suffix=j7J5Bx", "apiKeySource": "process.env.EXPO_PUBLIC_GROQ_API_KEY", "message": "Invalid API Key", "modelId": "llama-3.3-70b-versatile", "modelSource": "default.llama-3.3-70b-versatile"}
 LOG  [notification-toast] Backfilled recent notifications {"count": 0, "queryFloorIso": "2026-05-17T18:32:50.277Z", "reason": "recovery-poll"}
 LOG  [notification-toast] Backfilled recent notifications {"count": 0, "queryFloorIso": "2026-05-17T18:32:55.948Z", "reason": "recovery-poll"}
 LOG  [notification-toast] Backfilled recent notifications {"count": 0, "queryFloorIso": "2026-05-17T18:33:01.978Z", "reason": "recovery-poll"}
 LOG  [notification-toast] Backfilled recent notifications {"count": 0, "queryFloorIso": "2026-05-17T18:33:08.009Z", "reason": "recovery-poll"}
 LOG  [notification-toast] Disposed notification toast channel {"activeUserId": "b13ca3c6-a682-4911-aeea-e7855c06e869", "reason": "app-state:background"}
 INFO  [LoadTime][Route] leave {"durationMs": 29359, "route": "/(tabs)/feed"}
 INFO  [LoadTime][Route] enter {"route": "/add_group", "startedAt": "2026-05-17T18:33:33.844Z"}
 LOG  [notification-toast] Notification toast channel status {"activeUserId": "b13ca3c6-a682-4911-aeea-e7855c06e869", "reason": "foreground", "status": "SUBSCRIBED"}
 LOG  [notification-toast] Backfilled recent notifications {"count": 0, "queryFloorIso": "2026-05-17T18:33:18.097Z", "reason": "foreground"}
 LOG  [notification-toast] Backfilled recent notifications {"count": 0, "queryFloorIso": "2026-05-17T18:33:18.857Z", "reason": "recovery-poll"}
 LOG  [notification-toast] Backfilled recent notifications {"count": 0, "queryFloorIso": "2026-05-17T18:33:24.884Z", "reason": "recovery-poll"}
 LOG  [notification-toast] Backfilled recent notifications {"count": 0, "queryFloorIso": "2026-05-17T18:33:30.903Z", "reason": "recovery-poll"}
 LOG  [notification-toast] Backfilled recent notifications {"count": 0, "queryFloorIso": "2026-05-17T18:33:36.945Z", "reason": "recovery-poll"}
 LOG  [notification-toast] Backfilled recent notifications {"count": 0, "queryFloorIso": "2026-05-17T18:33:42.976Z", "reason": "recovery-poll"}
 LOG  [notification-toast] Backfilled recent notifications {"count": 0, "queryFloorIso": "2026-05-17T18:33:49.007Z", "reason": "recovery-poll"}
 LOG  [notification-toast] Backfilled recent notifications {"count": 0, "queryFloorIso": "2026-05-17T18:33:55.036Z", "reason": "recovery-poll"}
 LOG  [notification-toast] Backfilled recent notifications {"count": 0, "queryFloorIso": "2026-05-17T18:34:01.066Z", "reason": "recovery-poll"}
 LOG  [notification-toast] Backfilled recent notifications {"count": 0, "queryFloorIso": "2026-05-17T18:34:07.097Z", "reason": "recovery-poll"}
 LOG  [notification-toast] Backfilled recent notifications {"count": 0, "queryFloorIso": "2026-05-17T18:34:13.128Z", "reason": "recovery-poll"}
 LOG  [notification-toast] Backfilled recent notifications {"count": 0, "queryFloorIso": "2026-05-17T18:34:19.159Z", "reason": "recovery-poll"}
 LOG  [notification-toast] Backfilled recent notifications {"count": 0, "queryFloorIso": "2026-05-17T18:34:25.188Z", "reason": "recovery-poll"}
 LOG  [notification-toast] Backfilled recent notifications {"count": 0, "queryFloorIso": "2026-05-17T18:34:31.219Z", "reason": "recovery-poll"}
 LOG  [notification-toast] Backfilled recent notifications {"count": 0, "queryFloorIso": "2026-05-17T18:34:37.250Z", "reason": "recovery-poll"}
 LOG  [notification-toast] Backfilled recent notifications {"count": 0, "queryFloorIso": "2026-05-17T18:34:43.280Z", "reason": "recovery-poll"}
 LOG  [notification-toast] Backfilled recent notifications {"count": 0, "queryFloorIso": "2026-05-17T18:34:49.310Z", "reason": "recovery-poll"}
 INFO  [LoadTime][Route] leave {"durationMs": 97345, "route": "/add_group"}
 INFO  [LoadTime][Route] enter {"route": "/", "startedAt": "2026-05-17T18:35:11.200Z"}
 INFO  [LoadTime][Feed] mount {"details": {"hasMore": false, "tab": "for_you", "user": "signed-in"}, "startedAt": "2026-05-17T18:35:11.614Z"}
 INFO  [LoadTime][Route] leave {"durationMs": 1193, "route": "/"}
 INFO  [LoadTime][Feed] load-complete {"counts": {"aiCards": 17, "followingEntities": 0, "posts": 2}, "details": {"hasMore": false, "tab": "for_you", "user": "signed-in"}, "durationMs": 1178}
 INFO  [LoadTime][Feed] first-ready {"counts": {"aiCards": 17, "followingEntities": 0, "posts": 2}, "details": {"hasMore": false, "tab": "for_you", "user": "signed-in"}, "durationMs": 1180, "renderCount": 2}
 INFO  [LoadTime][Route] enter {"route": "/(tabs)/feed", "startedAt": "2026-05-17T18:35:12.409Z"}
 INFO  [LoadTime][Feed] query-start {"query": "forYouFeed", "status": "success"}
 INFO  [LoadTime][Feed] query-start {"query": "forYouFeed", "status": "success"}
 INFO  [LoadTime][FeedRadio] fetch-start {"details": {"includeItems": true}}
 WARN  [supabase.functions.invoke] Authorization failed, retrying once with refreshed session {"code": undefined, "functionName": "manage-social-feed", "hadUserAuthorizationHeader": true, "message": "Edge Function returned a non-2xx status code", "status": undefined}
 INFO  [LoadTime][Feed] query-complete {"durationMs": 1462, "error": undefined, "query": "forYouFeed", "status": "success", "updatedAt": undefined}
 INFO  [LoadTime][Feed] query-complete {"durationMs": 1466, "error": undefined, "query": "forYouFeed", "status": "success", "updatedAt": undefined}
 LOG  [notification-toast] Disposed notification toast channel {"activeUserId": "b13ca3c6-a682-4911-aeea-e7855c06e869", "reason": "cleanup"}
 INFO  [LoadTime][Feed] primary-page-parsed {"append": false, "feedTab": "for_you", "pages": 1, "posts": 2}
 INFO  [LoadTime][FeedRadio] edge-complete {"details": {"featuredOnly": true, "playableStations": 1, "stations": 1}, "durationMs": 1794}
 INFO  [LoadTime][FeedRadio] fetch-complete {"details": {"playableStations": 1, "stations": 1}, "durationMs": 1796}
 INFO  [LoadTime][FeedRadio] cache-hit {"details": {"playableStations": 1, "stations": 1}}
 INFO  [LoadTime][FeedRadio] cache-hit {"details": {"playableStations": 1, "stations": 1}}
 WARN  [supabase.functions.invoke] Function invoke failed after retries {"body": {"action": "get_feed", "feed_type": "for_you", "limit": 12, "personalize": true, "userId": "b13ca3c6-a682-4911-aeea-e7855c06e869"}, "code": undefined, "context": {"_bodyBlob": {"_data": [Object]}, "_bodyInit": {"_data": [Object]}, "bodyUsed": false, "headers": {"map": [Object]}, "ok": false, "status": 401, "statusText": "", "type": "default", "url": "https://aefldxegsvzecshlayza.supabase.co/functions/v1/manage-social-feed"}, "details": undefined, "functionName": "manage-social-feed", "hint": undefined, "message": "Edge Function returned a non-2xx status code", "responseBody": {"error": "Invalid token"}, "status": 401}
 INFO  [LoadTime][Edge:manage-social-feed] failed {"action": "get_feed", "cursor": undefined, "durationMs": 2995, "hasUserId": true, "keys": ["action", "cursor", "feed_type", "limit", "personalize", "userId"], "limit": 12, "message": "Invalid token", "status": 401}
Android .\index.js ░░░░░░░░░░░░░░░░  0.0% (0/1)
Android Bundled 190ms index.js (1 module)
 INFO  [radio] react-native-track-player unavailable; radio playback is disabled until you run a native dev build.
 WARN  SafeAreaView has been deprecated and will be removed in a future release. Please use 'react-native-safe-area-context' instead. See https://github.com/th3rdwave/react-native-safe-area-context
 WARN  [expo-av]: Expo AV has been deprecated and will be removed in SDK 54. Use the `expo-audio` and `expo-video` packages to replace the required functionality.
 INFO  [push] expo-notifications unavailable; native push registration is disabled until dependencies are installed and Metro is restarted.
 INFO  [LoadTime][Route] enter {"route": "/", "startedAt": "2026-05-17T18:35:33.931Z"}
Android .\index.js ░░░░░░░░░░░░░░░░  0.0% (0/1)
Android Bundled 238ms index.js (1 module)
 INFO  [radio] react-native-track-player unavailable; radio playback is disabled until you run a native dev build.
 WARN  SafeAreaView has been deprecated and will be removed in a future release. Please use 'react-native-safe-area-context' instead. See https://github.com/th3rdwave/react-native-safe-area-context
 WARN  [expo-av]: Expo AV has been deprecated and will be removed in SDK 54. Use the `expo-audio` and `expo-video` packages to replace the required functionality.
 INFO  [push] expo-notifications unavailable; native push registration is disabled until dependencies are installed and Metro is restarted.
 INFO  [LoadTime][Route] enter {"route": "/", "startedAt": "2026-05-17T18:37:48.684Z"}
 INFO  [LoadTime][Route] leave {"durationMs": 2386, "route": "/"}
 INFO  [LoadTime][Feed] mount {"details": {"hasMore": false, "tab": "for_you", "user": "guest"}, "startedAt": "2026-05-17T18:37:52.628Z"}
 INFO  [LoadTime][Route] enter {"route": "/(tabs)/feed", "startedAt": "2026-05-17T18:37:52.651Z"}
 LOG  [notification-toast] Notification toast channel status {"activeUserId": "114ec7e9-46ab-44e5-ade7-a3daf759c8a0", "reason": "initial", "status": "SUBSCRIBED"}
 INFO  [LoadTime][Feed] query-start {"query": "forYouFeed", "status": "pending"}
 LOG  [notification-toast] Backfilled recent notifications {"count": 0, "queryFloorIso": "2026-05-17T18:32:38.052Z", "reason": "subscribed:initial"}
 INFO  [LoadTime][Edge:manage-social-feed] complete {"action": "get_feed", "cursor": undefined, "durationMs": 933, "hasUserId": true, "keys": ["action", "cursor", "feed_type", "limit", "personalize", "userId"], "limit": 12}
 INFO  [LoadTime][Feed] primary-page-parsed {"append": false, "feedTab": "for_you", "pages": 1, "posts": 2}
 INFO  [LoadTime][Feed] snapshot-ready {"aiCards": 0, "feedTab": "for_you", "hasMore": false, "posts": 2}
 INFO  [LoadTime][Feed] load-complete {"counts": {"aiCards": 0, "followingEntities": 0, "posts": 2}, "details": {"hasMore": false, "tab": "for_you", "user": "signed-in"}, "durationMs": 3182}
 INFO  [LoadTime][Feed] first-ready {"counts": {"aiCards": 0, "followingEntities": 0, "posts": 2}, "details": {"hasMore": false, "tab": "for_you", "user": "signed-in"}, "durationMs": 3184, "renderCount": 10}
 INFO  [LoadTime][Feed] query-complete {"durationMs": 1421, "error": undefined, "query": "forYouFeed", "status": "success", "updatedAt": "2026-05-17T18:37:54.787Z"}
 INFO  [LoadTime][FeedRadio] fetch-start {"details": {"includeItems": true}}
 INFO  [LoadTime][FeedRadio] edge-complete {"details": {"featuredOnly": true, "playableStations": 1, "stations": 1}, "durationMs": 871}
 INFO  [LoadTime][FeedRadio] fetch-complete {"details": {"playableStations": 1, "stations": 1}, "durationMs": 874}
 WARN  [GROQ_ROUTER] Request failed {"apiKeySignature": "len=56 prefix=gsk_zq suffix=j7J5Bx", "apiKeySource": "process.env.EXPO_PUBLIC_GROQ_API_KEY", "message": "Invalid API Key", "modelId": "llama-3.3-70b-versatile", "modelSource": "default.llama-3.3-70b-versatile", "status": 401}
 WARN  [GROQ_ROUTER] Request exception {"apiKeySignature": "len=56 prefix=gsk_zq suffix=j7J5Bx", "apiKeySource": "process.env.EXPO_PUBLIC_GROQ_API_KEY", "message": "Invalid API Key", "modelId": "llama-3.3-70b-versatile", "modelSource": "default.llama-3.3-70b-versatile"}
 LOG  [notification-toast] Backfilled recent notifications {"count": 0, "queryFloorIso": "2026-05-17T18:37:38.448Z", "reason": "recovery-poll"}
 LOG  [notification-toast] Backfilled recent notifications {"count": 0, "queryFloorIso": "2026-05-17T18:37:44.078Z", "reason": "recovery-poll"}
 LOG  [notification-toast] Backfilled recent notifications {"count": 0, "queryFloorIso": "2026-05-17T18:37:50.108Z", "reason": "recovery-poll"}
 LOG  [notification-toast] Backfilled recent notifications {"count": 0, "queryFloorIso": "2026-05-17T18:37:56.139Z", "reason": "recovery-poll"}
 LOG  [notification-toast] Disposed notification toast channel {"activeUserId": "114ec7e9-46ab-44e5-ade7-a3daf759c8a0", "reason": "app-state:background"}
 INFO  [LoadTime][Route] leave {"durationMs": 28108, "route": "/(tabs)/feed"}
 INFO  [LoadTime][Route] enter {"route": "/add_group", "startedAt": "2026-05-17T18:38:20.760Z"}
 LOG  [notification-toast] Notification toast channel status {"activeUserId": "114ec7e9-46ab-44e5-ade7-a3daf759c8a0", "reason": "foreground", "status": "SUBSCRIBED"}
 LOG  [notification-toast] Backfilled recent notifications {"count": 0, "queryFloorIso": "2026-05-17T18:38:05.036Z", "reason": "recovery-poll"}
 LOG  [notification-toast] Backfilled recent notifications {"count": 0, "queryFloorIso": "2026-05-17T18:38:08.782Z", "reason": "recovery-poll"}
 LOG  [notification-toast] Backfilled recent notifications {"count": 0, "queryFloorIso": "2026-05-17T18:38:14.868Z", "reason": "recovery-poll"}
 LOG  [notification-toast] Backfilled recent notifications {"count": 0, "queryFloorIso": "2026-05-17T18:38:20.845Z", "reason": "recovery-poll"}
 LOG  [notification-toast] Backfilled recent notifications {"count": 0, "queryFloorIso": "2026-05-17T18:38:26.874Z", "reason": "recovery-poll"}
 LOG  [notification-toast] Backfilled recent notifications {"count": 0, "queryFloorIso": "2026-05-17T18:38:32.905Z", "reason": "recovery-poll"}
 LOG  [notification-toast] Backfilled recent notifications {"count": 0, "queryFloorIso": "2026-05-17T18:38:38.935Z", "reason": "recovery-poll"}
 LOG  [notification-toast] Backfilled recent notifications {"count": 0, "queryFloorIso": "2026-05-17T18:38:44.963Z", "reason": "recovery-poll"}
 LOG  [notification-toast] Backfilled recent notifications {"count": 0, "queryFloorIso": "2026-05-17T18:38:50.996Z", "reason": "recovery-poll"}
 LOG  [notification-toast] Backfilled recent notifications {"count": 0, "queryFloorIso": "2026-05-17T18:38:57.027Z", "reason": "recovery-poll"}
 LOG  [notification-toast] Backfilled recent notifications {"count": 0, "queryFloorIso": "2026-05-17T18:39:03.045Z", "reason": "recovery-poll"}
 LOG  [notification-toast] Backfilled recent notifications {"count": 0, "queryFloorIso": "2026-05-17T18:39:09.087Z", "reason": "recovery-poll"}
 LOG  [notification-toast] Backfilled recent notifications {"count": 0, "queryFloorIso": "2026-05-17T18:39:15.106Z", "reason": "recovery-poll"}
 LOG  [notification-toast] Backfilled recent notifications {"count": 0, "queryFloorIso": "2026-05-17T18:39:21.148Z", "reason": "recovery-poll"}
 LOG  [notification-toast] Backfilled recent notifications {"count": 0, "queryFloorIso": "2026-05-17T18:39:27.179Z", "reason": "recovery-poll"}
 LOG  [notification-toast] Backfilled recent notifications {"count": 0, "queryFloorIso": "2026-05-17T18:39:33.209Z", "reason": "recovery-poll"}
 LOG  [notification-toast] Backfilled recent notifications {"count": 0, "queryFloorIso": "2026-05-17T18:39:39.228Z", "reason": "recovery-poll"}
 LOG  [notification-toast] Backfilled recent notifications {"count": 0, "queryFloorIso": "2026-05-17T18:39:45.270Z", "reason": "recovery-poll"}
 LOG  [notification-toast] Backfilled recent notifications {"count": 0, "queryFloorIso": "2026-05-17T18:39:51.300Z", "reason": "recovery-poll"}
 LOG  [notification-toast] Backfilled recent notifications {"count": 0, "queryFloorIso": "2026-05-17T18:39:57.332Z", "reason": "recovery-poll"}
 LOG  [notification-toast] Backfilled recent notifications {"count": 0, "queryFloorIso": "2026-05-17T18:40:03.362Z", "reason": "recovery-poll"}
 LOG  [notification-toast] Backfilled recent notifications {"count": 0, "queryFloorIso": "2026-05-17T18:40:09.392Z", "reason": "recovery-poll"}
 LOG  [notification-toast] Backfilled recent notifications {"count": 0, "queryFloorIso": "2026-05-17T18:40:15.423Z", "reason": "recovery-poll"}
 LOG  [notification-toast] Backfilled recent notifications {"count": 0, "queryFloorIso": "2026-05-17T18:40:21.453Z", "reason": "recovery-poll"}
 LOG  [notification-toast] Backfilled recent notifications {"count": 0, "queryFloorIso": "2026-05-17T18:40:27.483Z", "reason": "recovery-poll"}
 LOG  [notification-toast] Backfilled recent notifications {"count": 0, "queryFloorIso": "2026-05-17T18:40:33.514Z", "reason": "recovery-poll"}
 INFO  [LoadTime][Route] leave {"durationMs": 155389, "route": "/add_group"}
 INFO  [LoadTime][Route] enter {"route": "/", "startedAt": "2026-05-17T18:40:56.158Z"}
 INFO  [LoadTime][Feed] mount {"details": {"hasMore": false, "tab": "for_you", "user": "signed-in"}, "startedAt": "2026-05-17T18:40:56.565Z"}
 INFO  [LoadTime][Route] leave {"durationMs": 1188, "route": "/"}
 INFO  [LoadTime][Feed] load-complete {"counts": {"aiCards": 17, "followingEntities": 0, "posts": 2}, "details": {"hasMore": false, "tab": "for_you", "user": "signed-in"}, "durationMs": 1169}
 INFO  [LoadTime][Feed] first-ready {"counts": {"aiCards": 17, "followingEntities": 0, "posts": 2}, "details": {"hasMore": false, "tab": "for_you", "user": "signed-in"}, "durationMs": 1171, "renderCount": 2}
 INFO  [LoadTime][Route] enter {"route": "/(tabs)/feed", "startedAt": "2026-05-17T18:40:57.361Z"}
 INFO  [LoadTime][Feed] query-start {"query": "forYouFeed", "status": "success"}
 INFO  [LoadTime][Feed] query-start {"query": "forYouFeed", "status": "success"}
 INFO  [LoadTime][FeedRadio] fetch-start {"details": {"includeItems": true}}
 WARN  [supabase.functions.invoke] Authorization failed, retrying once with refreshed session {"code": undefined, "functionName": "manage-social-feed", "hadUserAuthorizationHeader": true, "message": "Edge Function returned a non-2xx status code", "status": undefined}
 INFO  [LoadTime][Feed] query-complete {"durationMs": 1595, "error": undefined, "query": "forYouFeed", "status": "success", "updatedAt": undefined}
 INFO  [LoadTime][Feed] query-complete {"durationMs": 1599, "error": undefined, "query": "forYouFeed", "status": "success", "updatedAt": undefined}
 LOG  [notification-toast] Disposed notification toast channel {"activeUserId": "114ec7e9-46ab-44e5-ade7-a3daf759c8a0", "reason": "cleanup"}
 INFO  [LoadTime][Feed] primary-page-parsed {"append": false, "feedTab": "for_you", "pages": 1, "posts": 2}
 INFO  [LoadTime][FeedRadio] edge-complete {"details": {"featuredOnly": true, "playableStations": 1, "stations": 1}, "durationMs": 1934}
 INFO  [LoadTime][FeedRadio] fetch-complete {"details": {"playableStations": 1, "stations": 1}, "durationMs": 1935}
 INFO  [LoadTime][FeedRadio] cache-hit {"details": {"playableStations": 1, "stations": 1}}
 INFO  [LoadTime][FeedRadio] cache-hit {"details": {"playableStations": 1, "stations": 1}}
 WARN  [supabase.functions.invoke] Function invoke failed after retries {"body": {"action": "get_feed", "feed_type": "for_you", "limit": 12, "personalize": true, "userId": "114ec7e9-46ab-44e5-ade7-a3daf759c8a0"}, "code": undefined, "context": {"_bodyBlob": {"_data": [Object]}, "_bodyInit": {"_data": [Object]}, "bodyUsed": false, "headers": {"map": [Object]}, "ok": false, "status": 401, "statusText": "", "type": "default", "url": "https://aefldxegsvzecshlayza.supabase.co/functions/v1/manage-social-feed"}, "details": undefined, "functionName": "manage-social-feed", "hint": undefined, "message": "Edge Function returned a non-2xx status code", "responseBody": {"error": "Invalid token"}, "status": 401}
 INFO  [LoadTime][Edge:manage-social-feed] failed {"action": "get_feed", "cursor": undefined, "durationMs": 3027, "hasUserId": true, "keys": ["action", "cursor", "feed_type", "limit", "personalize", "userId"], "limit": 12, "message": "Invalid token", "status": 401}
Android .\index.js ░░░░░░░░░░░░░░░░  0.0% (0/1)
Android Bundled 216ms index.js (1 module)
 INFO  [radio] react-native-track-player unavailable; radio playback is disabled until you run a native dev build.
 WARN  SafeAreaView has been deprecated and will be removed in a future release. Please use 'react-native-safe-area-context' instead. See https://github.com/th3rdwave/react-native-safe-area-context
 WARN  [expo-av]: Expo AV has been deprecated and will be removed in SDK 54. Use the `expo-audio` and `expo-video` packages to replace the required functionality.
 INFO  [push] expo-notifications unavailable; native push registration is disabled until dependencies are installed and Metro is restarted.
 INFO  [LoadTime][Route] enter {"route": "/", "startedAt": "2026-05-17T18:41:22.670Z"}
Android .\index.js ░░░░░░░░░░░░░░░░  0.0% (0/1)
Android Bundled 112ms index.js (1 module)
 INFO  [radio] react-native-track-player unavailable; radio playback is disabled until you run a native dev build.
 WARN  SafeAreaView has been deprecated and will be removed in a future release. Please use 'react-native-safe-area-context' instead. See https://github.com/th3rdwave/react-native-safe-area-context
 WARN  [expo-av]: Expo AV has been deprecated and will be removed in SDK 54. Use the `expo-audio` and `expo-video` packages to replace the required functionality.
 INFO  [push] expo-notifications unavailable; native push registration is disabled until dependencies are installed and Metro is restarted.
 INFO  [LoadTime][Route] enter {"route": "/", "startedAt": "2026-05-17T18:43:36.445Z"}
 INFO  [LoadTime][Route] leave {"durationMs": 2570, "route": "/"}
 INFO  [LoadTime][Feed] mount {"details": {"hasMore": false, "tab": "for_you", "user": "guest"}, "startedAt": "2026-05-17T18:43:40.568Z"}
 INFO  [LoadTime][Route] enter {"route": "/(tabs)/feed", "startedAt": "2026-05-17T18:43:40.592Z"}
 LOG  [notification-toast] Notification toast channel status {"activeUserId": "a6244c46-cfd4-40d7-8850-221dd11e7b1c", "reason": "initial", "status": "SUBSCRIBED"}
 INFO  [LoadTime][Feed] query-start {"query": "forYouFeed", "status": "pending"}
 LOG  [notification-toast] Backfilled recent notifications {"count": 0, "queryFloorIso": "2026-05-17T18:38:26.022Z", "reason": "subscribed:initial"}
 INFO  [LoadTime][Edge:manage-social-feed] complete {"action": "get_feed", "cursor": undefined, "durationMs": 1168, "hasUserId": true, "keys": ["action", "cursor", "feed_type", "limit", "personalize", "userId"], "limit": 12}
 INFO  [LoadTime][Feed] primary-page-parsed {"append": false, "feedTab": "for_you", "pages": 1, "posts": 2}
 INFO  [LoadTime][Feed] snapshot-ready {"aiCards": 0, "feedTab": "for_you", "hasMore": false, "posts": 2}
 INFO  [LoadTime][Feed] load-complete {"counts": {"aiCards": 0, "followingEntities": 0, "posts": 2}, "details": {"hasMore": false, "tab": "for_you", "user": "signed-in"}, "durationMs": 3543}
 INFO  [LoadTime][Feed] first-ready {"counts": {"aiCards": 0, "followingEntities": 0, "posts": 2}, "details": {"hasMore": false, "tab": "for_you", "user": "signed-in"}, "durationMs": 3546, "renderCount": 10}
 INFO  [LoadTime][Feed] query-complete {"durationMs": 1441, "error": undefined, "query": "forYouFeed", "status": "success", "updatedAt": "2026-05-17T18:43:43.298Z"}
 INFO  [LoadTime][FeedRadio] fetch-start {"details": {"includeItems": true}}
 INFO  [LoadTime][FeedRadio] edge-complete {"details": {"featuredOnly": true, "playableStations": 1, "stations": 1}, "durationMs": 873}
 INFO  [LoadTime][FeedRadio] fetch-complete {"details": {"playableStations": 1, "stations": 1}, "durationMs": 879}
 WARN  [GROQ_ROUTER] Request failed {"apiKeySignature": "len=56 prefix=gsk_zq suffix=j7J5Bx", "apiKeySource": "process.env.EXPO_PUBLIC_GROQ_API_KEY", "message": "Invalid API Key", "modelId": "llama-3.3-70b-versatile", "modelSource": "default.llama-3.3-70b-versatile", "status": 401}
 WARN  [GROQ_ROUTER] Request exception {"apiKeySignature": "len=56 prefix=gsk_zq suffix=j7J5Bx", "apiKeySource": "process.env.EXPO_PUBLIC_GROQ_API_KEY", "message": "Invalid API Key", "modelId": "llama-3.3-70b-versatile", "modelSource": "default.llama-3.3-70b-versatile"}
 LOG  [notification-toast] Backfilled recent notifications {"count": 0, "queryFloorIso": "2026-05-17T18:43:26.538Z", "reason": "recovery-poll"}
 LOG  [notification-toast] Backfilled recent notifications {"count": 0, "queryFloorIso": "2026-05-17T18:43:32.046Z", "reason": "recovery-poll"}
 LOG  [notification-toast] Backfilled recent notifications {"count": 0, "queryFloorIso": "2026-05-17T18:43:38.077Z", "reason": "recovery-poll"}
 LOG  [notification-toast] Backfilled recent notifications {"count": 0, "queryFloorIso": "2026-05-17T18:43:44.107Z", "reason": "recovery-poll"}
 LOG  [notification-toast] Disposed notification toast channel {"activeUserId": "a6244c46-cfd4-40d7-8850-221dd11e7b1c", "reason": "app-state:background"}
 INFO  [LoadTime][Route] leave {"durationMs": 28277, "route": "/(tabs)/feed"}
 INFO  [LoadTime][Route] enter {"route": "/add_group", "startedAt": "2026-05-17T18:44:08.871Z"}
 LOG  [notification-toast] Notification toast channel status {"activeUserId": "a6244c46-cfd4-40d7-8850-221dd11e7b1c", "reason": "foreground", "status": "SUBSCRIBED"}
 LOG  [notification-toast] Backfilled recent notifications {"count": 0, "queryFloorIso": "2026-05-17T18:43:53.124Z", "reason": "recovery-poll"}
 LOG  [notification-toast] Backfilled recent notifications {"count": 0, "queryFloorIso": "2026-05-17T18:43:56.885Z", "reason": "recovery-poll"}
 LOG  [notification-toast] Backfilled recent notifications {"count": 0, "queryFloorIso": "2026-05-17T18:44:02.915Z", "reason": "recovery-poll"}
 LOG  [notification-toast] Backfilled recent notifications {"count": 0, "queryFloorIso": "2026-05-17T18:44:08.945Z", "reason": "recovery-poll"}
 LOG  [notification-toast] Backfilled recent notifications {"count": 0, "queryFloorIso": "2026-05-17T18:44:14.975Z", "reason": "recovery-poll"}
 LOG  [notification-toast] Backfilled recent notifications {"count": 0, "queryFloorIso": "2026-05-17T18:44:21.006Z", "reason": "recovery-poll"}
 LOG  [notification-toast] Backfilled recent notifications {"count": 0, "queryFloorIso": "2026-05-17T18:44:27.035Z", "reason": "recovery-poll"}
 LOG  [notification-toast] Backfilled recent notifications {"count": 0, "queryFloorIso": "2026-05-17T18:44:33.064Z", "reason": "recovery-poll"}
 LOG  [notification-toast] Backfilled recent notifications {"count": 0, "queryFloorIso": "2026-05-17T18:44:39.097Z", "reason": "recovery-poll"}
 LOG  [notification-toast] Backfilled recent notifications {"count": 0, "queryFloorIso": "2026-05-17T18:44:45.148Z", "reason": "recovery-poll"}
 LOG  [notification-toast] Backfilled recent notifications {"count": 0, "queryFloorIso": "2026-05-17T18:44:51.158Z", "reason": "recovery-poll"}
 LOG  [notification-toast] Backfilled recent notifications {"count": 0, "queryFloorIso": "2026-05-17T18:44:57.189Z", "reason": "recovery-poll"}
 LOG  [notification-toast] Backfilled recent notifications {"count": 0, "queryFloorIso": "2026-05-17T18:45:03.219Z", "reason": "recovery-poll"}
 LOG  [notification-toast] Backfilled recent notifications {"count": 0, "queryFloorIso": "2026-05-17T18:45:09.250Z", "reason": "recovery-poll"}
Android Bundled 114ms index.js (1 module)
 INFO  [radio] react-native-track-player unavailable; radio playback is disabled until you run a native dev build.
 WARN  SafeAreaView has been deprecated and will be removed in a future release. Please use 'react-native-safe-area-context' instead. See https://github.com/th3rdwave/react-native-safe-area-context
 WARN  [expo-av]: Expo AV has been deprecated and will be removed in SDK 54. Use the `expo-audio` and `expo-video` packages to replace the required functionality.
 INFO  [push] expo-notifications unavailable; native push registration is disabled until dependencies are installed and Metro is restarted.
 INFO  [LoadTime][Route] enter {"route": "/", "startedAt": "2026-05-17T18:45:37.710Z"}
Android .\index.js ░░░░░░░░░░░░░░░░  0.0% (0/1)
Android Bundled 133ms index.js (1 module)
 INFO  [radio] react-native-track-player unavailable; radio playback is disabled until you run a native dev build.
 WARN  SafeAreaView has been deprecated and will be removed in a future release. Please use 'react-native-safe-area-context' instead. See https://github.com/th3rdwave/react-native-safe-area-context
 WARN  [expo-av]: Expo AV has been deprecated and will be removed in SDK 54. Use the `expo-audio` and `expo-video` packages to replace the required functionality.
 INFO  [push] expo-notifications unavailable; native push registration is disabled until dependencies are installed and Metro is restarted.
 INFO  [LoadTime][Route] enter {"route": "/", "startedAt": "2026-05-17T18:47:52.458Z"}
 INFO  [LoadTime][Route] leave {"durationMs": 2570, "route": "/"}
 INFO  [LoadTime][Feed] mount {"details": {"hasMore": false, "tab": "for_you", "user": "guest"}, "startedAt": "2026-05-17T18:47:56.564Z"}
 INFO  [LoadTime][Route] enter {"route": "/(tabs)/feed", "startedAt": "2026-05-17T18:47:56.586Z"}
 LOG  [notification-toast] Notification toast channel status {"activeUserId": "0f5e1a91-9c4e-42c3-b58d-9fae8a8fa1ec", "reason": "initial", "status": "SUBSCRIBED"}
 INFO  [LoadTime][Feed] query-start {"query": "forYouFeed", "status": "pending"}
 LOG  [notification-toast] Backfilled recent notifications {"count": 0, "queryFloorIso": "2026-05-17T18:42:41.988Z", "reason": "subscribed:initial"}
 INFO  [LoadTime][Edge:manage-social-feed] complete {"action": "get_feed", "cursor": undefined, "durationMs": 832, "hasUserId": true, "keys": ["action", "cursor", "feed_type", "limit", "personalize", "userId"], "limit": 12}
 INFO  [LoadTime][Feed] primary-page-parsed {"append": false, "feedTab": "for_you", "pages": 1, "posts": 2}
 INFO  [LoadTime][Feed] snapshot-ready {"aiCards": 0, "feedTab": "for_you", "hasMore": false, "posts": 2}
 INFO  [LoadTime][Feed] load-complete {"counts": {"aiCards": 0, "followingEntities": 0, "posts": 2}, "details": {"hasMore": false, "tab": "for_you", "user": "signed-in"}, "durationMs": 3049}
 INFO  [LoadTime][Feed] first-ready {"counts": {"aiCards": 0, "followingEntities": 0, "posts": 2}, "details": {"hasMore": false, "tab": "for_you", "user": "signed-in"}, "durationMs": 3051, "renderCount": 10}
 INFO  [LoadTime][Feed] query-complete {"durationMs": 1109, "error": undefined, "query": "forYouFeed", "status": "success", "updatedAt": "2026-05-17T18:47:58.799Z"}
 INFO  [LoadTime][FeedRadio] fetch-start {"details": {"includeItems": true}}
 INFO  [LoadTime][FeedRadio] edge-complete {"details": {"featuredOnly": true, "playableStations": 1, "stations": 1}, "durationMs": 699}
 INFO  [LoadTime][FeedRadio] fetch-complete {"details": {"playableStations": 1, "stations": 1}, "durationMs": 701}
 WARN  [GROQ_ROUTER] Request failed {"apiKeySignature": "len=56 prefix=gsk_zq suffix=j7J5Bx", "apiKeySource": "process.env.EXPO_PUBLIC_GROQ_API_KEY", "message": "Invalid API Key", "modelId": "llama-3.3-70b-versatile", "modelSource": "default.llama-3.3-70b-versatile", "status": 401}
 WARN  [GROQ_ROUTER] Request exception {"apiKeySignature": "len=56 prefix=gsk_zq suffix=j7J5Bx", "apiKeySource": "process.env.EXPO_PUBLIC_GROQ_API_KEY", "message": "Invalid API Key", "modelId": "llama-3.3-70b-versatile", "modelSource": "default.llama-3.3-70b-versatile"}
 LOG  [notification-toast] Backfilled recent notifications {"count": 0, "queryFloorIso": "2026-05-17T18:47:42.455Z", "reason": "recovery-poll"}
 LOG  [notification-toast] Backfilled recent notifications {"count": 0, "queryFloorIso": "2026-05-17T18:47:48.008Z", "reason": "recovery-poll"}
 LOG  [notification-toast] Backfilled recent notifications {"count": 0, "queryFloorIso": "2026-05-17T18:47:54.039Z", "reason": "recovery-poll"}
 LOG  [notification-toast] Backfilled recent notifications {"count": 0, "queryFloorIso": "2026-05-17T18:48:00.069Z", "reason": "recovery-poll"}
 LOG  [notification-toast] Disposed notification toast channel {"activeUserId": "0f5e1a91-9c4e-42c3-b58d-9fae8a8fa1ec", "reason": "app-state:background"}
 INFO  [LoadTime][Route] leave {"durationMs": 30023, "route": "/(tabs)/feed"}
 INFO  [LoadTime][Route] enter {"route": "/create_playlist", "startedAt": "2026-05-17T18:48:26.611Z"}
 LOG  [notification-toast] Notification toast channel status {"activeUserId": "0f5e1a91-9c4e-42c3-b58d-9fae8a8fa1ec", "reason": "foreground", "status": "SUBSCRIBED"}
 LOG  [notification-toast] Backfilled recent notifications {"count": 0, "queryFloorIso": "2026-05-17T18:48:10.789Z", "reason": "foreground"}
 LOG  [notification-toast] Backfilled recent notifications {"count": 0, "queryFloorIso": "2026-05-17T18:48:11.623Z", "reason": "recovery-poll"}
 LOG  [notification-toast] Backfilled recent notifications {"count": 0, "queryFloorIso": "2026-05-17T18:48:17.643Z", "reason": "recovery-poll"}
 LOG  [notification-toast] Backfilled recent notifications {"count": 0, "queryFloorIso": "2026-05-17T18:48:23.674Z", "reason": "recovery-poll"}
 LOG  [notification-toast] Backfilled recent notifications {"count": 0, "queryFloorIso": "2026-05-17T18:48:29.705Z", "reason": "recovery-poll"}
 LOG  [notification-toast] Backfilled recent notifications {"count": 0, "queryFloorIso": "2026-05-17T18:48:35.736Z", "reason": "recovery-poll"}
 LOG  [notification-toast] Backfilled recent notifications {"count": 0, "queryFloorIso": "2026-05-17T18:48:41.765Z", "reason": "recovery-poll"}
 LOG  [notification-toast] Backfilled recent notifications {"count": 0, "queryFloorIso": "2026-05-17T18:48:47.796Z", "reason": "recovery-poll"}
 LOG  [notification-toast] Backfilled recent notifications {"count": 0, "queryFloorIso": "2026-05-17T18:48:53.851Z", "reason": "recovery-poll"}
 LOG  [notification-toast] Backfilled recent notifications {"count": 0, "queryFloorIso": "2026-05-17T18:48:59.857Z", "reason": "recovery-poll"}
 LOG  [notification-toast] Backfilled recent notifications {"count": 0, "queryFloorIso": "2026-05-17T18:49:05.888Z", "reason": "recovery-poll"}
 LOG  [notification-toast] Backfilled recent notifications {"count": 0, "queryFloorIso": "2026-05-17T18:49:11.918Z", "reason": "recovery-poll"}
 LOG  [notification-toast] Backfilled recent notifications {"count": 0, "queryFloorIso": "2026-05-17T18:49:17.948Z", "reason": "recovery-poll"}
 LOG  [notification-toast] Backfilled recent notifications {"count": 0, "queryFloorIso": "2026-05-17T18:49:23.979Z", "reason": "recovery-poll"}
 LOG  [notification-toast] Backfilled recent notifications {"count": 0, "queryFloorIso": "2026-05-17T18:49:30.009Z", "reason": "recovery-poll"}
 LOG  [notification-toast] Backfilled recent notifications {"count": 0, "queryFloorIso": "2026-05-17T18:49:36.039Z", "reason": "recovery-poll"}
 LOG  [notification-toast] Backfilled recent notifications {"count": 0, "queryFloorIso": "2026-05-17T18:49:42.070Z", "reason": "recovery-poll"}
 LOG  [notification-toast] Backfilled recent notifications {"count": 0, "queryFloorIso": "2026-05-17T18:49:48.101Z", "reason": "recovery-poll"}
 LOG  [notification-toast] Backfilled recent notifications {"count": 0, "queryFloorIso": "2026-05-17T18:49:54.130Z", "reason": "recovery-poll"}
 LOG  [notification-toast] Backfilled recent notifications {"count": 0, "queryFloorIso": "2026-05-17T18:50:00.161Z", "reason": "recovery-poll"}
 LOG  [notification-toast] Backfilled recent notifications {"count": 0, "queryFloorIso": "2026-05-17T18:50:06.192Z", "reason": "recovery-poll"}
 LOG  [notification-toast] Backfilled recent notifications {"count": 0, "queryFloorIso": "2026-05-17T18:50:12.222Z", "reason": "recovery-poll"}
 LOG  [notification-toast] Backfilled recent notifications {"count": 0, "queryFloorIso": "2026-05-17T18:50:18.253Z", "reason": "recovery-poll"}
 LOG  [notification-toast] Backfilled recent notifications {"count": 0, "queryFloorIso": "2026-05-17T18:50:24.283Z", "reason": "recovery-poll"}
 LOG  [notification-toast] Backfilled recent notifications {"count": 0, "queryFloorIso": "2026-05-17T18:50:30.314Z", "reason": "recovery-poll"}
 LOG  [notification-toast] Backfilled recent notifications {"count": 0, "queryFloorIso": "2026-05-17T18:50:36.345Z", "reason": "recovery-poll"}
 LOG  [notification-toast] Backfilled recent notifications {"count": 0, "queryFloorIso": "2026-05-17T18:50:42.375Z", "reason": "recovery-poll"}
 LOG  [notification-toast] Backfilled recent notifications {"count": 0, "queryFloorIso": "2026-05-17T18:50:48.406Z", "reason": "recovery-poll"}
 LOG  [notification-toast] Backfilled recent notifications {"count": 0, "queryFloorIso": "2026-05-17T18:50:54.436Z", "reason": "recovery-poll"}
 LOG  [notification-toast] Backfilled recent notifications {"count": 0, "queryFloorIso": "2026-05-17T18:51:00.466Z", "reason": "recovery-poll"}
 LOG  [notification-toast] Backfilled recent notifications {"count": 0, "queryFloorIso": "2026-05-17T18:51:06.496Z", "reason": "recovery-poll"}
 LOG  [notification-toast] Backfilled recent notifications {"count": 0, "queryFloorIso": "2026-05-17T18:51:12.528Z", "reason": "recovery-poll"}
 LOG  [notification-toast] Backfilled recent notifications {"count": 0, "queryFloorIso": "2026-05-17T18:51:18.558Z", "reason": "recovery-poll"}
 LOG  [notification-toast] Backfilled recent notifications {"count": 0, "queryFloorIso": "2026-05-17T18:51:24.588Z", "reason": "recovery-poll"}
 LOG  [notification-toast] Backfilled recent notifications {"count": 0, "queryFloorIso": "2026-05-17T18:51:30.618Z", "reason": "recovery-poll"}
 LOG  [notification-toast] Backfilled recent notifications {"count": 0, "queryFloorIso": "2026-05-17T18:51:36.649Z", "reason": "recovery-poll"}
 LOG  [notification-toast] Backfilled recent notifications {"count": 0, "queryFloorIso": "2026-05-17T18:51:42.679Z", "reason": "recovery-poll"}
 LOG  [notification-toast] Backfilled recent notifications {"count": 0, "queryFloorIso": "2026-05-17T18:51:48.710Z", "reason": "recovery-poll"}
 LOG  [notification-toast] Backfilled recent notifications {"count": 0, "queryFloorIso": "2026-05-17T18:51:54.805Z", "reason": "recovery-poll"}
 LOG  [notification-toast] Backfilled recent notifications {"count": 0, "queryFloorIso": "2026-05-17T18:52:00.771Z", "reason": "recovery-poll"}
Android .\index.js ░░░░░░░░░░░░░░░░  0.0% (0/1)
Android Bundled 208ms index.js (1 module)
 INFO  [radio] react-native-track-player unavailable; radio playback is disabled until you run a native dev build.
 WARN  SafeAreaView has been deprecated and will be removed in a future release. Please use 'react-native-safe-area-context' instead. See https://github.com/th3rdwave/react-native-safe-area-context
 WARN  [expo-av]: Expo AV has been deprecated and will be removed in SDK 54. Use the `expo-audio` and `expo-video` packages to replace the required functionality.
 INFO  [push] expo-notifications unavailable; native push registration is disabled until dependencies are installed and Metro is restarted.
 INFO  [LoadTime][Route] enter {"route": "/", "startedAt": "2026-05-17T18:52:33.673Z"}
Android .\index.js ░░░░░░░░░░░░░░░░  0.0% (0/1)
Android Bundled 147ms index.js (1 module)
 INFO  [radio] react-native-track-player unavailable; radio playback is disabled until you run a native dev build.
 WARN  SafeAreaView has been deprecated and will be removed in a future release. Please use 'react-native-safe-area-context' instead. See https://github.com/th3rdwave/react-native-safe-area-context
 WARN  [expo-av]: Expo AV has been deprecated and will be removed in SDK 54. Use the `expo-audio` and `expo-video` packages to replace the required functionality.
 INFO  [push] expo-notifications unavailable; native push registration is disabled until dependencies are installed and Metro is restarted.
 INFO  [LoadTime][Route] enter {"route": "/", "startedAt": "2026-05-17T18:54:47.658Z"}
 INFO  [LoadTime][Route] leave {"durationMs": 2574, "route": "/"}
 INFO  [LoadTime][Feed] mount {"details": {"hasMore": false, "tab": "for_you", "user": "guest"}, "startedAt": "2026-05-17T18:54:52.551Z"}
 INFO  [LoadTime][Route] enter {"route": "/(tabs)/feed", "startedAt": "2026-05-17T18:54:52.574Z"}
 LOG  [notification-toast] Notification toast channel status {"activeUserId": "86dd14fa-8392-4f60-834b-b949952573fd", "reason": "initial", "status": "SUBSCRIBED"}
 INFO  [LoadTime][Feed] query-start {"query": "forYouFeed", "status": "pending"}
 LOG  [notification-toast] Backfilled recent notifications {"count": 0, "queryFloorIso": "2026-05-17T18:49:38.001Z", "reason": "subscribed:initial"}
 INFO  [LoadTime][Edge:manage-social-feed] complete {"action": "get_feed", "cursor": undefined, "durationMs": 1955, "hasUserId": true, "keys": ["action", "cursor", "feed_type", "limit", "personalize", "userId"], "limit": 12}
 INFO  [LoadTime][Feed] primary-page-parsed {"append": false, "feedTab": "for_you", "pages": 1, "posts": 2}
 INFO  [LoadTime][Feed] snapshot-ready {"aiCards": 0, "feedTab": "for_you", "hasMore": false, "posts": 2}
 INFO  [LoadTime][Feed] load-complete {"counts": {"aiCards": 0, "followingEntities": 0, "posts": 2}, "details": {"hasMore": false, "tab": "for_you", "user": "signed-in"}, "durationMs": 6896}
 INFO  [LoadTime][Feed] first-ready {"counts": {"aiCards": 0, "followingEntities": 0, "posts": 2}, "details": {"hasMore": false, "tab": "for_you", "user": "signed-in"}, "durationMs": 6898, "renderCount": 11}
 INFO  [LoadTime][Feed] query-complete {"durationMs": 2208, "error": undefined, "query": "forYouFeed", "status": "success", "updatedAt": "2026-05-17T18:54:58.667Z"}
 INFO  [LoadTime][FeedRadio] fetch-start {"details": {"includeItems": true}}
 LOG  [notification-toast] Backfilled recent notifications {"count": 0, "queryFloorIso": "2026-05-17T18:54:38.592Z", "reason": "recovery-poll"}
 WARN  [GROQ_ROUTER] Request failed {"apiKeySignature": "len=56 prefix=gsk_zq suffix=j7J5Bx", "apiKeySource": "process.env.EXPO_PUBLIC_GROQ_API_KEY", "message": "Invalid API Key", "modelId": "llama-3.3-70b-versatile", "modelSource": "default.llama-3.3-70b-versatile", "status": 401}
 WARN  [GROQ_ROUTER] Request exception {"apiKeySignature": "len=56 prefix=gsk_zq suffix=j7J5Bx", "apiKeySource": "process.env.EXPO_PUBLIC_GROQ_API_KEY", "message": "Invalid API Key", "modelId": "llama-3.3-70b-versatile", "modelSource": "default.llama-3.3-70b-versatile"}
 INFO  [LoadTime][FeedRadio] edge-complete {"details": {"featuredOnly": true, "playableStations": 1, "stations": 1}, "durationMs": 2581}
 INFO  [LoadTime][FeedRadio] fetch-complete {"details": {"playableStations": 1, "stations": 1}, "durationMs": 2585}
 LOG  [notification-toast] Backfilled recent notifications {"count": 0, "queryFloorIso": "2026-05-17T18:54:44.129Z", "reason": "recovery-poll"}
 LOG  [notification-toast] Backfilled recent notifications {"count": 0, "queryFloorIso": "2026-05-17T18:54:50.157Z", "reason": "recovery-poll"}
 LOG  [notification-toast] Backfilled recent notifications {"count": 0, "queryFloorIso": "2026-05-17T18:54:56.188Z", "reason": "recovery-poll"}
 LOG  [notification-toast] Disposed notification toast channel {"activeUserId": "86dd14fa-8392-4f60-834b-b949952573fd", "reason": "app-state:background"}
 INFO  [LoadTime][Route] leave {"durationMs": 28128, "route": "/(tabs)/feed"}
 INFO  [LoadTime][Route] enter {"route": "/create_playlist", "startedAt": "2026-05-17T18:55:20.704Z"}
 LOG  [notification-toast] Notification toast channel status {"activeUserId": "86dd14fa-8392-4f60-834b-b949952573fd", "reason": "foreground", "status": "SUBSCRIBED"}
 LOG  [notification-toast] Backfilled recent notifications {"count": 0, "queryFloorIso": "2026-05-17T18:55:04.851Z", "reason": "recovery-poll"}
 LOG  [notification-toast] Backfilled recent notifications {"count": 0, "queryFloorIso": "2026-05-17T18:55:08.732Z", "reason": "recovery-poll"}
 LOG  [notification-toast] Backfilled recent notifications {"count": 0, "queryFloorIso": "2026-05-17T18:55:14.792Z", "reason": "recovery-poll"}
 LOG  [notification-toast] Backfilled recent notifications {"count": 0, "queryFloorIso": "2026-05-17T18:55:20.792Z", "reason": "recovery-poll"}
 LOG  [notification-toast] Backfilled recent notifications {"count": 0, "queryFloorIso": "2026-05-17T18:55:26.811Z", "reason": "recovery-poll"}
 LOG  [notification-toast] Backfilled recent notifications {"count": 0, "queryFloorIso": "2026-05-17T18:55:32.854Z", "reason": "recovery-poll"}
 LOG  [notification-toast] Backfilled recent notifications {"count": 0, "queryFloorIso": "2026-05-17T18:55:38.884Z", "reason": "recovery-poll"}
 LOG  [notification-toast] Backfilled recent notifications {"count": 0, "queryFloorIso": "2026-05-17T18:55:44.914Z", "reason": "recovery-poll"}
 LOG  [notification-toast] Backfilled recent notifications {"count": 0, "queryFloorIso": "2026-05-17T18:55:50.970Z", "reason": "recovery-poll"}
 LOG  [notification-toast] Backfilled recent notifications {"count": 0, "queryFloorIso": "2026-05-17T18:55:56.975Z", "reason": "recovery-poll"}
 LOG  [notification-toast] Backfilled recent notifications {"count": 0, "queryFloorIso": "2026-05-17T18:56:03.006Z", "reason": "recovery-poll"}
 LOG  [notification-toast] Backfilled recent notifications {"count": 0, "queryFloorIso": "2026-05-17T18:56:09.036Z", "reason": "recovery-poll"}
 LOG  [notification-toast] Backfilled recent notifications {"count": 0, "queryFloorIso": "2026-05-17T18:56:15.066Z", "reason": "recovery-poll"}
 LOG  [notification-toast] Backfilled recent notifications {"count": 0, "queryFloorIso": "2026-05-17T18:56:21.097Z", "reason": "recovery-poll"}
 LOG  [notification-toast] Backfilled recent notifications {"count": 0, "queryFloorIso": "2026-05-17T18:56:27.116Z", "reason": "recovery-poll"}
 LOG  [notification-toast] Backfilled recent notifications {"count": 0, "queryFloorIso": "2026-05-17T18:56:33.158Z", "reason": "recovery-poll"}
 LOG  [notification-toast] Backfilled recent notifications {"count": 0, "queryFloorIso": "2026-05-17T18:56:39.188Z", "reason": "recovery-poll"}
 LOG  [notification-toast] Backfilled recent notifications {"count": 0, "queryFloorIso": "2026-05-17T18:56:45.219Z", "reason": "recovery-poll"}
 LOG  [notification-toast] Backfilled recent notifications {"count": 0, "queryFloorIso": "2026-05-17T18:56:51.249Z", "reason": "recovery-poll"}
 LOG  [notification-toast] Backfilled recent notifications {"count": 0, "queryFloorIso": "2026-05-17T18:56:57.280Z", "reason": "recovery-poll"}
 LOG  [notification-toast] Backfilled recent notifications {"count": 0, "queryFloorIso": "2026-05-17T18:57:03.310Z", "reason": "recovery-poll"}
 LOG  [notification-toast] Backfilled recent notifications {"count": 0, "queryFloorIso": "2026-05-17T18:57:09.341Z", "reason": "recovery-poll"}
 LOG  [notification-toast] Backfilled recent notifications {"count": 0, "queryFloorIso": "2026-05-17T18:57:15.372Z", "reason": "recovery-poll"}
 LOG  [notification-toast] Backfilled recent notifications {"count": 0, "queryFloorIso": "2026-05-17T18:57:21.402Z", "reason": "recovery-poll"}
 LOG  [notification-toast] Backfilled recent notifications {"count": 0, "queryFloorIso": "2026-05-17T18:57:27.432Z", "reason": "recovery-poll"}
 LOG  [notification-toast] Backfilled recent notifications {"count": 0, "queryFloorIso": "2026-05-17T18:57:33.463Z", "reason": "recovery-poll"}
 LOG  [notification-toast] Backfilled recent notifications {"count": 0, "queryFloorIso": "2026-05-17T18:57:39.493Z", "reason": "recovery-poll"}
 LOG  [notification-toast] Backfilled recent notifications {"count": 0, "queryFloorIso": "2026-05-17T18:57:45.524Z", "reason": "recovery-poll"}
 LOG  [notification-toast] Backfilled recent notifications {"count": 0, "queryFloorIso": "2026-05-17T18:57:51.555Z", "reason": "recovery-poll"}
Android .\index.js ░░░░░░░░░░░░░░░░  0.0% (0/1)
Android Bundled 113ms index.js (1 module)
 INFO  [radio] react-native-track-player unavailable; radio playback is disabled until you run a native dev build.
 WARN  SafeAreaView has been deprecated and will be removed in a future release. Please use 'react-native-safe-area-context' instead. See https://github.com/th3rdwave/react-native-safe-area-context
 WARN  [expo-av]: Expo AV has been deprecated and will be removed in SDK 54. Use the `expo-audio` and `expo-video` packages to replace the required functionality.
 INFO  [push] expo-notifications unavailable; native push registration is disabled until dependencies are installed and Metro is restarted.
 INFO  [LoadTime][Route] enter {"route": "/", "startedAt": "2026-05-17T18:58:23.729Z"}
Android .\index.js ░░░░░░░░░░░░░░░░  0.0% (0/1)
Android Bundled 139ms index.js (1 module)
 INFO  [radio] react-native-track-player unavailable; radio playback is disabled until you run a native dev build.
 WARN  SafeAreaView has been deprecated and will be removed in a future release. Please use 'react-native-safe-area-context' instead. See https://github.com/th3rdwave/react-native-safe-area-context
 WARN  [expo-av]: Expo AV has been deprecated and will be removed in SDK 54. Use the `expo-audio` and `expo-video` packages to replace the required functionality.
 INFO  [push] expo-notifications unavailable; native push registration is disabled until dependencies are installed and Metro is restarted.
 INFO  [LoadTime][Route] enter {"route": "/", "startedAt": "2026-05-17T19:00:37.852Z"}
 INFO  [LoadTime][Route] leave {"durationMs": 2736, "route": "/"}
 INFO  [LoadTime][Feed] mount {"details": {"hasMore": false, "tab": "for_you", "user": "guest"}, "startedAt": "2026-05-17T19:00:42.650Z"}
 INFO  [LoadTime][Route] enter {"route": "/(tabs)/feed", "startedAt": "2026-05-17T19:00:42.673Z"}
 LOG  [notification-toast] Notification toast channel status {"activeUserId": "1da9cef7-9cfc-4701-a367-48197b4d7247", "reason": "initial", "status": "SUBSCRIBED"}
 INFO  [LoadTime][Feed] query-start {"query": "forYouFeed", "status": "pending"}
 LOG  [notification-toast] Backfilled recent notifications {"count": 0, "queryFloorIso": "2026-05-17T18:55:28.107Z", "reason": "subscribed:initial"}
 INFO  [LoadTime][Edge:manage-social-feed] complete {"action": "get_feed", "cursor": undefined, "durationMs": 2135, "hasUserId": true, "keys": ["action", "cursor", "feed_type", "limit", "personalize", "userId"], "limit": 12}
 INFO  [LoadTime][Feed] primary-page-parsed {"append": false, "feedTab": "for_you", "pages": 1, "posts": 2}
 INFO  [LoadTime][Feed] snapshot-ready {"aiCards": 0, "feedTab": "for_you", "hasMore": false, "posts": 2}
 INFO  [LoadTime][Feed] load-complete {"counts": {"aiCards": 0, "followingEntities": 0, "posts": 2}, "details": {"hasMore": false, "tab": "for_you", "user": "signed-in"}, "durationMs": 4390}
 INFO  [LoadTime][Feed] first-ready {"counts": {"aiCards": 0, "followingEntities": 0, "posts": 2}, "details": {"hasMore": false, "tab": "for_you", "user": "signed-in"}, "durationMs": 4392, "renderCount": 10}
 INFO  [LoadTime][Feed] query-complete {"durationMs": 2413, "error": undefined, "query": "forYouFeed", "status": "success", "updatedAt": "2026-05-17T19:00:46.215Z"}
 INFO  [LoadTime][FeedRadio] fetch-start {"details": {"includeItems": true}}
 INFO  [LoadTime][FeedRadio] edge-complete {"details": {"featuredOnly": true, "playableStations": 1, "stations": 1}, "durationMs": 900}
 INFO  [LoadTime][FeedRadio] fetch-complete {"details": {"playableStations": 1, "stations": 1}, "durationMs": 904}
 WARN  [GROQ_ROUTER] Request failed {"apiKeySignature": "len=56 prefix=gsk_zq suffix=j7J5Bx", "apiKeySource": "process.env.EXPO_PUBLIC_GROQ_API_KEY", "message": "Invalid API Key", "modelId": "llama-3.3-70b-versatile", "modelSource": "default.llama-3.3-70b-versatile", "status": 401}
 WARN  [GROQ_ROUTER] Request exception {"apiKeySignature": "len=56 prefix=gsk_zq suffix=j7J5Bx", "apiKeySource": "process.env.EXPO_PUBLIC_GROQ_API_KEY", "message": "Invalid API Key", "modelId": "llama-3.3-70b-versatile", "modelSource": "default.llama-3.3-70b-versatile"}
 LOG  [notification-toast] Backfilled recent notifications {"count": 0, "queryFloorIso": "2026-05-17T19:00:28.521Z", "reason": "recovery-poll"}
 LOG  [notification-toast] Backfilled recent notifications {"count": 0, "queryFloorIso": "2026-05-17T19:00:34.148Z", "reason": "recovery-poll"}
 LOG  [notification-toast] Backfilled recent notifications {"count": 0, "queryFloorIso": "2026-05-17T19:00:40.158Z", "reason": "recovery-poll"}
 LOG  [notification-toast] Backfilled recent notifications {"count": 0, "queryFloorIso": "2026-05-17T19:00:46.188Z", "reason": "recovery-poll"}
 LOG  [notification-toast] Disposed notification toast channel {"activeUserId": "1da9cef7-9cfc-4701-a367-48197b4d7247", "reason": "app-state:background"}
 INFO  [LoadTime][Route] leave {"durationMs": 28320, "route": "/(tabs)/feed"}
 INFO  [LoadTime][Route] enter {"route": "/create_playlist", "startedAt": "2026-05-17T19:01:10.995Z"}
 LOG  [notification-toast] Notification toast channel status {"activeUserId": "1da9cef7-9cfc-4701-a367-48197b4d7247", "reason": "foreground", "status": "SUBSCRIBED"}
 LOG  [notification-toast] Backfilled recent notifications {"count": 0, "queryFloorIso": "2026-05-17T19:00:55.089Z", "reason": "recovery-poll"}
 LOG  [notification-toast] Backfilled recent notifications {"count": 0, "queryFloorIso": "2026-05-17T19:00:59.015Z", "reason": "recovery-poll"}
 LOG  [notification-toast] Backfilled recent notifications {"count": 0, "queryFloorIso": "2026-05-17T19:01:05.102Z", "reason": "recovery-poll"}
 LOG  [notification-toast] Backfilled recent notifications {"count": 0, "queryFloorIso": "2026-05-17T19:01:11.076Z", "reason": "recovery-poll"}
 LOG  [notification-toast] Backfilled recent notifications {"count": 0, "queryFloorIso": "2026-05-17T19:01:17.107Z", "reason": "recovery-poll"}
 LOG  [notification-toast] Backfilled recent notifications {"count": 0, "queryFloorIso": "2026-05-17T19:01:23.137Z", "reason": "recovery-poll"}
 LOG  [notification-toast] Backfilled recent notifications {"count": 0, "queryFloorIso": "2026-05-17T19:01:29.167Z", "reason": "recovery-poll"}
 LOG  [notification-toast] Backfilled recent notifications {"count": 0, "queryFloorIso": "2026-05-17T19:01:35.198Z", "reason": "recovery-poll"}
 LOG  [notification-toast] Backfilled recent notifications {"count": 0, "queryFloorIso": "2026-05-17T19:01:41.228Z", "reason": "recovery-poll"}
 LOG  [notification-toast] Backfilled recent notifications {"count": 0, "queryFloorIso": "2026-05-17T19:01:47.259Z", "reason": "recovery-poll"}
 LOG  [notification-toast] Backfilled recent notifications {"count": 0, "queryFloorIso": "2026-05-17T19:01:53.290Z", "reason": "recovery-poll"}
 LOG  [notification-toast] Backfilled recent notifications {"count": 0, "queryFloorIso": "2026-05-17T19:01:59.320Z", "reason": "recovery-poll"}
 LOG  [notification-toast] Backfilled recent notifications {"count": 0, "queryFloorIso": "2026-05-17T19:02:05.351Z", "reason": "recovery-poll"}
 LOG  [notification-toast] Backfilled recent notifications {"count": 0, "queryFloorIso": "2026-05-17T19:02:11.381Z", "reason": "recovery-poll"}
 LOG  [notification-toast] Backfilled recent notifications {"count": 0, "queryFloorIso": "2026-05-17T19:02:17.399Z", "reason": "recovery-poll"}
 INFO  [LoadTime][Route] leave {"durationMs": 89726, "route": "/create_playlist"}
 INFO  [LoadTime][Route] enter {"route": "/playlist_details", "startedAt": "2026-05-17T19:02:40.736Z"}
 LOG  [notification-toast] Backfilled recent notifications {"count": 0, "queryFloorIso": "2026-05-17T19:02:23.488Z", "reason": "recovery-poll"}
 LOG  [notification-toast] Backfilled recent notifications {"count": 0, "queryFloorIso": "2026-05-17T19:02:29.473Z", "reason": "recovery-poll"}
 LOG  [notification-toast] Backfilled recent notifications {"count": 0, "queryFloorIso": "2026-05-17T19:02:35.503Z", "reason": "recovery-poll"}
 LOG  [notification-toast] Backfilled recent notifications {"count": 0, "queryFloorIso": "2026-05-17T19:02:41.534Z", "reason": "recovery-poll"}
 LOG  [notification-toast] Backfilled recent notifications {"count": 0, "queryFloorIso": "2026-05-17T19:02:47.564Z", "reason": "recovery-poll"}
Android Bundled 129ms index.js (1 module)
 INFO  [radio] react-native-track-player unavailable; radio playback is disabled until you run a native dev build.
 WARN  SafeAreaView has been deprecated and will be removed in a future release. Please use 'react-native-safe-area-context' instead. See https://github.com/th3rdwave/react-native-safe-area-context
 WARN  [expo-av]: Expo AV has been deprecated and will be removed in SDK 54. Use the `expo-audio` and `expo-video` packages to replace the required functionality.
 INFO  [push] expo-notifications unavailable; native push registration is disabled until dependencies are installed and Metro is restarted.
 INFO  [LoadTime][Route] enter {"route": "/", "startedAt": "2026-05-17T19:03:16.817Z"}
Android .\index.js ░░░░░░░░░░░░░░░░  0.0% (0/1)
Android Bundled 121ms index.js (1 module)
 INFO  [radio] react-native-track-player unavailable; radio playback is disabled until you run a native dev build.
 WARN  SafeAreaView has been deprecated and will be removed in a future release. Please use 'react-native-safe-area-context' instead. See https://github.com/th3rdwave/react-native-safe-area-context
 WARN  [expo-av]: Expo AV has been deprecated and will be removed in SDK 54. Use the `expo-audio` and `expo-video` packages to replace the required functionality.
 INFO  [push] expo-notifications unavailable; native push registration is disabled until dependencies are installed and Metro is restarted.
 INFO  [LoadTime][Route] enter {"route": "/", "startedAt": "2026-05-17T19:05:30.374Z"}
 INFO  [LoadTime][Route] leave {"durationMs": 2496, "route": "/"}
 INFO  [LoadTime][Feed] mount {"details": {"hasMore": false, "tab": "for_you", "user": "guest"}, "startedAt": "2026-05-17T19:05:34.500Z"}
 INFO  [LoadTime][Route] enter {"route": "/(tabs)/feed", "startedAt": "2026-05-17T19:05:34.523Z"}
 LOG  [notification-toast] Notification toast channel status {"activeUserId": "61027046-fe18-4977-a74a-ee83790fa206", "reason": "initial", "status": "SUBSCRIBED"}
 INFO  [LoadTime][Feed] query-start {"query": "forYouFeed", "status": "pending"}
 LOG  [notification-toast] Backfilled recent notifications {"count": 0, "queryFloorIso": "2026-05-17T19:00:19.940Z", "reason": "subscribed:initial"}
 INFO  [LoadTime][Edge:manage-social-feed] complete {"action": "get_feed", "cursor": undefined, "durationMs": 780, "hasUserId": true, "keys": ["action", "cursor", "feed_type", "limit", "personalize", "userId"], "limit": 12}
 INFO  [LoadTime][Feed] primary-page-parsed {"append": false, "feedTab": "for_you", "pages": 1, "posts": 2}
 INFO  [LoadTime][Feed] snapshot-ready {"aiCards": 0, "feedTab": "for_you", "hasMore": false, "posts": 2}
 INFO  [LoadTime][Feed] load-complete {"counts": {"aiCards": 0, "followingEntities": 0, "posts": 2}, "details": {"hasMore": false, "tab": "for_you", "user": "signed-in"}, "durationMs": 3171}
 INFO  [LoadTime][Feed] first-ready {"counts": {"aiCards": 0, "followingEntities": 0, "posts": 2}, "details": {"hasMore": false, "tab": "for_you", "user": "signed-in"}, "durationMs": 3174, "renderCount": 11}
 INFO  [LoadTime][Feed] query-complete {"durationMs": 1066, "error": undefined, "query": "forYouFeed", "status": "success", "updatedAt": "2026-05-17T19:05:36.845Z"}
 INFO  [LoadTime][FeedRadio] fetch-start {"details": {"includeItems": true}}
 INFO  [LoadTime][FeedRadio] edge-complete {"details": {"featuredOnly": true, "playableStations": 1, "stations": 1}, "durationMs": 767}
 INFO  [LoadTime][FeedRadio] fetch-complete {"details": {"playableStations": 1, "stations": 1}, "durationMs": 771}
 WARN  [GROQ_ROUTER] Request failed {"apiKeySignature": "len=56 prefix=gsk_zq suffix=j7J5Bx", "apiKeySource": "process.env.EXPO_PUBLIC_GROQ_API_KEY", "message": "Invalid API Key", "modelId": "llama-3.3-70b-versatile", "modelSource": "default.llama-3.3-70b-versatile", "status": 401}
 WARN  [GROQ_ROUTER] Request exception {"apiKeySignature": "len=56 prefix=gsk_zq suffix=j7J5Bx", "apiKeySource": "process.env.EXPO_PUBLIC_GROQ_API_KEY", "message": "Invalid API Key", "modelId": "llama-3.3-70b-versatile", "modelSource": "default.llama-3.3-70b-versatile"}
 LOG  [notification-toast] Backfilled recent notifications {"count": 0, "queryFloorIso": "2026-05-17T19:05:20.398Z", "reason": "recovery-poll"}
 LOG  [notification-toast] Backfilled recent notifications {"count": 0, "queryFloorIso": "2026-05-17T19:05:25.972Z", "reason": "recovery-poll"}
 LOG  [notification-toast] Backfilled recent notifications {"count": 0, "queryFloorIso": "2026-05-17T19:05:32.003Z", "reason": "recovery-poll"}
 LOG  [notification-toast] Backfilled recent notifications {"count": 0, "queryFloorIso": "2026-05-17T19:05:38.033Z", "reason": "recovery-poll"}
 LOG  [notification-toast] Disposed notification toast channel {"activeUserId": "61027046-fe18-4977-a74a-ee83790fa206", "reason": "app-state:background"}
 INFO  [LoadTime][Route] leave {"durationMs": 28089, "route": "/(tabs)/feed"}
 INFO  [LoadTime][Route] enter {"route": "/(tabs)/marketplace", "startedAt": "2026-05-17T19:06:02.614Z"}
 LOG  [notification-toast] Notification toast channel status {"activeUserId": "61027046-fe18-4977-a74a-ee83790fa206", "reason": "foreground", "status": "SUBSCRIBED"}
 INFO  [LoadTime][Edge:manage-marketplace] complete {"action": "browse_products", "cursor": undefined, "durationMs": 1166, "hasUserId": false, "keys": ["action", "include_sold", "limit", "offset"], "limit": 21}
 INFO  [LoadTime][Edge:manage-marketplace] complete {"action": "list_my_products", "cursor": undefined, "durationMs": 1357, "hasUserId": true, "keys": ["action", "userId"], "limit": undefined}
 LOG  [bottom-overlay:navbar] hide-requested {"activeCount": 1, "at": "2026-05-17T19:06:05.756Z", "labels": ["MarketplaceAddProductModal"], "previousActive": false, "previousLabels": [], "source": "register:MarketplaceAddProductModal"}
 LOG  [notification-toast] Backfilled recent notifications {"count": 0, "queryFloorIso": "2026-05-17T19:05:46.512Z", "reason": "recovery-poll"}
 LOG  [notification-toast] Backfilled recent notifications {"count": 0, "queryFloorIso": "2026-05-17T19:05:50.644Z", "reason": "recovery-poll"}
 LOG  [notification-toast] Backfilled recent notifications {"count": 0, "queryFloorIso": "2026-05-17T19:05:56.674Z", "reason": "recovery-poll"}
 LOG  [notification-toast] Backfilled recent notifications {"count": 0, "queryFloorIso": "2026-05-17T19:06:02.705Z", "reason": "recovery-poll"}
 LOG  [notification-toast] Backfilled recent notifications {"count": 0, "queryFloorIso": "2026-05-17T19:06:08.735Z", "reason": "recovery-poll"}
 LOG  [notification-toast] Backfilled recent notifications {"count": 0, "queryFloorIso": "2026-05-17T19:06:14.766Z", "reason": "recovery-poll"}
 LOG  [notification-toast] Backfilled recent notifications {"count": 0, "queryFloorIso": "2026-05-17T19:06:20.796Z", "reason": "recovery-poll"}
 LOG  [notification-toast] Backfilled recent notifications {"count": 0, "queryFloorIso": "2026-05-17T19:06:26.826Z", "reason": "recovery-poll"}
 LOG  [notification-toast] Backfilled recent notifications {"count": 0, "queryFloorIso": "2026-05-17T19:06:32.857Z", "reason": "recovery-poll"}
 LOG  [notification-toast] Backfilled recent notifications {"count": 0, "queryFloorIso": "2026-05-17T19:06:38.891Z", "reason": "recovery-poll"}
 LOG  [notification-toast] Backfilled recent notifications {"count": 0, "queryFloorIso": "2026-05-17T19:06:44.917Z", "reason": "recovery-poll"}
 LOG  [notification-toast] Backfilled recent notifications {"count": 0, "queryFloorIso": "2026-05-17T19:06:50.948Z", "reason": "recovery-poll"}
 LOG  [notification-toast] Backfilled recent notifications {"count": 0, "queryFloorIso": "2026-05-17T19:06:56.979Z", "reason": "recovery-poll"}
 LOG  [notification-toast] Backfilled recent notifications {"count": 0, "queryFloorIso": "2026-05-17T19:07:03.009Z", "reason": "recovery-poll"}
 LOG  [notification-toast] Backfilled recent notifications {"count": 0, "queryFloorIso": "2026-05-17T19:07:09.040Z", "reason": "recovery-poll"}
 LOG  [notification-toast] Backfilled recent notifications {"count": 0, "queryFloorIso": "2026-05-17T19:07:15.069Z", "reason": "recovery-poll"}
 LOG  [notification-toast] Backfilled recent notifications {"count": 0, "queryFloorIso": "2026-05-17T19:07:21.101Z", "reason": "recovery-poll"}
 LOG  [notification-toast] Backfilled recent notifications {"count": 0, "queryFloorIso": "2026-05-17T19:07:27.131Z", "reason": "recovery-poll"}
Android .\index.js ░░░░░░░░░░░░░░░░  0.0% (0/1)
Android Bundled 113ms index.js (1 module)
 INFO  [radio] react-native-track-player unavailable; radio playback is disabled until you run a native dev build.
 WARN  SafeAreaView has been deprecated and will be removed in a future release. Please use 'react-native-safe-area-context' instead. See https://github.com/th3rdwave/react-native-safe-area-context
 WARN  [expo-av]: Expo AV has been deprecated and will be removed in SDK 54. Use the `expo-audio` and `expo-video` packages to replace the required functionality.
 INFO  [push] expo-notifications unavailable; native push registration is disabled until dependencies are installed and Metro is restarted.
 INFO  [LoadTime][Route] enter {"route": "/", "startedAt": "2026-05-17T19:08:00.165Z"}
Android .\index.js ░░░░░░░░░░░░░░░░  0.0% (0/1)
Android Bundled 114ms index.js (1 module)
 INFO  [radio] react-native-track-player unavailable; radio playback is disabled until you run a native dev build.
 WARN  SafeAreaView has been deprecated and will be removed in a future release. Please use 'react-native-safe-area-context' instead. See https://github.com/th3rdwave/react-native-safe-area-context
 WARN  [expo-av]: Expo AV has been deprecated and will be removed in SDK 54. Use the `expo-audio` and `expo-video` packages to replace the required functionality.
 INFO  [push] expo-notifications unavailable; native push registration is disabled until dependencies are installed and Metro is restarted.
 INFO  [LoadTime][Route] enter {"route": "/", "startedAt": "2026-05-17T19:10:13.252Z"}
 INFO  [LoadTime][Route] leave {"durationMs": 2564, "route": "/"}
 INFO  [LoadTime][Feed] mount {"details": {"hasMore": false, "tab": "for_you", "user": "guest"}, "startedAt": "2026-05-17T19:10:17.422Z"}
 INFO  [LoadTime][Route] enter {"route": "/(tabs)/feed", "startedAt": "2026-05-17T19:10:17.445Z"}
 LOG  [notification-toast] Notification toast channel status {"activeUserId": "98c2cb2b-520b-443d-bc1b-317c8593504d", "reason": "initial", "status": "SUBSCRIBED"}
 INFO  [LoadTime][Feed] query-start {"query": "forYouFeed", "status": "pending"}
 LOG  [notification-toast] Backfilled recent notifications {"count": 0, "queryFloorIso": "2026-05-17T19:05:02.843Z", "reason": "subscribed:initial"}
 INFO  [LoadTime][Edge:manage-social-feed] complete {"action": "get_feed", "cursor": undefined, "durationMs": 733, "hasUserId": true, "keys": ["action", "cursor", "feed_type", "limit", "personalize", "userId"], "limit": 12}
 INFO  [LoadTime][Feed] primary-page-parsed {"append": false, "feedTab": "for_you", "pages": 1, "posts": 2}
 INFO  [LoadTime][Feed] snapshot-ready {"aiCards": 0, "feedTab": "for_you", "hasMore": false, "posts": 2}
 INFO  [LoadTime][Feed] load-complete {"counts": {"aiCards": 0, "followingEntities": 0, "posts": 2}, "details": {"hasMore": false, "tab": "for_you", "user": "signed-in"}, "durationMs": 3402}
 INFO  [LoadTime][Feed] first-ready {"counts": {"aiCards": 0, "followingEntities": 0, "posts": 2}, "details": {"hasMore": false, "tab": "for_you", "user": "signed-in"}, "durationMs": 3404, "renderCount": 10}
 INFO  [LoadTime][Feed] query-complete {"durationMs": 1002, "error": undefined, "query": "forYouFeed", "status": "success", "updatedAt": "2026-05-17T19:10:20.022Z"}
 INFO  [LoadTime][FeedRadio] fetch-start {"details": {"includeItems": true}}
 INFO  [LoadTime][FeedRadio] edge-complete {"details": {"featuredOnly": true, "playableStations": 1, "stations": 1}, "durationMs": 884}
 INFO  [LoadTime][FeedRadio] fetch-complete {"details": {"playableStations": 1, "stations": 1}, "durationMs": 886}
 WARN  [GROQ_ROUTER] Request failed {"apiKeySignature": "len=56 prefix=gsk_zq suffix=j7J5Bx", "apiKeySource": "process.env.EXPO_PUBLIC_GROQ_API_KEY", "message": "Invalid API Key", "modelId": "llama-3.3-70b-versatile", "modelSource": "default.llama-3.3-70b-versatile", "status": 401}
 WARN  [GROQ_ROUTER] Request exception {"apiKeySignature": "len=56 prefix=gsk_zq suffix=j7J5Bx", "apiKeySource": "process.env.EXPO_PUBLIC_GROQ_API_KEY", "message": "Invalid API Key", "modelId": "llama-3.3-70b-versatile", "modelSource": "default.llama-3.3-70b-versatile"}
 LOG  [notification-toast] Backfilled recent notifications {"count": 0, "queryFloorIso": "2026-05-17T19:10:03.285Z", "reason": "recovery-poll"}
 LOG  [notification-toast] Backfilled recent notifications {"count": 0, "queryFloorIso": "2026-05-17T19:10:08.871Z", "reason": "recovery-poll"}
 LOG  [notification-toast] Backfilled recent notifications {"count": 0, "queryFloorIso": "2026-05-17T19:10:14.901Z", "reason": "recovery-poll"}
 LOG  [notification-toast] Backfilled recent notifications {"count": 0, "queryFloorIso": "2026-05-17T19:10:20.932Z", "reason": "recovery-poll"}
 LOG  [notification-toast] Disposed notification toast channel {"activeUserId": "98c2cb2b-520b-443d-bc1b-317c8593504d", "reason": "app-state:background"}
 INFO  [LoadTime][Route] leave {"durationMs": 30069, "route": "/(tabs)/feed"}
 INFO  [LoadTime][Route] enter {"route": "/(tabs)/marketplace", "startedAt": "2026-05-17T19:10:47.515Z"}
 LOG  [notification-toast] Notification toast channel status {"activeUserId": "98c2cb2b-520b-443d-bc1b-317c8593504d", "reason": "foreground", "status": "SUBSCRIBED"}
 LOG  [notification-toast] Backfilled recent notifications {"count": 0, "queryFloorIso": "2026-05-17T19:10:31.443Z", "reason": "foreground"}
 INFO  [LoadTime][Edge:manage-marketplace] complete {"action": "browse_products", "cursor": undefined, "durationMs": 1127, "hasUserId": false, "keys": ["action", "include_sold", "limit", "offset"], "limit": 21}
 INFO  [LoadTime][Edge:manage-marketplace] complete {"action": "list_my_products", "cursor": undefined, "durationMs": 1297, "hasUserId": true, "keys": ["action", "userId"], "limit": undefined}
 LOG  [bottom-overlay:navbar] hide-requested {"activeCount": 1, "at": "2026-05-17T19:10:50.216Z", "labels": ["MarketplaceAddProductModal"], "previousActive": false, "previousLabels": [], "source": "register:MarketplaceAddProductModal"}
 LOG  [notification-toast] Backfilled recent notifications {"count": 0, "queryFloorIso": "2026-05-17T19:10:32.534Z", "reason": "recovery-poll"}
 LOG  [notification-toast] Backfilled recent notifications {"count": 0, "queryFloorIso": "2026-05-17T19:10:38.557Z", "reason": "recovery-poll"}
 LOG  [notification-toast] Backfilled recent notifications {"count": 0, "queryFloorIso": "2026-05-17T19:10:44.587Z", "reason": "recovery-poll"}
 LOG  [notification-toast] Backfilled recent notifications {"count": 0, "queryFloorIso": "2026-05-17T19:10:50.618Z", "reason": "recovery-poll"}
 LOG  [notification-toast] Backfilled recent notifications {"count": 0, "queryFloorIso": "2026-05-17T19:10:56.648Z", "reason": "recovery-poll"}
 LOG  [notification-toast] Backfilled recent notifications {"count": 0, "queryFloorIso": "2026-05-17T19:11:02.679Z", "reason": "recovery-poll"}
 LOG  [notification-toast] Backfilled recent notifications {"count": 0, "queryFloorIso": "2026-05-17T19:11:08.709Z", "reason": "recovery-poll"}
 LOG  [notification-toast] Backfilled recent notifications {"count": 0, "queryFloorIso": "2026-05-17T19:11:14.739Z", "reason": "recovery-poll"}
 LOG  [bottom-overlay:navbar] show-requested {"activeCount": 0, "at": "2026-05-17T19:11:41.568Z", "labels": [], "previousActive": true, "previousLabels": ["MarketplaceAddProductModal"], "source": "unregister:MarketplaceAddProductModal"}
 LOG  [notification-toast] Backfilled recent notifications {"count": 0, "queryFloorIso": "2026-05-17T19:11:20.770Z", "reason": "recovery-poll"}
 INFO  [LoadTime][Edge:manage-marketplace] complete {"action": "browse_products", "cursor": undefined, "durationMs": 895, "hasUserId": false, "keys": ["action", "include_sold", "limit", "offset"], "limit": 21}
 INFO  [LoadTime][Edge:manage-marketplace] complete {"action": "list_my_products", "cursor": undefined, "durationMs": 994, "hasUserId": true, "keys": ["action", "userId"], "limit": undefined}
 LOG  [notification-toast] Backfilled recent notifications {"count": 0, "queryFloorIso": "2026-05-17T19:11:26.789Z", "reason": "recovery-poll"}
 LOG  [notification-toast] Backfilled recent notifications {"count": 0, "queryFloorIso": "2026-05-17T19:11:32.831Z", "reason": "recovery-poll"}
 LOG  [notification-toast] Backfilled recent notifications {"count": 0, "queryFloorIso": "2026-05-17T19:11:38.862Z", "reason": "recovery-poll"}
 LOG  [notification-toast] Backfilled recent notifications {"count": 0, "queryFloorIso": "2026-05-17T19:11:44.892Z", "reason": "recovery-poll"}
Android .\index.js ░░░░░░░░░░░░░░░░  0.0% (0/1)
Android Bundled 116ms index.js (1 module)
 INFO  [radio] react-native-track-player unavailable; radio playback is disabled until you run a native dev build.
 WARN  SafeAreaView has been deprecated and will be removed in a future release. Please use 'react-native-safe-area-context' instead. See https://github.com/th3rdwave/react-native-safe-area-context
 WARN  [expo-av]: Expo AV has been deprecated and will be removed in SDK 54. Use the `expo-audio` and `expo-video` packages to replace the required functionality.
 INFO  [push] expo-notifications unavailable; native push registration is disabled until dependencies are installed and Metro is restarted.
 INFO  [LoadTime][Route] enter {"route": "/", "startedAt": "2026-05-17T19:12:18.544Z"}
Android .\index.js ░░░░░░░░░░░░░░░░  0.0% (0/1)
Android Bundled 116ms index.js (1 module)
 INFO  [radio] react-native-track-player unavailable; radio playback is disabled until you run a native dev build.
 WARN  SafeAreaView has been deprecated and will be removed in a future release. Please use 'react-native-safe-area-context' instead. See https://github.com/th3rdwave/react-native-safe-area-context
 WARN  [expo-av]: Expo AV has been deprecated and will be removed in SDK 54. Use the `expo-audio` and `expo-video` packages to replace the required functionality.
 INFO  [push] expo-notifications unavailable; native push registration is disabled until dependencies are installed and Metro is restarted.
 INFO  [LoadTime][Route] enter {"route": "/", "startedAt": "2026-05-17T19:14:32.145Z"}
 INFO  [LoadTime][Route] leave {"durationMs": 2447, "route": "/"}
 INFO  [LoadTime][Feed] mount {"details": {"hasMore": false, "tab": "for_you", "user": "guest"}, "startedAt": "2026-05-17T19:14:36.254Z"}
 INFO  [LoadTime][Route] enter {"route": "/(tabs)/feed", "startedAt": "2026-05-17T19:14:36.278Z"}
 LOG  [notification-toast] Notification toast channel status {"activeUserId": "406697de-0028-461f-9f00-7ab322610f16", "reason": "initial", "status": "SUBSCRIBED"}
 INFO  [LoadTime][Feed] query-start {"query": "forYouFeed", "status": "pending"}
 LOG  [notification-toast] Backfilled recent notifications {"count": 0, "queryFloorIso": "2026-05-17T19:09:21.712Z", "reason": "subscribed:initial"}
 INFO  [LoadTime][Edge:manage-social-feed] complete {"action": "get_feed", "cursor": undefined, "durationMs": 791, "hasUserId": true, "keys": ["action", "cursor", "feed_type", "limit", "personalize", "userId"], "limit": 12}
 INFO  [LoadTime][Feed] primary-page-parsed {"append": false, "feedTab": "for_you", "pages": 1, "posts": 2}
 INFO  [LoadTime][Feed] snapshot-ready {"aiCards": 0, "feedTab": "for_you", "hasMore": false, "posts": 2}
 INFO  [LoadTime][Feed] load-complete {"counts": {"aiCards": 0, "followingEntities": 0, "posts": 2}, "details": {"hasMore": false, "tab": "for_you", "user": "signed-in"}, "durationMs": 2960}
 INFO  [LoadTime][Feed] first-ready {"counts": {"aiCards": 0, "followingEntities": 0, "posts": 2}, "details": {"hasMore": false, "tab": "for_you", "user": "signed-in"}, "durationMs": 2962, "renderCount": 10}
 INFO  [LoadTime][Feed] query-complete {"durationMs": 1124, "error": undefined, "query": "forYouFeed", "status": "success", "updatedAt": "2026-05-17T19:14:38.329Z"}
 INFO  [LoadTime][FeedRadio] fetch-start {"details": {"includeItems": true}}
 INFO  [LoadTime][FeedRadio] edge-complete {"details": {"featuredOnly": true, "playableStations": 1, "stations": 1}, "durationMs": 681}
 INFO  [LoadTime][FeedRadio] fetch-complete {"details": {"playableStations": 1, "stations": 1}, "durationMs": 684}
 WARN  [GROQ_ROUTER] Request failed {"apiKeySignature": "len=56 prefix=gsk_zq suffix=j7J5Bx", "apiKeySource": "process.env.EXPO_PUBLIC_GROQ_API_KEY", "message": "Invalid API Key", "modelId": "llama-3.3-70b-versatile", "modelSource": "default.llama-3.3-70b-versatile", "status": 401}
 WARN  [GROQ_ROUTER] Request exception {"apiKeySignature": "len=56 prefix=gsk_zq suffix=j7J5Bx", "apiKeySource": "process.env.EXPO_PUBLIC_GROQ_API_KEY", "message": "Invalid API Key", "modelId": "llama-3.3-70b-versatile", "modelSource": "default.llama-3.3-70b-versatile"}
 LOG  [notification-toast] Backfilled recent notifications {"count": 0, "queryFloorIso": "2026-05-17T19:14:22.167Z", "reason": "recovery-poll"}
 LOG  [notification-toast] Backfilled recent notifications {"count": 0, "queryFloorIso": "2026-05-17T19:14:27.731Z", "reason": "recovery-poll"}
 LOG  [notification-toast] Backfilled recent notifications {"count": 0, "queryFloorIso": "2026-05-17T19:14:33.762Z", "reason": "recovery-poll"}
 LOG  [notification-toast] Backfilled recent notifications {"count": 0, "queryFloorIso": "2026-05-17T19:14:39.793Z", "reason": "recovery-poll"}
 LOG  [notification-toast] Disposed notification toast channel {"activeUserId": "406697de-0028-461f-9f00-7ab322610f16", "reason": "app-state:background"}
 INFO  [LoadTime][Wallet] mount {"details": {"balance": 0, "role": "unknown", "user": "signed-in"}, "startedAt": "2026-05-17T19:15:04.563Z"}
 INFO  [LoadTime][Wallet] query-start {"query": "walletSummary", "status": "pending"}
 INFO  [LoadTime][Route] leave {"durationMs": 28665, "route": "/(tabs)/feed"}
 INFO  [LoadTime][Route] enter {"route": "/wallet", "startedAt": "2026-05-17T19:15:04.944Z"}
 LOG  [notification-toast] Notification toast channel status {"activeUserId": "406697de-0028-461f-9f00-7ab322610f16", "reason": "foreground", "status": "SUBSCRIBED"}
 LOG  [notification-toast] Backfilled recent notifications {"count": 0, "queryFloorIso": "2026-05-17T19:14:49.087Z", "reason": "foreground"}
 INFO  [LoadTime][Edge:withdrawals] complete {"action": "get_wallet_summary", "cursor": undefined, "durationMs": 1377, "hasUserId": false, "keys": ["action"], "limit": undefined}
 INFO  [LoadTime][Wallet] query-complete {"durationMs": 1453, "error": undefined, "query": "walletSummary", "status": "success", "updatedAt": "2026-05-17T19:15:05.943Z"}
 INFO  [LoadTime][Wallet] load-complete {"counts": {"payoutMethods": 0, "transactions": 0, "unpaidBookings": 0, "withdrawals": 0}, "details": {"balance": 0, "role": "producer", "user": "signed-in"}, "durationMs": 1658}
 INFO  [LoadTime][Wallet] first-ready {"counts": {"payoutMethods": 0, "transactions": 0, "unpaidBookings": 0, "withdrawals": 0}, "details": {"balance": 0, "role": "producer", "user": "signed-in"}, "durationMs": 1660, "renderCount": 4}
 LOG  [bottom-overlay:navbar] hide-requested {"activeCount": 1, "at": "2026-05-17T19:15:08.193Z", "labels": ["WalletWithdrawModal"], "previousActive": false, "previousLabels": [], "source": "register:WalletWithdrawModal"}
 WARN  Couldn't find the scrollable node handle id!
 LOG  [notification-toast] Backfilled recent notifications {"count": 0, "queryFloorIso": "2026-05-17T19:14:49.960Z", "reason": "recovery-poll"}
 LOG  [bottom-overlay:navbar] hide-requested {"activeCount": 2, "at": "2026-05-17T19:15:11.813Z", "labels": ["WalletWithdrawModal", "WalletAddPayoutModal"], "previousActive": true, "previousLabels": ["WalletWithdrawModal"], "source": "register:WalletAddPayoutModal"}
 WARN  Couldn't find the scrollable node handle id!
 WARN  Couldn't find the scrollable node handle id!
 WARN  Couldn't find the scrollable node handle id!
 LOG  [bottom-overlay:navbar] hide-requested {"activeCount": 1, "at": "2026-05-17T19:15:12.633Z", "labels": ["WalletAddPayoutModal"], "previousActive": true, "previousLabels": ["WalletWithdrawModal", "WalletAddPayoutModal"], "source": "unregister:WalletWithdrawModal"}
 WARN  [bottom-overlay] Navbar still hidden after close signal {"activeCount": 1, "labels": ["WalletAddPayoutModal"], "source": "bottom-sheet:WalletWithdrawModal:fallback:animate:-1"}
 LOG  [notification-toast] Backfilled recent notifications {"count": 0, "queryFloorIso": "2026-05-17T19:14:55.985Z", "reason": "recovery-poll"}
 WARN  Couldn't find the scrollable node handle id!
 WARN  Couldn't find the scrollable node handle id!
 WARN  Couldn't find the scrollable node handle id!
 WARN  Couldn't find the scrollable node handle id!
 WARN  Couldn't find the scrollable node handle id!
 WARN  Couldn't find the scrollable node handle id!
 WARN  Couldn't find the scrollable node handle id!
 WARN  Couldn't find the scrollable node handle id!
 WARN  Couldn't find the scrollable node handle id!
 WARN  Couldn't find the scrollable node handle id!
 WARN  Couldn't find the scrollable node handle id!
 WARN  Couldn't find the scrollable node handle id!
 LOG  [notification-toast] Backfilled recent notifications {"count": 0, "queryFloorIso": "2026-05-17T19:15:02.040Z", "reason": "recovery-poll"}
 WARN  Couldn't find the scrollable node handle id!
 WARN  Couldn't find the scrollable node handle id!
 WARN  Couldn't find the scrollable node handle id!
 WARN  Couldn't find the scrollable node handle id!
 LOG  [notification-toast] Backfilled recent notifications {"count": 0, "queryFloorIso": "2026-05-17T19:15:08.045Z", "reason": "recovery-poll"}
 LOG  [notification-toast] Backfilled recent notifications {"count": 0, "queryFloorIso": "2026-05-17T19:15:14.077Z", "reason": "recovery-poll"}
 LOG  [notification-toast] Backfilled recent notifications {"count": 0, "queryFloorIso": "2026-05-17T19:15:20.107Z", "reason": "recovery-poll"}
 LOG  [notification-toast] Backfilled recent notifications {"count": 0, "queryFloorIso": "2026-05-17T19:15:26.138Z", "reason": "recovery-poll"}
 LOG  [notification-toast] Backfilled recent notifications {"count": 0, "queryFloorIso": "2026-05-17T19:15:32.167Z", "reason": "recovery-poll"}
 LOG  [notification-toast] Backfilled recent notifications {"count": 0, "queryFloorIso": "2026-05-17T19:15:38.198Z", "reason": "recovery-poll"}
 LOG  [notification-toast] Backfilled recent notifications {"count": 0, "queryFloorIso": "2026-05-17T19:15:44.228Z", "reason": "recovery-poll"}
 LOG  [notification-toast] Backfilled recent notifications {"count": 0, "queryFloorIso": "2026-05-17T19:15:50.259Z", "reason": "recovery-poll"}
 LOG  [notification-toast] Backfilled recent notifications {"count": 0, "queryFloorIso": "2026-05-17T19:15:56.289Z", "reason": "recovery-poll"}
 LOG  [notification-toast] Backfilled recent notifications {"count": 0, "queryFloorIso": "2026-05-17T19:16:02.319Z", "reason": "recovery-poll"}
 LOG  [notification-toast] Backfilled recent notifications {"count": 0, "queryFloorIso": "2026-05-17T19:16:08.350Z", "reason": "recovery-poll"}
 LOG  [notification-toast] Backfilled recent notifications {"count": 0, "queryFloorIso": "2026-05-17T19:16:14.380Z", "reason": "recovery-poll"}
 LOG  [notification-toast] Backfilled recent notifications {"count": 0, "queryFloorIso": "2026-05-17T19:16:20.410Z", "reason": "recovery-poll"}
 LOG  [notification-toast] Backfilled recent notifications {"count": 0, "queryFloorIso": "2026-05-17T19:16:26.441Z", "reason": "recovery-poll"}
 LOG  [notification-toast] Backfilled recent notifications {"count": 0, "queryFloorIso": "2026-05-17T19:16:32.472Z", "reason": "recovery-poll"}
 LOG  [notification-toast] Backfilled recent notifications {"count": 0, "queryFloorIso": "2026-05-17T19:16:38.502Z", "reason": "recovery-poll"}
 LOG  [notification-toast] Backfilled recent notifications {"count": 0, "queryFloorIso": "2026-05-17T19:16:44.533Z", "reason": "recovery-poll"}
 LOG  [notification-toast] Backfilled recent notifications {"count": 0, "queryFloorIso": "2026-05-17T19:16:50.563Z", "reason": "recovery-poll"}
 LOG  [notification-toast] Backfilled recent notifications {"count": 0, "queryFloorIso": "2026-05-17T19:16:56.582Z", "reason": "recovery-poll"}
 LOG  [notification-toast] Backfilled recent notifications {"count": 0, "queryFloorIso": "2026-05-17T19:17:02.624Z", "reason": "recovery-poll"}
Android .\index.js ░░░░░░░░░░░░░░░░  0.0% (0/1)
Android Bundled 161ms index.js (1 module)
 INFO  [radio] react-native-track-player unavailable; radio playback is disabled until you run a native dev build.
 WARN  SafeAreaView has been deprecated and will be removed in a future release. Please use 'react-native-safe-area-context' instead. See https://github.com/th3rdwave/react-native-safe-area-context
 WARN  [expo-av]: Expo AV has been deprecated and will be removed in SDK 54. Use the `expo-audio` and `expo-video` packages to replace the required functionality.
 INFO  [push] expo-notifications unavailable; native push registration is disabled until dependencies are installed and Metro is restarted.
 INFO  [LoadTime][Route] enter {"route": "/", "startedAt": "2026-05-17T19:17:32.135Z"}
Android .\index.js ░░░░░░░░░░░░░░░░  0.0% (0/1)
Android Bundled 148ms index.js (1 module)
 INFO  [radio] react-native-track-player unavailable; radio playback is disabled until you run a native dev build.
 WARN  SafeAreaView has been deprecated and will be removed in a future release. Please use 'react-native-safe-area-context' instead. See https://github.com/th3rdwave/react-native-safe-area-context
 WARN  [expo-av]: Expo AV has been deprecated and will be removed in SDK 54. Use the `expo-audio` and `expo-video` packages to replace the required functionality.
 INFO  [push] expo-notifications unavailable; native push registration is disabled until dependencies are installed and Metro is restarted.
 INFO  [LoadTime][Route] enter {"route": "/", "startedAt": "2026-05-17T19:19:45.873Z"}
 INFO  [LoadTime][Route] leave {"durationMs": 2464, "route": "/"}
 INFO  [LoadTime][Feed] mount {"details": {"hasMore": false, "tab": "for_you", "user": "guest"}, "startedAt": "2026-05-17T19:19:49.837Z"}
 INFO  [LoadTime][Route] enter {"route": "/(tabs)/feed", "startedAt": "2026-05-17T19:19:49.861Z"}
 LOG  [notification-toast] Notification toast channel status {"activeUserId": "700ad348-3141-4bac-a7e9-717d84dd495b", "reason": "initial", "status": "SUBSCRIBED"}
 INFO  [LoadTime][Feed] query-start {"query": "forYouFeed", "status": "pending"}
 LOG  [notification-toast] Backfilled recent notifications {"count": 0, "queryFloorIso": "2026-05-17T19:14:35.308Z", "reason": "subscribed:initial"}
 INFO  [LoadTime][Edge:manage-social-feed] complete {"action": "get_feed", "cursor": undefined, "durationMs": 1187, "hasUserId": true, "keys": ["action", "cursor", "feed_type", "limit", "personalize", "userId"], "limit": 12}
 INFO  [LoadTime][Feed] primary-page-parsed {"append": false, "feedTab": "for_you", "pages": 1, "posts": 2}
 INFO  [LoadTime][Feed] snapshot-ready {"aiCards": 0, "feedTab": "for_you", "hasMore": false, "posts": 2}
 INFO  [LoadTime][Feed] load-complete {"counts": {"aiCards": 0, "followingEntities": 0, "posts": 2}, "details": {"hasMore": false, "tab": "for_you", "user": "signed-in"}, "durationMs": 3227}
 INFO  [LoadTime][Feed] first-ready {"counts": {"aiCards": 0, "followingEntities": 0, "posts": 2}, "details": {"hasMore": false, "tab": "for_you", "user": "signed-in"}, "durationMs": 3229, "renderCount": 11}
 INFO  [LoadTime][Feed] query-complete {"durationMs": 1658, "error": undefined, "query": "forYouFeed", "status": "success", "updatedAt": "2026-05-17T19:19:52.057Z"}
 INFO  [LoadTime][FeedRadio] fetch-start {"details": {"includeItems": true}}
 INFO  [LoadTime][FeedRadio] edge-complete {"details": {"featuredOnly": true, "playableStations": 1, "stations": 1}, "durationMs": 785}
 INFO  [LoadTime][FeedRadio] fetch-complete {"details": {"playableStations": 1, "stations": 1}, "durationMs": 787}
 WARN  [GROQ_ROUTER] Request failed {"apiKeySignature": "len=56 prefix=gsk_zq suffix=j7J5Bx", "apiKeySource": "process.env.EXPO_PUBLIC_GROQ_API_KEY", "message": "Invalid API Key", "modelId": "llama-3.3-70b-versatile", "modelSource": "default.llama-3.3-70b-versatile", "status": 401}
 WARN  [GROQ_ROUTER] Request exception {"apiKeySignature": "len=56 prefix=gsk_zq suffix=j7J5Bx", "apiKeySource": "process.env.EXPO_PUBLIC_GROQ_API_KEY", "message": "Invalid API Key", "modelId": "llama-3.3-70b-versatile", "modelSource": "default.llama-3.3-70b-versatile"}
 LOG  [notification-toast] Backfilled recent notifications {"count": 0, "queryFloorIso": "2026-05-17T19:19:35.725Z", "reason": "recovery-poll"}
 LOG  [notification-toast] Backfilled recent notifications {"count": 0, "queryFloorIso": "2026-05-17T19:19:41.333Z", "reason": "recovery-poll"}
 LOG  [notification-toast] Backfilled recent notifications {"count": 0, "queryFloorIso": "2026-05-17T19:19:47.363Z", "reason": "recovery-poll"}
 LOG  [notification-toast] Backfilled recent notifications {"count": 0, "queryFloorIso": "2026-05-17T19:19:53.394Z", "reason": "recovery-poll"}
 LOG  [notification-toast] Disposed notification toast channel {"activeUserId": "700ad348-3141-4bac-a7e9-717d84dd495b", "reason": "app-state:background"}
 INFO  [LoadTime][Wallet] mount {"details": {"balance": 0, "role": "unknown", "user": "signed-in"}, "startedAt": "2026-05-17T19:20:18.629Z"}
 INFO  [LoadTime][Wallet] query-start {"query": "walletSummary", "status": "pending"}
 INFO  [LoadTime][Route] leave {"durationMs": 29149, "route": "/(tabs)/feed"}
 INFO  [LoadTime][Route] enter {"route": "/wallet", "startedAt": "2026-05-17T19:20:19.012Z"}
 LOG  [notification-toast] Notification toast channel status {"activeUserId": "700ad348-3141-4bac-a7e9-717d84dd495b", "reason": "foreground", "status": "SUBSCRIBED"}
 LOG  [notification-toast] Backfilled recent notifications {"count": 0, "queryFloorIso": "2026-05-17T19:20:03.161Z", "reason": "foreground"}
 INFO  [LoadTime][Edge:withdrawals] complete {"action": "get_wallet_summary", "cursor": undefined, "durationMs": 1280, "hasUserId": false, "keys": ["action"], "limit": undefined}
 INFO  [LoadTime][Wallet] query-complete {"durationMs": 1402, "error": undefined, "query": "walletSummary", "status": "success", "updatedAt": "2026-05-17T19:20:19.913Z"}
 INFO  [LoadTime][Wallet] load-complete {"counts": {"payoutMethods": 0, "transactions": 0, "unpaidBookings": 0, "withdrawals": 0}, "details": {"balance": 0, "role": "producer", "user": "signed-in"}, "durationMs": 1630}
 INFO  [LoadTime][Wallet] first-ready {"counts": {"payoutMethods": 0, "transactions": 0, "unpaidBookings": 0, "withdrawals": 0}, "details": {"balance": 0, "role": "producer", "user": "signed-in"}, "durationMs": 1632, "renderCount": 4}
 LOG  [bottom-overlay:navbar] hide-requested {"activeCount": 1, "at": "2026-05-17T19:20:22.299Z", "labels": ["WalletWithdrawModal"], "previousActive": false, "previousLabels": [], "source": "register:WalletWithdrawModal"}
 WARN  Couldn't find the scrollable node handle id!
 LOG  [notification-toast] Backfilled recent notifications {"count": 0, "queryFloorIso": "2026-05-17T19:20:04.025Z", "reason": "recovery-poll"}
 LOG  [bottom-overlay:navbar] hide-requested {"activeCount": 2, "at": "2026-05-17T19:20:25.617Z", "labels": ["WalletWithdrawModal", "WalletAddPayoutModal"], "previousActive": true, "previousLabels": ["WalletWithdrawModal"], "source": "register:WalletAddPayoutModal"}
 WARN  Couldn't find the scrollable node handle id!
 WARN  Couldn't find the scrollable node handle id!
 WARN  Couldn't find the scrollable node handle id!
 LOG  [bottom-overlay:navbar] hide-requested {"activeCount": 1, "at": "2026-05-17T19:20:26.486Z", "labels": ["WalletAddPayoutModal"], "previousActive": true, "previousLabels": ["WalletWithdrawModal", "WalletAddPayoutModal"], "source": "unregister:WalletWithdrawModal"}
 WARN  [bottom-overlay] Navbar still hidden after close signal {"activeCount": 1, "labels": ["WalletAddPayoutModal"], "source": "bottom-sheet:WalletWithdrawModal:fallback:animate:-1"}
 LOG  [notification-toast] Backfilled recent notifications {"count": 0, "queryFloorIso": "2026-05-17T19:20:10.064Z", "reason": "recovery-poll"}
 WARN  Couldn't find the scrollable node handle id!
 WARN  Couldn't find the scrollable node handle id!
 WARN  Couldn't find the scrollable node handle id!
 WARN  Couldn't find the scrollable node handle id!
 WARN  Couldn't find the scrollable node handle id!
 WARN  Couldn't find the scrollable node handle id!
 WARN  Couldn't find the scrollable node handle id!
 WARN  Couldn't find the scrollable node handle id!
 WARN  Couldn't find the scrollable node handle id!
 WARN  Couldn't find the scrollable node handle id!
 WARN  Couldn't find the scrollable node handle id!
 WARN  Couldn't find the scrollable node handle id!
 WARN  Couldn't find the scrollable node handle id!
 WARN  Couldn't find the scrollable node handle id!
 LOG  [notification-toast] Backfilled recent notifications {"count": 0, "queryFloorIso": "2026-05-17T19:20:16.083Z", "reason": "recovery-poll"}
 LOG  [notification-toast] Backfilled recent notifications {"count": 0, "queryFloorIso": "2026-05-17T19:20:22.271Z", "reason": "recovery-poll"}
 LOG  [notification-toast] Backfilled recent notifications {"count": 0, "queryFloorIso": "2026-05-17T19:20:28.143Z", "reason": "recovery-poll"}
 LOG  [notification-toast] Backfilled recent notifications {"count": 0, "queryFloorIso": "2026-05-17T19:20:34.174Z", "reason": "recovery-poll"}
 LOG  [notification-toast] Backfilled recent notifications {"count": 0, "queryFloorIso": "2026-05-17T19:20:40.205Z", "reason": "recovery-poll"}
 LOG  [notification-toast] Backfilled recent notifications {"count": 0, "queryFloorIso": "2026-05-17T19:20:46.236Z", "reason": "recovery-poll"}
 WARN  Couldn't find the scrollable node handle id!
 WARN  Couldn't find the scrollable node handle id!
 LOG  [notification-toast] Backfilled recent notifications {"count": 0, "queryFloorIso": "2026-05-17T19:20:52.266Z", "reason": "recovery-poll"}
 WARN  Couldn't find the scrollable node handle id!
 WARN  Couldn't find the scrollable node handle id!
 LOG  [bottom-overlay:navbar] show-requested {"activeCount": 0, "at": "2026-05-17T19:21:14.535Z", "labels": [], "previousActive": true, "previousLabels": ["WalletAddPayoutModal"], "source": "unregister:WalletAddPayoutModal"}
 WARN  Couldn't find the scrollable node handle id!
 WARN  Couldn't find the scrollable node handle id!
 LOG  [notification-toast] Backfilled recent notifications {"count": 0, "queryFloorIso": "2026-05-17T19:20:58.295Z", "reason": "recovery-poll"}
 LOG  [notification-toast] Backfilled recent notifications {"count": 0, "queryFloorIso": "2026-05-17T19:21:04.326Z", "reason": "recovery-poll"}
 LOG  [notification-toast] Backfilled recent notifications {"count": 0, "queryFloorIso": "2026-05-17T19:21:10.358Z", "reason": "recovery-poll"}
 LOG  [notification-toast] Backfilled recent notifications {"count": 0, "queryFloorIso": "2026-05-17T19:21:16.387Z", "reason": "recovery-poll"}
 LOG  [notification-toast] Backfilled recent notifications {"count": 0, "queryFloorIso": "2026-05-17T19:21:22.418Z", "reason": "recovery-poll"}
 LOG  [notification-toast] Backfilled recent notifications {"count": 0, "queryFloorIso": "2026-05-17T19:21:28.449Z", "reason": "recovery-poll"}
Android .\index.js ░░░░░░░░░░░░░░░░  0.0% (0/1)
Android Bundled 170ms index.js (1 module)
 INFO  [radio] react-native-track-player unavailable; radio playback is disabled until you run a native dev build.
 WARN  SafeAreaView has been deprecated and will be removed in a future release. Please use 'react-native-safe-area-context' instead. See https://github.com/th3rdwave/react-native-safe-area-context
 WARN  [expo-av]: Expo AV has been deprecated and will be removed in SDK 54. Use the `expo-audio` and `expo-video` packages to replace the required functionality.
 INFO  [push] expo-notifications unavailable; native push registration is disabled until dependencies are installed and Metro is restarted.
 INFO  [LoadTime][Route] enter {"route": "/", "startedAt": "2026-05-17T19:21:58.826Z"}
Android .\index.js ░░░░░░░░░░░░░░░░  0.0% (0/1)
Android Bundled 130ms index.js (1 module)
 INFO  [radio] react-native-track-player unavailable; radio playback is disabled until you run a native dev build.
 WARN  SafeAreaView has been deprecated and will be removed in a future release. Please use 'react-native-safe-area-context' instead. See https://github.com/th3rdwave/react-native-safe-area-context
 WARN  [expo-av]: Expo AV has been deprecated and will be removed in SDK 54. Use the `expo-audio` and `expo-video` packages to replace the required functionality.
 INFO  [push] expo-notifications unavailable; native push registration is disabled until dependencies are installed and Metro is restarted.
 INFO  [LoadTime][Route] enter {"route": "/", "startedAt": "2026-05-17T19:24:12.613Z"}
 INFO  [LoadTime][Route] leave {"durationMs": 2420, "route": "/"}
 INFO  [LoadTime][Feed] mount {"details": {"hasMore": false, "tab": "for_you", "user": "guest"}, "startedAt": "2026-05-17T19:24:16.566Z"}
 INFO  [LoadTime][Route] enter {"route": "/(tabs)/feed", "startedAt": "2026-05-17T19:24:16.591Z"}
 LOG  [notification-toast] Notification toast channel status {"activeUserId": "a312f668-1e78-4a6a-a13f-143c74befc02", "reason": "initial", "status": "SUBSCRIBED"}
 INFO  [LoadTime][Feed] query-start {"query": "forYouFeed", "status": "pending"}
 LOG  [notification-toast] Backfilled recent notifications {"count": 0, "queryFloorIso": "2026-05-17T19:19:02.018Z", "reason": "subscribed:initial"}
 INFO  [LoadTime][Edge:manage-social-feed] complete {"action": "get_feed", "cursor": undefined, "durationMs": 2105, "hasUserId": true, "keys": ["action", "cursor", "feed_type", "limit", "personalize", "userId"], "limit": 12}
 INFO  [LoadTime][Feed] primary-page-parsed {"append": false, "feedTab": "for_you", "pages": 1, "posts": 2}
 INFO  [LoadTime][Feed] snapshot-ready {"aiCards": 0, "feedTab": "for_you", "hasMore": false, "posts": 2}
 INFO  [LoadTime][Feed] load-complete {"counts": {"aiCards": 0, "followingEntities": 0, "posts": 2}, "details": {"hasMore": false, "tab": "for_you", "user": "signed-in"}, "durationMs": 4178}
 INFO  [LoadTime][Feed] first-ready {"counts": {"aiCards": 0, "followingEntities": 0, "posts": 2}, "details": {"hasMore": false, "tab": "for_you", "user": "signed-in"}, "durationMs": 4180, "renderCount": 10}
 INFO  [LoadTime][Feed] query-complete {"durationMs": 2370, "error": undefined, "query": "forYouFeed", "status": "success", "updatedAt": "2026-05-17T19:24:19.947Z"}
 INFO  [LoadTime][FeedRadio] fetch-start {"details": {"includeItems": true}}
 INFO  [LoadTime][FeedRadio] edge-complete {"details": {"featuredOnly": true, "playableStations": 1, "stations": 1}, "durationMs": 748}
 INFO  [LoadTime][FeedRadio] fetch-complete {"details": {"playableStations": 1, "stations": 1}, "durationMs": 752}
 WARN  [GROQ_ROUTER] Request failed {"apiKeySignature": "len=56 prefix=gsk_zq suffix=j7J5Bx", "apiKeySource": "process.env.EXPO_PUBLIC_GROQ_API_KEY", "message": "Invalid API Key", "modelId": "llama-3.3-70b-versatile", "modelSource": "default.llama-3.3-70b-versatile", "status": 401}
 WARN  [GROQ_ROUTER] Request exception {"apiKeySignature": "len=56 prefix=gsk_zq suffix=j7J5Bx", "apiKeySource": "process.env.EXPO_PUBLIC_GROQ_API_KEY", "message": "Invalid API Key", "modelId": "llama-3.3-70b-versatile", "modelSource": "default.llama-3.3-70b-versatile"}
 LOG  [notification-toast] Backfilled recent notifications {"count": 0, "queryFloorIso": "2026-05-17T19:24:02.425Z", "reason": "recovery-poll"}
 LOG  [notification-toast] Backfilled recent notifications {"count": 0, "queryFloorIso": "2026-05-17T19:24:08.039Z", "reason": "recovery-poll"}
 LOG  [notification-toast] Backfilled recent notifications {"count": 0, "queryFloorIso": "2026-05-17T19:24:14.070Z", "reason": "recovery-poll"}
 LOG  [notification-toast] Backfilled recent notifications {"count": 0, "queryFloorIso": "2026-05-17T19:24:20.100Z", "reason": "recovery-poll"}
 LOG  [notification-toast] Disposed notification toast channel {"activeUserId": "a312f668-1e78-4a6a-a13f-143c74befc02", "reason": "app-state:background"}
 INFO  [LoadTime][Wallet] mount {"details": {"balance": 0, "role": "unknown", "user": "signed-in"}, "startedAt": "2026-05-17T19:24:43.964Z"}
 INFO  [LoadTime][Wallet] query-start {"query": "walletSummary", "status": "pending"}
 INFO  [LoadTime][Route] leave {"durationMs": 27757, "route": "/(tabs)/feed"}
 INFO  [LoadTime][Route] enter {"route": "/wallet", "startedAt": "2026-05-17T19:24:44.349Z"}
 LOG  [notification-toast] Notification toast channel status {"activeUserId": "a312f668-1e78-4a6a-a13f-143c74befc02", "reason": "foreground", "status": "SUBSCRIBED"}
 LOG  [bottom-overlay:navbar] hide-requested {"activeCount": 1, "at": "2026-05-17T19:24:47.104Z", "labels": ["WalletWithdrawModal"], "previousActive": false, "previousLabels": [], "source": "register:WalletWithdrawModal"}
 WARN  Couldn't find the scrollable node handle id!
 INFO  [LoadTime][Edge:withdrawals] complete {"action": "get_wallet_summary", "cursor": undefined, "durationMs": 3717, "hasUserId": false, "keys": ["action"], "limit": undefined}
 LOG  [notification-toast] Backfilled recent notifications {"count": 0, "queryFloorIso": "2026-05-17T19:24:28.487Z", "reason": "recovery-poll"}
 INFO  [LoadTime][Wallet] query-complete {"durationMs": 3840, "error": undefined, "query": "walletSummary", "status": "success", "updatedAt": "2026-05-17T19:24:47.681Z"}
 INFO  [LoadTime][Wallet] load-complete {"counts": {"payoutMethods": 1, "transactions": 0, "unpaidBookings": 0, "withdrawals": 0}, "details": {"balance": 1000, "role": "producer", "user": "signed-in"}, "durationMs": 4097}
 INFO  [LoadTime][Wallet] first-ready {"counts": {"payoutMethods": 1, "transactions": 0, "unpaidBookings": 0, "withdrawals": 0}, "details": {"balance": 1000, "role": "producer", "user": "signed-in"}, "durationMs": 4099, "renderCount": 5}
 WARN  Couldn't find the scrollable node handle id!
 WARN  Couldn't find the scrollable node handle id!
 LOG  [notification-toast] Backfilled recent notifications {"count": 0, "queryFloorIso": "2026-05-17T19:24:32.406Z", "reason": "recovery-poll"}
 WARN  Couldn't find the scrollable node handle id!
 LOG  [notification-toast] Backfilled recent notifications {"count": 0, "queryFloorIso": "2026-05-17T19:24:38.408Z", "reason": "recovery-poll"}
 LOG  [notification-toast] Backfilled recent notifications {"count": 0, "queryFloorIso": "2026-05-17T19:24:44.439Z", "reason": "recovery-poll"}
 LOG  [notification-toast] Backfilled recent notifications {"count": 0, "queryFloorIso": "2026-05-17T19:24:50.469Z", "reason": "recovery-poll"}
 LOG  [notification-toast] Backfilled recent notifications {"count": 0, "queryFloorIso": "2026-05-17T19:24:56.500Z", "reason": "recovery-poll"}
 WARN  Couldn't find the scrollable node handle id!
 LOG  [notification-toast] Backfilled recent notifications {"count": 0, "queryFloorIso": "2026-05-17T19:25:02.529Z", "reason": "recovery-poll"}
 WARN  Couldn't find the scrollable node handle id!
 LOG  [notification-toast] Backfilled recent notifications {"count": 0, "queryFloorIso": "2026-05-17T19:25:08.560Z", "reason": "recovery-poll"}
 LOG  [notification-toast] Backfilled recent notifications {"count": 0, "queryFloorIso": "2026-05-17T19:25:14.591Z", "reason": "recovery-poll"}
 LOG  [notification-toast] Backfilled recent notifications {"count": 0, "queryFloorIso": "2026-05-17T19:25:20.621Z", "reason": "recovery-poll"}
 LOG  [notification-toast] Backfilled recent notifications {"count": 0, "queryFloorIso": "2026-05-17T19:25:26.652Z", "reason": "recovery-poll"}
 LOG  [notification-toast] Backfilled recent notifications {"count": 0, "queryFloorIso": "2026-05-17T19:25:32.682Z", "reason": "recovery-poll"}
Android .\index.js ░░░░░░░░░░░░░░░░  0.0% (0/1)
Android Bundled 112ms index.js (1 module)
 INFO  [radio] react-native-track-player unavailable; radio playback is disabled until you run a native dev build.
 WARN  SafeAreaView has been deprecated and will be removed in a future release. Please use 'react-native-safe-area-context' instead. See https://github.com/th3rdwave/react-native-safe-area-context
 WARN  [expo-av]: Expo AV has been deprecated and will be removed in SDK 54. Use the `expo-audio` and `expo-video` packages to replace the required functionality.
 INFO  [push] expo-notifications unavailable; native push registration is disabled until dependencies are installed and Metro is restarted.
 INFO  [LoadTime][Route] enter {"route": "/", "startedAt": "2026-05-17T19:26:02.196Z"}
Android .\index.js ░░░░░░░░░░░░░░░░  0.0% (0/1)
Android Bundled 116ms index.js (1 module)
 INFO  [radio] react-native-track-player unavailable; radio playback is disabled until you run a native dev build.
 WARN  SafeAreaView has been deprecated and will be removed in a future release. Please use 'react-native-safe-area-context' instead. See https://github.com/th3rdwave/react-native-safe-area-context
 WARN  [expo-av]: Expo AV has been deprecated and will be removed in SDK 54. Use the `expo-audio` and `expo-video` packages to replace the required functionality.
 INFO  [push] expo-notifications unavailable; native push registration is disabled until dependencies are installed and Metro is restarted.
 INFO  [LoadTime][Route] enter {"route": "/", "startedAt": "2026-05-17T19:28:15.531Z"}
 INFO  [LoadTime][Route] leave {"durationMs": 2586, "route": "/"}
 INFO  [LoadTime][Feed] mount {"details": {"hasMore": false, "tab": "for_you", "user": "guest"}, "startedAt": "2026-05-17T19:28:19.816Z"}
 INFO  [LoadTime][Route] enter {"route": "/(tabs)/feed", "startedAt": "2026-05-17T19:28:19.840Z"}
 LOG  [notification-toast] Notification toast channel status {"activeUserId": "3932bcc7-5bb8-4a5c-9b48-19154564aa9d", "reason": "initial", "status": "SUBSCRIBED"}
 INFO  [LoadTime][Feed] query-start {"query": "forYouFeed", "status": "pending"}
 LOG  [notification-toast] Backfilled recent notifications {"count": 0, "queryFloorIso": "2026-05-17T19:23:05.272Z", "reason": "subscribed:initial"}
 INFO  [LoadTime][Edge:manage-social-feed] complete {"action": "get_feed", "cursor": undefined, "durationMs": 927, "hasUserId": true, "keys": ["action", "cursor", "feed_type", "limit", "personalize", "userId"], "limit": 12}
 INFO  [LoadTime][Feed] primary-page-parsed {"append": false, "feedTab": "for_you", "pages": 1, "posts": 2}
 INFO  [LoadTime][Feed] snapshot-ready {"aiCards": 0, "feedTab": "for_you", "hasMore": false, "posts": 2}
 INFO  [LoadTime][Feed] load-complete {"counts": {"aiCards": 0, "followingEntities": 0, "posts": 2}, "details": {"hasMore": false, "tab": "for_you", "user": "signed-in"}, "durationMs": 3491}
 INFO  [LoadTime][Feed] first-ready {"counts": {"aiCards": 0, "followingEntities": 0, "posts": 2}, "details": {"hasMore": false, "tab": "for_you", "user": "signed-in"}, "durationMs": 3493, "renderCount": 11}
 INFO  [LoadTime][Feed] query-complete {"durationMs": 1167, "error": undefined, "query": "forYouFeed", "status": "success", "updatedAt": "2026-05-17T19:28:22.522Z"}
 INFO  [LoadTime][FeedRadio] fetch-start {"details": {"includeItems": true}}
 INFO  [LoadTime][FeedRadio] edge-complete {"details": {"featuredOnly": true, "playableStations": 1, "stations": 1}, "durationMs": 755}
 INFO  [LoadTime][FeedRadio] fetch-complete {"details": {"playableStations": 1, "stations": 1}, "durationMs": 757}
 WARN  [GROQ_ROUTER] Request failed {"apiKeySignature": "len=56 prefix=gsk_zq suffix=j7J5Bx", "apiKeySource": "process.env.EXPO_PUBLIC_GROQ_API_KEY", "message": "Invalid API Key", "modelId": "llama-3.3-70b-versatile", "modelSource": "default.llama-3.3-70b-versatile", "status": 401}
 WARN  [GROQ_ROUTER] Request exception {"apiKeySignature": "len=56 prefix=gsk_zq suffix=j7J5Bx", "apiKeySource": "process.env.EXPO_PUBLIC_GROQ_API_KEY", "message": "Invalid API Key", "modelId": "llama-3.3-70b-versatile", "modelSource": "default.llama-3.3-70b-versatile"}
 LOG  [notification-toast] Backfilled recent notifications {"count": 0, "queryFloorIso": "2026-05-17T19:28:05.949Z", "reason": "recovery-poll"}
 LOG  [notification-toast] Backfilled recent notifications {"count": 0, "queryFloorIso": "2026-05-17T19:28:11.307Z", "reason": "recovery-poll"}
 LOG  [notification-toast] Backfilled recent notifications {"count": 0, "queryFloorIso": "2026-05-17T19:28:17.337Z", "reason": "recovery-poll"}
 LOG  [notification-toast] Backfilled recent notifications {"count": 0, "queryFloorIso": "2026-05-17T19:28:23.368Z", "reason": "recovery-poll"}
 LOG  [notification-toast] Disposed notification toast channel {"activeUserId": "3932bcc7-5bb8-4a5c-9b48-19154564aa9d", "reason": "app-state:background"}
 INFO  [LoadTime][Bookings] mount {"details": {"activeTab": "Pending", "role": "unknown", "viewMode": "bookings"}, "startedAt": "2026-05-17T19:28:49.323Z"}
 INFO  [LoadTime][Bookings] first-ready {"counts": {"activeMusicians": 0, "applicants": 0, "history": 0, "ongoing": 0, "pending": 0, "pendingPermits": 0, "review": 0, "upcoming": 0}, "details": {"activeTab": "Pending", "role": "unknown", "viewMode": "bookings"}, "durationMs": 261, "renderCount": 1}
 INFO  [LoadTime][Bookings] query-start {"query": "bookingsSummary", "status": "pending"}
 INFO  [LoadTime][Route] leave {"durationMs": 29890, "route": "/(tabs)/feed"}
 INFO  [LoadTime][Route] enter {"route": "/(tabs)/bookings", "startedAt": "2026-05-17T19:28:49.731Z"}
 LOG  [notification-toast] Notification toast channel status {"activeUserId": "3932bcc7-5bb8-4a5c-9b48-19154564aa9d", "reason": "foreground", "status": "SUBSCRIBED"}
 LOG  [notification-toast] Backfilled recent notifications {"count": 0, "queryFloorIso": "2026-05-17T19:28:33.688Z", "reason": "foreground"}
 INFO  [LoadTime][Edge:manage-bookings] complete {"action": "fetch", "cursor": undefined, "durationMs": 1770, "hasUserId": true, "keys": ["action", "includeScreenPayload", "userId"], "limit": undefined}
 INFO  [LoadTime][Bookings] query-complete {"durationMs": 1842, "error": undefined, "query": "bookingsSummary", "status": "success", "updatedAt": "2026-05-17T19:28:51.096Z"}
 INFO  [LoadTime][Bookings] load-complete {"counts": {"activeMusicians": 0, "applicants": 0, "history": 0, "ongoing": 0, "pending": 0, "pendingPermits": 0, "review": 0, "upcoming": 1}, "details": {"activeTab": "Pending", "role": "musician", "viewMode": "bookings"}, "durationMs": 2486}
 LOG  [notification-toast] Backfilled recent notifications {"count": 0, "queryFloorIso": "2026-05-17T19:28:34.747Z", "reason": "recovery-poll"}
 LOG  [notification-toast] Backfilled recent notifications {"count": 0, "queryFloorIso": "2026-05-17T19:28:40.776Z", "reason": "recovery-poll"}
 LOG  [notification-toast] Backfilled recent notifications {"count": 0, "queryFloorIso": "2026-05-17T19:28:46.808Z", "reason": "recovery-poll"}
 LOG  [notification-toast] Backfilled recent notifications {"count": 0, "queryFloorIso": "2026-05-17T19:28:52.837Z", "reason": "recovery-poll"}
 LOG  [notification-toast] Backfilled recent notifications {"count": 0, "queryFloorIso": "2026-05-17T19:28:58.868Z", "reason": "recovery-poll"}
 LOG  [notification-toast] Backfilled recent notifications {"count": 0, "queryFloorIso": "2026-05-17T19:29:04.899Z", "reason": "recovery-poll"}
 LOG  [notification-toast] Backfilled recent notifications {"count": 0, "queryFloorIso": "2026-05-17T19:29:10.929Z", "reason": "recovery-poll"}
 INFO  [LoadTime][Bookings] query-start {"query": "bookingsSummary", "status": "success"}
 LOG  [notification-toast] Backfilled recent notifications {"count": 0, "queryFloorIso": "2026-05-17T19:29:16.959Z", "reason": "recovery-poll"}
 INFO  [LoadTime][Edge:manage-bookings] complete {"action": "fetch", "cursor": undefined, "durationMs": 1211, "hasUserId": true, "keys": ["action", "includeScreenPayload", "userId"], "limit": undefined}
 INFO  [LoadTime][Bookings] query-complete {"durationMs": 1241, "error": undefined, "query": "bookingsSummary", "status": "success", "updatedAt": "2026-05-17T19:29:38.931Z"}
Android .\index.js ░░░░░░░░░░░░░░░░  0.0% (0/1)
Android Bundled 196ms index.js (1 module)
 INFO  [radio] react-native-track-player unavailable; radio playback is disabled until you run a native dev build.
 WARN  SafeAreaView has been deprecated and will be removed in a future release. Please use 'react-native-safe-area-context' instead. See https://github.com/th3rdwave/react-native-safe-area-context
 WARN  [expo-av]: Expo AV has been deprecated and will be removed in SDK 54. Use the `expo-audio` and `expo-video` packages to replace the required functionality.
 INFO  [push] expo-notifications unavailable; native push registration is disabled until dependencies are installed and Metro is restarted.
 INFO  [LoadTime][Route] enter {"route": "/", "startedAt": "2026-05-17T19:29:49.371Z"}
Android .\index.js ░░░░░░░░░░░░░░░░  0.0% (0/1)
Android Bundled 158ms index.js (1 module)
 INFO  [radio] react-native-track-player unavailable; radio playback is disabled until you run a native dev build.
 WARN  SafeAreaView has been deprecated and will be removed in a future release. Please use 'react-native-safe-area-context' instead. See https://github.com/th3rdwave/react-native-safe-area-context
 WARN  [expo-av]: Expo AV has been deprecated and will be removed in SDK 54. Use the `expo-audio` and `expo-video` packages to replace the required functionality.
 INFO  [push] expo-notifications unavailable; native push registration is disabled until dependencies are installed and Metro is restarted.
 INFO  [LoadTime][Route] enter {"route": "/", "startedAt": "2026-05-17T19:32:03.796Z"}
 INFO  [LoadTime][Route] leave {"durationMs": 2358, "route": "/"}
 INFO  [LoadTime][Feed] mount {"details": {"hasMore": false, "tab": "for_you", "user": "guest"}, "startedAt": "2026-05-17T19:32:07.633Z"}
 INFO  [LoadTime][Route] enter {"route": "/(tabs)/feed", "startedAt": "2026-05-17T19:32:07.656Z"}
 LOG  [notification-toast] Notification toast channel status {"activeUserId": "1f8f3aef-01cf-4003-827f-5b03ad1c6ed8", "reason": "initial", "status": "SUBSCRIBED"}
 INFO  [LoadTime][Feed] query-start {"query": "forYouFeed", "status": "pending"}
 LOG  [notification-toast] Backfilled recent notifications {"count": 0, "queryFloorIso": "2026-05-17T19:26:53.071Z", "reason": "subscribed:initial"}
 INFO  [LoadTime][Edge:manage-social-feed] complete {"action": "get_feed", "cursor": undefined, "durationMs": 1428, "hasUserId": true, "keys": ["action", "cursor", "feed_type", "limit", "personalize", "userId"], "limit": 12}
 INFO  [LoadTime][Feed] primary-page-parsed {"append": false, "feedTab": "for_you", "pages": 1, "posts": 2}
 INFO  [LoadTime][Feed] snapshot-ready {"aiCards": 0, "feedTab": "for_you", "hasMore": false, "posts": 2}
 INFO  [LoadTime][Feed] load-complete {"counts": {"aiCards": 0, "followingEntities": 0, "posts": 2}, "details": {"hasMore": false, "tab": "for_you", "user": "signed-in"}, "durationMs": 3561}
 INFO  [LoadTime][Feed] first-ready {"counts": {"aiCards": 0, "followingEntities": 0, "posts": 2}, "details": {"hasMore": false, "tab": "for_you", "user": "signed-in"}, "durationMs": 3563, "renderCount": 11}
 INFO  [LoadTime][Feed] query-complete {"durationMs": 1712, "error": undefined, "query": "forYouFeed", "status": "success", "updatedAt": "2026-05-17T19:32:10.359Z"}
 INFO  [LoadTime][FeedRadio] fetch-start {"details": {"includeItems": true}}
 INFO  [LoadTime][FeedRadio] edge-complete {"details": {"featuredOnly": true, "playableStations": 1, "stations": 1}, "durationMs": 809}
 INFO  [LoadTime][FeedRadio] fetch-complete {"details": {"playableStations": 1, "stations": 1}, "durationMs": 814}
 WARN  [GROQ_ROUTER] Request failed {"apiKeySignature": "len=56 prefix=gsk_zq suffix=j7J5Bx", "apiKeySource": "process.env.EXPO_PUBLIC_GROQ_API_KEY", "message": "Invalid API Key", "modelId": "llama-3.3-70b-versatile", "modelSource": "default.llama-3.3-70b-versatile", "status": 401}
 WARN  [GROQ_ROUTER] Request exception {"apiKeySignature": "len=56 prefix=gsk_zq suffix=j7J5Bx", "apiKeySource": "process.env.EXPO_PUBLIC_GROQ_API_KEY", "message": "Invalid API Key", "modelId": "llama-3.3-70b-versatile", "modelSource": "default.llama-3.3-70b-versatile"}
 LOG  [notification-toast] Backfilled recent notifications {"count": 0, "queryFloorIso": "2026-05-17T19:31:53.514Z", "reason": "recovery-poll"}
 LOG  [notification-toast] Backfilled recent notifications {"count": 0, "queryFloorIso": "2026-05-17T19:31:59.099Z", "reason": "recovery-poll"}
 LOG  [notification-toast] Backfilled recent notifications {"count": 0, "queryFloorIso": "2026-05-17T19:32:05.129Z", "reason": "recovery-poll"}
 LOG  [notification-toast] Backfilled recent notifications {"count": 0, "queryFloorIso": "2026-05-17T19:32:11.160Z", "reason": "recovery-poll"}
 LOG  [notification-toast] Disposed notification toast channel {"activeUserId": "1f8f3aef-01cf-4003-827f-5b03ad1c6ed8", "reason": "app-state:background"}
 INFO  [LoadTime][Bookings] mount {"details": {"activeTab": "Pending", "role": "unknown", "viewMode": "bookings"}, "startedAt": "2026-05-17T19:32:35.736Z"}
 INFO  [LoadTime][Bookings] first-ready {"counts": {"activeMusicians": 0, "applicants": 0, "history": 0, "ongoing": 0, "pending": 0, "pendingPermits": 0, "review": 0, "upcoming": 0}, "details": {"activeTab": "Pending", "role": "unknown", "viewMode": "bookings"}, "durationMs": 244, "renderCount": 1}
 INFO  [LoadTime][Bookings] query-start {"query": "bookingsSummary", "status": "pending"}
 INFO  [LoadTime][Route] leave {"durationMs": 28464, "route": "/(tabs)/feed"}
 INFO  [LoadTime][Route] enter {"route": "/(tabs)/bookings", "startedAt": "2026-05-17T19:32:36.121Z"}
 LOG  [notification-toast] Notification toast channel status {"activeUserId": "1f8f3aef-01cf-4003-827f-5b03ad1c6ed8", "reason": "foreground", "status": "SUBSCRIBED"}
 LOG  [notification-toast] Backfilled recent notifications {"count": 0, "queryFloorIso": "2026-05-17T19:32:20.127Z", "reason": "subscribed:foreground"}
 INFO  [LoadTime][Edge:manage-bookings] complete {"action": "fetch", "cursor": undefined, "durationMs": 1667, "hasUserId": true, "keys": ["action", "includeScreenPayload", "userId"], "limit": undefined}
 INFO  [LoadTime][Bookings] query-complete {"durationMs": 1762, "error": undefined, "query": "bookingsSummary", "status": "success", "updatedAt": "2026-05-17T19:32:37.406Z"}
 INFO  [LoadTime][Bookings] load-complete {"counts": {"activeMusicians": 0, "applicants": 0, "history": 0, "ongoing": 0, "pending": 1, "pendingPermits": 0, "review": 0, "upcoming": 0}, "details": {"activeTab": "Pending", "role": "studio-owner", "viewMode": "bookings"}, "durationMs": 2191}
 LOG  [notification-toast] Backfilled recent notifications {"count": 0, "queryFloorIso": "2026-05-17T19:32:21.263Z", "reason": "recovery-poll"}
 LOG  [notification-toast] Backfilled recent notifications {"count": 0, "queryFloorIso": "2026-05-17T19:32:27.152Z", "reason": "recovery-poll"}
 LOG  [notification-toast] Backfilled recent notifications {"count": 0, "queryFloorIso": "2026-05-17T19:32:33.182Z", "reason": "recovery-poll"}
 LOG  [notification-toast] Backfilled recent notifications {"count": 0, "queryFloorIso": "2026-05-17T19:32:39.213Z", "reason": "recovery-poll"}
 LOG  [notification-toast] Backfilled recent notifications {"count": 0, "queryFloorIso": "2026-05-17T19:32:45.244Z", "reason": "recovery-poll"}
 LOG  [notification-toast] Backfilled recent notifications {"count": 0, "queryFloorIso": "2026-05-17T19:32:51.274Z", "reason": "recovery-poll"}
 LOG  [notification-toast] Backfilled recent notifications {"count": 0, "queryFloorIso": "2026-05-17T19:32:57.305Z", "reason": "recovery-poll"}
 INFO  [LoadTime][Bookings] query-start {"query": "bookingsSummary", "status": "success"}
 LOG  [notification-toast] Backfilled recent notifications {"count": 0, "queryFloorIso": "2026-05-17T19:33:03.336Z", "reason": "recovery-poll"}
 INFO  [LoadTime][Edge:manage-bookings] complete {"action": "fetch", "cursor": undefined, "durationMs": 1079, "hasUserId": true, "keys": ["action", "includeScreenPayload", "userId"], "limit": undefined}
 INFO  [LoadTime][Bookings] query-complete {"durationMs": 1115, "error": undefined, "query": "bookingsSummary", "status": "success", "updatedAt": "2026-05-17T19:33:24.824Z"}
Android .\index.js ░░░░░░░░░░░░░░░░  0.0% (0/1)
Android Bundled 108ms index.js (1 module)
 INFO  [radio] react-native-track-player unavailable; radio playback is disabled until you run a native dev build.
 WARN  SafeAreaView has been deprecated and will be removed in a future release. Please use 'react-native-safe-area-context' instead. See https://github.com/th3rdwave/react-native-safe-area-context
 WARN  [expo-av]: Expo AV has been deprecated and will be removed in SDK 54. Use the `expo-audio` and `expo-video` packages to replace the required functionality.
 INFO  [push] expo-notifications unavailable; native push registration is disabled until dependencies are installed and Metro is restarted.
 INFO  [LoadTime][Route] enter {"route": "/", "startedAt": "2026-05-17T19:33:36.102Z"}
Android .\index.js ░░░░░░░░░░░░░░░░  0.0% (0/1)
Android Bundled 109ms index.js (1 module)
 INFO  [radio] react-native-track-player unavailable; radio playback is disabled until you run a native dev build.
 WARN  SafeAreaView has been deprecated and will be removed in a future release. Please use 'react-native-safe-area-context' instead. See https://github.com/th3rdwave/react-native-safe-area-context
 WARN  [expo-av]: Expo AV has been deprecated and will be removed in SDK 54. Use the `expo-audio` and `expo-video` packages to replace the required functionality.
 INFO  [push] expo-notifications unavailable; native push registration is disabled until dependencies are installed and Metro is restarted.
 INFO  [LoadTime][Route] enter {"route": "/", "startedAt": "2026-05-17T19:35:50.105Z"}
 INFO  [LoadTime][Route] leave {"durationMs": 2547, "route": "/"}
 INFO  [LoadTime][Feed] mount {"details": {"hasMore": false, "tab": "for_you", "user": "guest"}, "startedAt": "2026-05-17T19:35:54.328Z"}
 INFO  [LoadTime][Route] enter {"route": "/(tabs)/feed", "startedAt": "2026-05-17T19:35:54.351Z"}
 LOG  [notification-toast] Notification toast channel status {"activeUserId": "bf4b1949-e744-4893-a07d-682277887573", "reason": "initial", "status": "SUBSCRIBED"}
 INFO  [LoadTime][Feed] query-start {"query": "forYouFeed", "status": "pending"}
 LOG  [notification-toast] Backfilled recent notifications {"count": 0, "queryFloorIso": "2026-05-17T19:30:39.782Z", "reason": "subscribed:initial"}
 INFO  [LoadTime][Edge:manage-social-feed] complete {"action": "get_feed", "cursor": undefined, "durationMs": 902, "hasUserId": true, "keys": ["action", "cursor", "feed_type", "limit", "personalize", "userId"], "limit": 12}
 INFO  [LoadTime][Feed] primary-page-parsed {"append": false, "feedTab": "for_you", "pages": 1, "posts": 2}
 INFO  [LoadTime][Feed] snapshot-ready {"aiCards": 0, "feedTab": "for_you", "hasMore": false, "posts": 2}
 INFO  [LoadTime][Feed] load-complete {"counts": {"aiCards": 0, "followingEntities": 0, "posts": 2}, "details": {"hasMore": false, "tab": "for_you", "user": "signed-in"}, "durationMs": 3220}
 INFO  [LoadTime][Feed] first-ready {"counts": {"aiCards": 0, "followingEntities": 0, "posts": 2}, "details": {"hasMore": false, "tab": "for_you", "user": "signed-in"}, "durationMs": 3223, "renderCount": 10}
 INFO  [LoadTime][Feed] query-complete {"durationMs": 1258, "error": undefined, "query": "forYouFeed", "status": "success", "updatedAt": "2026-05-17T19:35:56.648Z"}
 INFO  [LoadTime][FeedRadio] fetch-start {"details": {"includeItems": true}}
 INFO  [LoadTime][FeedRadio] edge-complete {"details": {"featuredOnly": true, "playableStations": 1, "stations": 1}, "durationMs": 850}
 INFO  [LoadTime][FeedRadio] fetch-complete {"details": {"playableStations": 1, "stations": 1}, "durationMs": 854}
 WARN  [GROQ_ROUTER] Request failed {"apiKeySignature": "len=56 prefix=gsk_zq suffix=j7J5Bx", "apiKeySource": "process.env.EXPO_PUBLIC_GROQ_API_KEY", "message": "Invalid API Key", "modelId": "llama-3.3-70b-versatile", "modelSource": "default.llama-3.3-70b-versatile", "status": 401}
 WARN  [GROQ_ROUTER] Request exception {"apiKeySignature": "len=56 prefix=gsk_zq suffix=j7J5Bx", "apiKeySource": "process.env.EXPO_PUBLIC_GROQ_API_KEY", "message": "Invalid API Key", "modelId": "llama-3.3-70b-versatile", "modelSource": "default.llama-3.3-70b-versatile"}
 LOG  [notification-toast] Backfilled recent notifications {"count": 0, "queryFloorIso": "2026-05-17T19:35:40.197Z", "reason": "recovery-poll"}
 LOG  [notification-toast] Backfilled recent notifications {"count": 0, "queryFloorIso": "2026-05-17T19:35:45.808Z", "reason": "recovery-poll"}
 LOG  [notification-toast] Backfilled recent notifications {"count": 0, "queryFloorIso": "2026-05-17T19:35:51.838Z", "reason": "recovery-poll"}
 LOG  [notification-toast] Backfilled recent notifications {"count": 0, "queryFloorIso": "2026-05-17T19:35:57.869Z", "reason": "recovery-poll"}
 LOG  [notification-toast] Disposed notification toast channel {"activeUserId": "bf4b1949-e744-4893-a07d-682277887573", "reason": "app-state:background"}
 INFO  [LoadTime][Bookings] mount {"details": {"activeTab": "Pending", "role": "unknown", "viewMode": "bookings"}, "startedAt": "2026-05-17T19:36:22.198Z"}
 INFO  [LoadTime][Bookings] first-ready {"counts": {"activeMusicians": 0, "applicants": 0, "history": 0, "ongoing": 0, "pending": 0, "pendingPermits": 0, "review": 0, "upcoming": 0}, "details": {"activeTab": "Pending", "role": "unknown", "viewMode": "bookings"}, "durationMs": 249, "renderCount": 1}
 INFO  [LoadTime][Bookings] query-start {"query": "bookingsSummary", "status": "pending"}
 INFO  [LoadTime][Route] leave {"durationMs": 28213, "route": "/(tabs)/feed"}
 INFO  [LoadTime][Route] enter {"route": "/(tabs)/bookings", "startedAt": "2026-05-17T19:36:22.566Z"}
 LOG  [notification-toast] Notification toast channel status {"activeUserId": "bf4b1949-e744-4893-a07d-682277887573", "reason": "foreground", "status": "SUBSCRIBED"}
 INFO  [LoadTime][Edge:manage-bookings] complete {"action": "fetch", "cursor": undefined, "durationMs": 2230, "hasUserId": true, "keys": ["action", "includeScreenPayload", "userId"], "limit": undefined}
 INFO  [LoadTime][Bookings] query-complete {"durationMs": 2337, "error": undefined, "query": "bookingsSummary", "status": "success", "updatedAt": "2026-05-17T19:36:24.430Z"}
 INFO  [LoadTime][Bookings] load-complete {"counts": {"activeMusicians": 0, "applicants": 0, "history": 0, "ongoing": 0, "pending": 0, "pendingPermits": 0, "review": 0, "upcoming": 1}, "details": {"activeTab": "Pending", "role": "studio-owner", "viewMode": "bookings"}, "durationMs": 2684}
 LOG  [notification-toast] Backfilled recent notifications {"count": 0, "queryFloorIso": "2026-05-17T19:36:06.563Z", "reason": "recovery-poll"}
 LOG  [notification-toast] Backfilled recent notifications {"count": 0, "queryFloorIso": "2026-05-17T19:36:10.597Z", "reason": "recovery-poll"}
 LOG  [notification-toast] Backfilled recent notifications {"count": 0, "queryFloorIso": "2026-05-17T19:36:16.627Z", "reason": "recovery-poll"}
 LOG  [notification-toast] Backfilled recent notifications {"count": 0, "queryFloorIso": "2026-05-17T19:36:22.657Z", "reason": "recovery-poll"}
 LOG  [notification-toast] Backfilled recent notifications {"count": 0, "queryFloorIso": "2026-05-17T19:36:28.687Z", "reason": "recovery-poll"}
 LOG  [notification-toast] Backfilled recent notifications {"count": 0, "queryFloorIso": "2026-05-17T19:36:34.718Z", "reason": "recovery-poll"}
 LOG  [notification-toast] Backfilled recent notifications {"count": 0, "queryFloorIso": "2026-05-17T19:36:40.748Z", "reason": "recovery-poll"}
 LOG  [notification-toast] Backfilled recent notifications {"count": 0, "queryFloorIso": "2026-05-17T19:36:46.779Z", "reason": "recovery-poll"}
 INFO  [LoadTime][Bookings] query-start {"query": "bookingsSummary", "status": "success"}
 INFO  [LoadTime][Edge:manage-bookings] complete {"action": "fetch", "cursor": undefined, "durationMs": 1309, "hasUserId": true, "keys": ["action", "includeScreenPayload", "userId"], "limit": undefined}
 INFO  [LoadTime][Bookings] query-complete {"durationMs": 1295, "error": undefined, "query": "bookingsSummary", "status": "success", "updatedAt": "2026-05-17T19:37:12.854Z"}
 LOG  [notification-toast] Backfilled recent notifications {"count": 0, "queryFloorIso": "2026-05-17T19:36:52.810Z", "reason": "recovery-poll"}
Android Bundled 174ms index.js (1 module)
 INFO  [radio] react-native-track-player unavailable; radio playback is disabled until you run a native dev build.
 WARN  SafeAreaView has been deprecated and will be removed in a future release. Please use 'react-native-safe-area-context' instead. See https://github.com/th3rdwave/react-native-safe-area-context
 WARN  [expo-av]: Expo AV has been deprecated and will be removed in SDK 54. Use the `expo-audio` and `expo-video` packages to replace the required functionality.
 INFO  [push] expo-notifications unavailable; native push registration is disabled until dependencies are installed and Metro is restarted.
 INFO  [LoadTime][Route] enter {"route": "/", "startedAt": "2026-05-17T19:37:21.291Z"}
Android .\index.js ░░░░░░░░░░░░░░░░  0.0% (0/1)
Android Bundled 111ms index.js (1 module)
 INFO  [radio] react-native-track-player unavailable; radio playback is disabled until you run a native dev build.
 WARN  SafeAreaView has been deprecated and will be removed in a future release. Please use 'react-native-safe-area-context' instead. See https://github.com/th3rdwave/react-native-safe-area-context
 WARN  [expo-av]: Expo AV has been deprecated and will be removed in SDK 54. Use the `expo-audio` and `expo-video` packages to replace the required functionality.
 INFO  [push] expo-notifications unavailable; native push registration is disabled until dependencies are installed and Metro is restarted.
 INFO  [LoadTime][Route] enter {"route": "/", "startedAt": "2026-05-17T19:39:34.409Z"}
 INFO  [LoadTime][Route] leave {"durationMs": 2445, "route": "/"}
 INFO  [LoadTime][Feed] mount {"details": {"hasMore": false, "tab": "for_you", "user": "guest"}, "startedAt": "2026-05-17T19:39:38.417Z"}
 INFO  [LoadTime][Route] enter {"route": "/(tabs)/feed", "startedAt": "2026-05-17T19:39:38.440Z"}
 INFO  [LoadTime][Feed] query-start {"query": "forYouFeed", "status": "pending"}
 LOG  [notification-toast] Notification toast channel status {"activeUserId": "b6c3fec7-f27b-4d0f-a4a4-041498c0d6b9", "reason": "initial", "status": "SUBSCRIBED"}
 LOG  [notification-toast] Displayed notification toast {"emitted": true, "notificationId": "b7fd5cb4-ad39-43c8-8cb2-4f4c83f41c44", "source": "backfill:subscribed:initial", "toastType": "error"}
 LOG  [notification-toast] Backfilled recent notifications {"count": 1, "queryFloorIso": "2026-05-17T19:34:23.866Z", "reason": "subscribed:initial"}
 INFO  [LoadTime][Edge:manage-social-feed] complete {"action": "get_feed", "cursor": undefined, "durationMs": 1017, "hasUserId": true, "keys": ["action", "cursor", "feed_type", "limit", "personalize", "userId"], "limit": 12}
 INFO  [LoadTime][Feed] primary-page-parsed {"append": false, "feedTab": "for_you", "pages": 1, "posts": 2}
 INFO  [LoadTime][Feed] snapshot-ready {"aiCards": 0, "feedTab": "for_you", "hasMore": false, "posts": 2}
 INFO  [LoadTime][Feed] load-complete {"counts": {"aiCards": 0, "followingEntities": 0, "posts": 2}, "details": {"hasMore": false, "tab": "for_you", "user": "signed-in"}, "durationMs": 2948}
 INFO  [LoadTime][Feed] first-ready {"counts": {"aiCards": 0, "followingEntities": 0, "posts": 2}, "details": {"hasMore": false, "tab": "for_you", "user": "signed-in"}, "durationMs": 2950, "renderCount": 10}
 INFO  [LoadTime][Feed] query-complete {"durationMs": 1284, "error": undefined, "query": "forYouFeed", "status": "success", "updatedAt": "2026-05-17T19:39:40.548Z"}
 INFO  [LoadTime][FeedRadio] fetch-start {"details": {"includeItems": true}}
 INFO  [LoadTime][FeedRadio] edge-complete {"details": {"featuredOnly": true, "playableStations": 1, "stations": 1}, "durationMs": 749}
 INFO  [LoadTime][FeedRadio] fetch-complete {"details": {"playableStations": 1, "stations": 1}, "durationMs": 753}
 WARN  [GROQ_ROUTER] Request failed {"apiKeySignature": "len=56 prefix=gsk_zq suffix=j7J5Bx", "apiKeySource": "process.env.EXPO_PUBLIC_GROQ_API_KEY", "message": "Invalid API Key", "modelId": "llama-3.3-70b-versatile", "modelSource": "default.llama-3.3-70b-versatile", "status": 401}
 WARN  [GROQ_ROUTER] Request exception {"apiKeySignature": "len=56 prefix=gsk_zq suffix=j7J5Bx", "apiKeySource": "process.env.EXPO_PUBLIC_GROQ_API_KEY", "message": "Invalid API Key", "modelId": "llama-3.3-70b-versatile", "modelSource": "default.llama-3.3-70b-versatile"}
 LOG  [notification-toast] Backfilled recent notifications {"count": 0, "queryFloorIso": "2026-05-17T19:39:24.806Z", "reason": "recovery-poll"}
 LOG  [notification-toast] Backfilled recent notifications {"count": 0, "queryFloorIso": "2026-05-17T19:39:29.902Z", "reason": "recovery-poll"}
 LOG  [notification-toast] Backfilled recent notifications {"count": 0, "queryFloorIso": "2026-05-17T19:39:35.932Z", "reason": "recovery-poll"}
 LOG  [notification-toast] Backfilled recent notifications {"count": 0, "queryFloorIso": "2026-05-17T19:39:41.963Z", "reason": "recovery-poll"}
 LOG  [notification-toast] Disposed notification toast channel {"activeUserId": "b6c3fec7-f27b-4d0f-a4a4-041498c0d6b9", "reason": "app-state:background"}
 INFO  [LoadTime][Bookings] mount {"details": {"activeTab": "Pending", "role": "unknown", "viewMode": "bookings"}, "startedAt": "2026-05-17T19:40:08.680Z"}
 INFO  [LoadTime][Bookings] first-ready {"counts": {"activeMusicians": 0, "applicants": 0, "history": 0, "ongoing": 0, "pending": 0, "pendingPermits": 0, "review": 0, "upcoming": 0}, "details": {"activeTab": "Pending", "role": "unknown", "viewMode": "bookings"}, "durationMs": 254, "renderCount": 1}
 INFO  [LoadTime][Bookings] query-start {"query": "bookingsSummary", "status": "pending"}
 INFO  [LoadTime][Route] leave {"durationMs": 30635, "route": "/(tabs)/feed"}
 INFO  [LoadTime][Route] enter {"route": "/(tabs)/bookings", "startedAt": "2026-05-17T19:40:09.076Z"}
 LOG  [notification-toast] Notification toast channel status {"activeUserId": "b6c3fec7-f27b-4d0f-a4a4-041498c0d6b9", "reason": "foreground", "status": "SUBSCRIBED"}
 LOG  [notification-toast] Backfilled recent notifications {"count": 0, "queryFloorIso": "2026-05-17T19:39:53.059Z", "reason": "foreground"}
 INFO  [LoadTime][Edge:manage-bookings] complete {"action": "fetch", "cursor": undefined, "durationMs": 1939, "hasUserId": true, "keys": ["action", "includeScreenPayload", "userId"], "limit": undefined}
 INFO  [LoadTime][Bookings] query-complete {"durationMs": 2009, "error": undefined, "query": "bookingsSummary", "status": "success", "updatedAt": "2026-05-17T19:40:10.621Z"}
 INFO  [LoadTime][Bookings] load-complete {"counts": {"activeMusicians": 0, "applicants": 0, "history": 1, "ongoing": 0, "pending": 0, "pendingPermits": 0, "review": 0, "upcoming": 0}, "details": {"activeTab": "Pending", "role": "musician", "viewMode": "bookings"}, "durationMs": 2647}
 LOG  [notification-toast] Backfilled recent notifications {"count": 0, "queryFloorIso": "2026-05-17T19:39:54.088Z", "reason": "recovery-poll"}
Android .\index.js ░░░░░░░░░░░░░░░░  0.0% (0/1)
Android Bundled 103ms index.js (1 module)
 INFO  [radio] react-native-track-player unavailable; radio playback is disabled until you run a native dev build.
 WARN  SafeAreaView has been deprecated and will be removed in a future release. Please use 'react-native-safe-area-context' instead. See https://github.com/th3rdwave/react-native-safe-area-context
 WARN  [expo-av]: Expo AV has been deprecated and will be removed in SDK 54. Use the `expo-audio` and `expo-video` packages to replace the required functionality.
 INFO  [push] expo-notifications unavailable; native push registration is disabled until dependencies are installed and Metro is restarted.
 INFO  [LoadTime][Route] enter {"route": "/", "startedAt": "2026-05-17T19:40:25.467Z"}
Android .\index.js ░░░░░░░░░░░░░░░░  0.0% (0/1)
Android Bundled 120ms index.js (1 module)
 INFO  [radio] react-native-track-player unavailable; radio playback is disabled until you run a native dev build.
 WARN  SafeAreaView has been deprecated and will be removed in a future release. Please use 'react-native-safe-area-context' instead. See https://github.com/th3rdwave/react-native-safe-area-context
 WARN  [expo-av]: Expo AV has been deprecated and will be removed in SDK 54. Use the `expo-audio` and `expo-video` packages to replace the required functionality.
 INFO  [push] expo-notifications unavailable; native push registration is disabled until dependencies are installed and Metro is restarted.
 INFO  [LoadTime][Route] enter {"route": "/", "startedAt": "2026-05-17T19:42:38.927Z"}
 INFO  [LoadTime][Route] leave {"durationMs": 2543, "route": "/"}
 INFO  [LoadTime][Feed] mount {"details": {"hasMore": false, "tab": "for_you", "user": "guest"}, "startedAt": "2026-05-17T19:42:43.429Z"}
 INFO  [LoadTime][Route] enter {"route": "/(tabs)/feed", "startedAt": "2026-05-17T19:42:43.452Z"}
 LOG  [notification-toast] Notification toast channel status {"activeUserId": "45a60d87-70e7-4411-9a68-e27f27cc6fe8", "reason": "initial", "status": "SUBSCRIBED"}
 INFO  [LoadTime][Feed] query-start {"query": "forYouFeed", "status": "pending"}
 LOG  [notification-toast] Backfilled recent notifications {"count": 0, "queryFloorIso": "2026-05-17T19:37:28.888Z", "reason": "subscribed:initial"}
 LOG  [notification-toast] Backfilled recent notifications {"count": 0, "queryFloorIso": "2026-05-17T19:42:29.358Z", "reason": "recovery-poll"}
 INFO  [LoadTime][Edge:manage-social-feed] complete {"action": "get_feed", "cursor": undefined, "durationMs": 3112, "hasUserId": true, "keys": ["action", "cursor", "feed_type", "limit", "personalize", "userId"], "limit": 12}
 INFO  [LoadTime][Feed] primary-page-parsed {"append": false, "feedTab": "for_you", "pages": 1, "posts": 2}
 INFO  [LoadTime][Feed] snapshot-ready {"aiCards": 0, "feedTab": "for_you", "hasMore": false, "posts": 2}
 INFO  [LoadTime][Feed] load-complete {"counts": {"aiCards": 0, "followingEntities": 0, "posts": 2}, "details": {"hasMore": false, "tab": "for_you", "user": "signed-in"}, "durationMs": 9774}
 INFO  [LoadTime][Feed] first-ready {"counts": {"aiCards": 0, "followingEntities": 0, "posts": 2}, "details": {"hasMore": false, "tab": "for_you", "user": "signed-in"}, "durationMs": 9779, "renderCount": 10}
 INFO  [LoadTime][Feed] query-complete {"durationMs": 3332, "error": undefined, "query": "forYouFeed", "status": "success", "updatedAt": "2026-05-17T19:42:52.420Z"}
 INFO  [LoadTime][FeedRadio] fetch-start {"details": {"includeItems": true}}
 INFO  [LoadTime][FeedRadio] edge-complete {"details": {"featuredOnly": true, "playableStations": 1, "stations": 1}, "durationMs": 1744}
 INFO  [LoadTime][FeedRadio] fetch-complete {"details": {"playableStations": 1, "stations": 1}, "durationMs": 1746}
 WARN  [GROQ_ROUTER] Request failed {"apiKeySignature": "len=56 prefix=gsk_zq suffix=j7J5Bx", "apiKeySource": "process.env.EXPO_PUBLIC_GROQ_API_KEY", "message": "Invalid API Key", "modelId": "llama-3.3-70b-versatile", "modelSource": "default.llama-3.3-70b-versatile", "status": 401}
 WARN  [GROQ_ROUTER] Request exception {"apiKeySignature": "len=56 prefix=gsk_zq suffix=j7J5Bx", "apiKeySource": "process.env.EXPO_PUBLIC_GROQ_API_KEY", "message": "Invalid API Key", "modelId": "llama-3.3-70b-versatile", "modelSource": "default.llama-3.3-70b-versatile"}
 LOG  [notification-toast] Backfilled recent notifications {"count": 0, "queryFloorIso": "2026-05-17T19:42:34.914Z", "reason": "recovery-poll"}
 LOG  [notification-toast] Backfilled recent notifications {"count": 0, "queryFloorIso": "2026-05-17T19:42:40.944Z", "reason": "recovery-poll"}
 LOG  [notification-toast] Backfilled recent notifications {"count": 0, "queryFloorIso": "2026-05-17T19:42:46.975Z", "reason": "recovery-poll"}
 LOG  [notification-toast] Disposed notification toast channel {"activeUserId": "45a60d87-70e7-4411-9a68-e27f27cc6fe8", "reason": "app-state:background"}
 INFO  [LoadTime][Bookings] mount {"details": {"activeTab": "Pending", "role": "unknown", "viewMode": "bookings"}, "startedAt": "2026-05-17T19:43:11.065Z"}
 INFO  [LoadTime][Bookings] first-ready {"counts": {"activeMusicians": 0, "applicants": 0, "history": 0, "ongoing": 0, "pending": 0, "pendingPermits": 0, "review": 0, "upcoming": 0}, "details": {"activeTab": "Pending", "role": "unknown", "viewMode": "bookings"}, "durationMs": 244, "renderCount": 1}
 INFO  [LoadTime][Bookings] query-start {"query": "bookingsSummary", "status": "pending"}
 INFO  [LoadTime][Route] leave {"durationMs": 27989, "route": "/(tabs)/feed"}
 INFO  [LoadTime][Route] enter {"route": "/(tabs)/bookings", "startedAt": "2026-05-17T19:43:11.442Z"}
 LOG  [notification-toast] Notification toast channel status {"activeUserId": "45a60d87-70e7-4411-9a68-e27f27cc6fe8", "reason": "foreground", "status": "SUBSCRIBED"}
 INFO  [LoadTime][Edge:manage-bookings] complete {"action": "fetch", "cursor": undefined, "durationMs": 2137, "hasUserId": true, "keys": ["action", "includeScreenPayload", "userId"], "limit": undefined}
 INFO  [LoadTime][Bookings] query-complete {"durationMs": 2246, "error": undefined, "query": "bookingsSummary", "status": "success", "updatedAt": "2026-05-17T19:43:13.204Z"}
 INFO  [LoadTime][Bookings] load-complete {"counts": {"activeMusicians": 0, "applicants": 0, "history": 0, "ongoing": 0, "pending": 0, "pendingPermits": 0, "review": 0, "upcoming": 1}, "details": {"activeTab": "Pending", "role": "musician", "viewMode": "bookings"}, "durationMs": 2886}
 LOG  [notification-toast] Backfilled recent notifications {"count": 0, "queryFloorIso": "2026-05-17T19:42:55.461Z", "reason": "recovery-poll"}
 LOG  [notification-toast] Backfilled recent notifications {"count": 0, "queryFloorIso": "2026-05-17T19:42:59.469Z", "reason": "recovery-poll"}
 LOG  [notification-toast] Backfilled recent notifications {"count": 0, "queryFloorIso": "2026-05-17T19:43:05.499Z", "reason": "recovery-poll"}
 LOG  [notification-toast] Backfilled recent notifications {"count": 0, "queryFloorIso": "2026-05-17T19:43:11.531Z", "reason": "recovery-poll"}
 LOG  [notification-toast] Backfilled recent notifications {"count": 0, "queryFloorIso": "2026-05-17T19:43:17.560Z", "reason": "recovery-poll"}
 LOG  [notification-toast] Backfilled recent notifications {"count": 0, "queryFloorIso": "2026-05-17T19:43:23.590Z", "reason": "recovery-poll"}
 LOG  [notification-toast] Backfilled recent notifications {"count": 0, "queryFloorIso": "2026-05-17T19:43:29.621Z", "reason": "recovery-poll"}
 LOG  [notification-toast] Backfilled recent notifications {"count": 0, "queryFloorIso": "2026-05-17T19:43:35.652Z", "reason": "recovery-poll"}
 LOG  [notification-toast] Backfilled recent notifications {"count": 0, "queryFloorIso": "2026-05-17T19:43:41.682Z", "reason": "recovery-poll"}
 LOG  [notification-toast] Backfilled recent notifications {"count": 0, "queryFloorIso": "2026-05-17T19:43:47.712Z", "reason": "recovery-poll"}
 INFO  [LoadTime][Bookings] query-start {"query": "bookingsSummary", "status": "success"}
 INFO  [LoadTime][Edge:manage-bookings] complete {"action": "fetch", "cursor": undefined, "durationMs": 1396, "hasUserId": true, "keys": ["action", "includeScreenPayload", "userId"], "limit": undefined}
 INFO  [LoadTime][Bookings] query-complete {"durationMs": 1396, "error": undefined, "query": "bookingsSummary", "status": "success", "updatedAt": "2026-05-17T19:44:12.478Z"}
 LOG  [notification-toast] Backfilled recent notifications {"count": 0, "queryFloorIso": "2026-05-17T19:43:53.742Z", "reason": "recovery-poll"}
 LOG  [notification-toast] Backfilled recent notifications {"count": 0, "queryFloorIso": "2026-05-17T19:43:59.773Z", "reason": "recovery-poll"}
 LOG  [notification-toast] Backfilled recent notifications {"count": 0, "queryFloorIso": "2026-05-17T19:44:05.804Z", "reason": "recovery-poll"}
 LOG  [notification-toast] Backfilled recent notifications {"count": 0, "queryFloorIso": "2026-05-17T19:44:11.834Z", "reason": "recovery-poll"}
 LOG  [notification-toast] Backfilled recent notifications {"count": 0, "queryFloorIso": "2026-05-17T19:44:17.864Z", "reason": "recovery-poll"}
 LOG  [notification-toast] Backfilled recent notifications {"count": 0, "queryFloorIso": "2026-05-17T19:44:23.883Z", "reason": "recovery-poll"}
 LOG  [notification-toast] Backfilled recent notifications {"count": 0, "queryFloorIso": "2026-05-17T19:44:29.926Z", "reason": "recovery-poll"}
 LOG  [notification-toast] Backfilled recent notifications {"count": 0, "queryFloorIso": "2026-05-17T19:44:35.956Z", "reason": "recovery-poll"}
Android .\index.js ░░░░░░░░░░░░░░░░  0.0% (0/1)
Android Bundled 167ms index.js (1 module)
 INFO  [radio] react-native-track-player unavailable; radio playback is disabled until you run a native dev build.
 WARN  SafeAreaView has been deprecated and will be removed in a future release. Please use 'react-native-safe-area-context' instead. See https://github.com/th3rdwave/react-native-safe-area-context
 WARN  [expo-av]: Expo AV has been deprecated and will be removed in SDK 54. Use the `expo-audio` and `expo-video` packages to replace the required functionality.
 INFO  [push] expo-notifications unavailable; native push registration is disabled until dependencies are installed and Metro is restarted.
 INFO  [LoadTime][Route] enter {"route": "/", "startedAt": "2026-05-17T19:45:07.423Z"}
Android .\index.js ░░░░░░░░░░░░░░░░  0.0% (0/1)
Android Bundled 126ms index.js (1 module)
 INFO  [radio] react-native-track-player unavailable; radio playback is disabled until you run a native dev build.
 WARN  SafeAreaView has been deprecated and will be removed in a future release. Please use 'react-native-safe-area-context' instead. See https://github.com/th3rdwave/react-native-safe-area-context
 WARN  [expo-av]: Expo AV has been deprecated and will be removed in SDK 54. Use the `expo-audio` and `expo-video` packages to replace the required functionality.
 INFO  [push] expo-notifications unavailable; native push registration is disabled until dependencies are installed and Metro is restarted.
 INFO  [LoadTime][Route] enter {"route": "/", "startedAt": "2026-05-17T19:47:21.849Z"}
 INFO  [LoadTime][Route] leave {"durationMs": 2646, "route": "/"}
 INFO  [LoadTime][Feed] mount {"details": {"hasMore": false, "tab": "for_you", "user": "guest"}, "startedAt": "2026-05-17T19:47:25.964Z"}
 INFO  [LoadTime][Route] enter {"route": "/(tabs)/feed", "startedAt": "2026-05-17T19:47:25.987Z"}
 LOG  [notification-toast] Notification toast channel status {"activeUserId": "6687d23b-7526-4668-b14f-6f5721a9de8f", "reason": "initial", "status": "SUBSCRIBED"}
 INFO  [LoadTime][Feed] query-start {"query": "forYouFeed", "status": "pending"}
 LOG  [notification-toast] Backfilled recent notifications {"count": 0, "queryFloorIso": "2026-05-17T19:42:11.403Z", "reason": "subscribed:initial"}
 INFO  [LoadTime][Edge:manage-social-feed] complete {"action": "get_feed", "cursor": undefined, "durationMs": 733, "hasUserId": true, "keys": ["action", "cursor", "feed_type", "limit", "personalize", "userId"], "limit": 12}
 INFO  [LoadTime][Feed] primary-page-parsed {"append": false, "feedTab": "for_you", "pages": 1, "posts": 2}
 INFO  [LoadTime][Feed] snapshot-ready {"aiCards": 0, "feedTab": "for_you", "hasMore": false, "posts": 2}
 INFO  [LoadTime][Feed] load-complete {"counts": {"aiCards": 0, "followingEntities": 0, "posts": 2}, "details": {"hasMore": false, "tab": "for_you", "user": "signed-in"}, "durationMs": 2865}
 INFO  [LoadTime][Feed] first-ready {"counts": {"aiCards": 0, "followingEntities": 0, "posts": 2}, "details": {"hasMore": false, "tab": "for_you", "user": "signed-in"}, "durationMs": 2867, "renderCount": 11}
 INFO  [LoadTime][Feed] query-complete {"durationMs": 1018, "error": undefined, "query": "forYouFeed", "status": "success", "updatedAt": "2026-05-17T19:47:28.021Z"}
 INFO  [LoadTime][FeedRadio] fetch-start {"details": {"includeItems": true}}
 INFO  [LoadTime][FeedRadio] edge-complete {"details": {"featuredOnly": true, "playableStations": 1, "stations": 1}, "durationMs": 846}
 INFO  [LoadTime][FeedRadio] fetch-complete {"details": {"playableStations": 1, "stations": 1}, "durationMs": 849}
 WARN  [GROQ_ROUTER] Request failed {"apiKeySignature": "len=56 prefix=gsk_zq suffix=j7J5Bx", "apiKeySource": "process.env.EXPO_PUBLIC_GROQ_API_KEY", "message": "Invalid API Key", "modelId": "llama-3.3-70b-versatile", "modelSource": "default.llama-3.3-70b-versatile", "status": 401}
 WARN  [GROQ_ROUTER] Request exception {"apiKeySignature": "len=56 prefix=gsk_zq suffix=j7J5Bx", "apiKeySource": "process.env.EXPO_PUBLIC_GROQ_API_KEY", "message": "Invalid API Key", "modelId": "llama-3.3-70b-versatile", "modelSource": "default.llama-3.3-70b-versatile"}
 LOG  [notification-toast] Backfilled recent notifications {"count": 0, "queryFloorIso": "2026-05-17T19:47:11.808Z", "reason": "recovery-poll"}
 LOG  [notification-toast] Backfilled recent notifications {"count": 0, "queryFloorIso": "2026-05-17T19:47:17.430Z", "reason": "recovery-poll"}
 LOG  [notification-toast] Backfilled recent notifications {"count": 0, "queryFloorIso": "2026-05-17T19:47:23.460Z", "reason": "recovery-poll"}
 LOG  [notification-toast] Backfilled recent notifications {"count": 0, "queryFloorIso": "2026-05-17T19:47:29.490Z", "reason": "recovery-poll"}
 LOG  [notification-toast] Disposed notification toast channel {"activeUserId": "6687d23b-7526-4668-b14f-6f5721a9de8f", "reason": "app-state:background"}
 INFO  [LoadTime][Bookings] mount {"details": {"activeTab": "Pending", "role": "unknown", "viewMode": "bookings"}, "startedAt": "2026-05-17T19:47:55.347Z"}
 INFO  [LoadTime][Bookings] first-ready {"counts": {"activeMusicians": 0, "applicants": 0, "history": 0, "ongoing": 0, "pending": 0, "pendingPermits": 0, "review": 0, "upcoming": 0}, "details": {"activeTab": "Pending", "role": "unknown", "viewMode": "bookings"}, "durationMs": 260, "renderCount": 1}
 INFO  [LoadTime][Bookings] query-start {"query": "bookingsSummary", "status": "pending"}
 INFO  [LoadTime][Route] leave {"durationMs": 29763, "route": "/(tabs)/feed"}
 INFO  [LoadTime][Route] enter {"route": "/(tabs)/bookings", "startedAt": "2026-05-17T19:47:55.751Z"}
 LOG  [notification-toast] Notification toast channel status {"activeUserId": "6687d23b-7526-4668-b14f-6f5721a9de8f", "reason": "foreground", "status": "SUBSCRIBED"}
 LOG  [notification-toast] Backfilled recent notifications {"count": 0, "queryFloorIso": "2026-05-17T19:47:39.710Z", "reason": "foreground"}
 INFO  [LoadTime][Edge:manage-bookings] complete {"action": "fetch", "cursor": undefined, "durationMs": 1704, "hasUserId": true, "keys": ["action", "includeScreenPayload", "userId"], "limit": undefined}
 INFO  [LoadTime][Bookings] query-complete {"durationMs": 1818, "error": undefined, "query": "bookingsSummary", "status": "success", "updatedAt": "2026-05-17T19:47:57.054Z"}
 INFO  [LoadTime][Bookings] load-complete {"counts": {"activeMusicians": 0, "applicants": 0, "history": 0, "ongoing": 0, "pending": 0, "pendingPermits": 0, "review": 0, "upcoming": 1}, "details": {"activeTab": "Pending", "role": "musician", "viewMode": "bookings"}, "durationMs": 2445}
 LOG  [notification-toast] Backfilled recent notifications {"count": 0, "queryFloorIso": "2026-05-17T19:47:40.763Z", "reason": "recovery-poll"}
 LOG  [notification-toast] Backfilled recent notifications {"count": 0, "queryFloorIso": "2026-05-17T19:47:46.782Z", "reason": "recovery-poll"}
 LOG  [notification-toast] Backfilled recent notifications {"count": 0, "queryFloorIso": "2026-05-17T19:47:52.812Z", "reason": "recovery-poll"}
 LOG  [notification-toast] Backfilled recent notifications {"count": 0, "queryFloorIso": "2026-05-17T19:47:58.843Z", "reason": "recovery-poll"}
 LOG  [notification-toast] Backfilled recent notifications {"count": 0, "queryFloorIso": "2026-05-17T19:48:04.874Z", "reason": "recovery-poll"}
 LOG  [notification-toast] Backfilled recent notifications {"count": 0, "queryFloorIso": "2026-05-17T19:48:10.904Z", "reason": "recovery-poll"}
 LOG  [notification-toast] Backfilled recent notifications {"count": 0, "queryFloorIso": "2026-05-17T19:48:16.935Z", "reason": "recovery-poll"}
 LOG  [notification-toast] Backfilled recent notifications {"count": 0, "queryFloorIso": "2026-05-17T19:48:22.965Z", "reason": "recovery-poll"}
 INFO  [LoadTime][Bookings] query-start {"query": "bookingsSummary", "status": "success"}
 LOG  [notification-toast] Received notification realtime payload {"notification": {"created_at": "2026-05-17T19:48:44.693433+00:00", "id": "361f5e07-eca2-41ce-b0a7-c552fe3b4ed3", "image": null, "message": "A participant reported they will be late for booking at E2E Studio e2e-1779047095741-mobile-booking-late on 2026-05-18 (03:55:00).", "meta": {"booking_date": "2026-05-18", "booking_id": "412cf766-e662-43d4-a56f-9355dbc75414", "event_type": "late", "reported_by_user_id": "6687d23b-7526-4668-b14f-6f5721a9de8f", "studio_id": "1f2f4127-7a27-4f30-ace0-cff9bf8f516d"}, "read": false, "title": "Late Arrival Alert", "type": "warning", "user_id": "6687d23b-7526-4668-b14f-6f5721a9de8f"}, "reason": "foreground"}
 LOG  [notification-toast] Displayed notification toast {"emitted": true, "notificationId": "361f5e07-eca2-41ce-b0a7-c552fe3b4ed3", "source": "realtime", "toastType": "warning"}
 INFO  [LoadTime][Edge:manage-bookings] complete {"action": "fetch", "cursor": undefined, "durationMs": 1423, "hasUserId": true, "keys": ["action", "includeScreenPayload", "userId"], "limit": undefined}
 INFO  [LoadTime][Bookings] query-complete {"durationMs": 1436, "error": undefined, "query": "bookingsSummary", "status": "success", "updatedAt": "2026-05-17T19:48:46.316Z"}
 LOG  [notification-toast] Skipping already displayed notification toast {"notificationId": "361f5e07-eca2-41ce-b0a7-c552fe3b4ed3", "source": "backfill:recovery-poll"}
 LOG  [notification-toast] Backfilled recent notifications {"count": 1, "queryFloorIso": "2026-05-17T19:48:30.174Z", "reason": "recovery-poll"}
 INFO  [LoadTime][Bookings] query-start {"query": "bookingsSummary", "status": "success"}
 LOG  [notification-toast] Skipping already displayed notification toast {"notificationId": "361f5e07-eca2-41ce-b0a7-c552fe3b4ed3", "source": "backfill:recovery-poll"}
 LOG  [notification-toast] Backfilled recent notifications {"count": 1, "queryFloorIso": "2026-05-17T19:48:35.026Z", "reason": "recovery-poll"}
 INFO  [LoadTime][Edge:manage-bookings] complete {"action": "fetch", "cursor": undefined, "durationMs": 1279, "hasUserId": true, "keys": ["action", "includeScreenPayload", "userId"], "limit": undefined}
 INFO  [LoadTime][Bookings] query-complete {"durationMs": 1296, "error": undefined, "query": "bookingsSummary", "status": "success", "updatedAt": "2026-05-17T19:48:56.665Z"}
Android .\index.js ░░░░░░░░░░░░░░░░  0.0% (0/1)
Android Bundled 109ms index.js (1 module)
 INFO  [radio] react-native-track-player unavailable; radio playback is disabled until you run a native dev build.
 WARN  SafeAreaView has been deprecated and will be removed in a future release. Please use 'react-native-safe-area-context' instead. See https://github.com/th3rdwave/react-native-safe-area-context
 WARN  [expo-av]: Expo AV has been deprecated and will be removed in SDK 54. Use the `expo-audio` and `expo-video` packages to replace the required functionality.
 INFO  [push] expo-notifications unavailable; native push registration is disabled until dependencies are installed and Metro is restarted.
 INFO  [LoadTime][Route] enter {"route": "/", "startedAt": "2026-05-17T19:49:03.478Z"}
Android .\index.js ░░░░░░░░░░░░░░░░  0.0% (0/1)
Android Bundled 116ms index.js (1 module)
 INFO  [radio] react-native-track-player unavailable; radio playback is disabled until you run a native dev build.
 WARN  SafeAreaView has been deprecated and will be removed in a future release. Please use 'react-native-safe-area-context' instead. See https://github.com/th3rdwave/react-native-safe-area-context
 WARN  [expo-av]: Expo AV has been deprecated and will be removed in SDK 54. Use the `expo-audio` and `expo-video` packages to replace the required functionality.
 INFO  [push] expo-notifications unavailable; native push registration is disabled until dependencies are installed and Metro is restarted.
 INFO  [LoadTime][Route] enter {"route": "/", "startedAt": "2026-05-17T19:51:17.200Z"}
 INFO  [LoadTime][Route] leave {"durationMs": 2451, "route": "/"}
 INFO  [LoadTime][Feed] mount {"details": {"hasMore": false, "tab": "for_you", "user": "guest"}, "startedAt": "2026-05-17T19:51:21.186Z"}
 INFO  [LoadTime][Route] enter {"route": "/(tabs)/feed", "startedAt": "2026-05-17T19:51:21.209Z"}
 LOG  [notification-toast] Notification toast channel status {"activeUserId": "3bb9ef6e-94d8-4f78-8892-f2d5f0e0193d", "reason": "initial", "status": "SUBSCRIBED"}
 INFO  [LoadTime][Feed] query-start {"query": "forYouFeed", "status": "pending"}
 LOG  [notification-toast] Backfilled recent notifications {"count": 0, "queryFloorIso": "2026-05-17T19:46:06.627Z", "reason": "subscribed:initial"}
 INFO  [LoadTime][Edge:manage-social-feed] complete {"action": "get_feed", "cursor": undefined, "durationMs": 865, "hasUserId": true, "keys": ["action", "cursor", "feed_type", "limit", "personalize", "userId"], "limit": 12}
 INFO  [LoadTime][Feed] primary-page-parsed {"append": false, "feedTab": "for_you", "pages": 1, "posts": 2}
 INFO  [LoadTime][Feed] snapshot-ready {"aiCards": 0, "feedTab": "for_you", "hasMore": false, "posts": 2}
 INFO  [LoadTime][Feed] load-complete {"counts": {"aiCards": 0, "followingEntities": 0, "posts": 2}, "details": {"hasMore": false, "tab": "for_you", "user": "signed-in"}, "durationMs": 2958}
 INFO  [LoadTime][Feed] first-ready {"counts": {"aiCards": 0, "followingEntities": 0, "posts": 2}, "details": {"hasMore": false, "tab": "for_you", "user": "signed-in"}, "durationMs": 2960, "renderCount": 11}
 INFO  [LoadTime][Feed] query-complete {"durationMs": 1128, "error": undefined, "query": "forYouFeed", "status": "success", "updatedAt": "2026-05-17T19:51:23.348Z"}
 INFO  [LoadTime][FeedRadio] fetch-start {"details": {"includeItems": true}}
 INFO  [LoadTime][FeedRadio] edge-complete {"details": {"featuredOnly": true, "playableStations": 1, "stations": 1}, "durationMs": 758}
 INFO  [LoadTime][FeedRadio] fetch-complete {"details": {"playableStations": 1, "stations": 1}, "durationMs": 765}
 WARN  [GROQ_ROUTER] Request failed {"apiKeySignature": "len=56 prefix=gsk_zq suffix=j7J5Bx", "apiKeySource": "process.env.EXPO_PUBLIC_GROQ_API_KEY", "message": "Invalid API Key", "modelId": "llama-3.3-70b-versatile", "modelSource": "default.llama-3.3-70b-versatile", "status": 401}
 WARN  [GROQ_ROUTER] Request exception {"apiKeySignature": "len=56 prefix=gsk_zq suffix=j7J5Bx", "apiKeySource": "process.env.EXPO_PUBLIC_GROQ_API_KEY", "message": "Invalid API Key", "modelId": "llama-3.3-70b-versatile", "modelSource": "default.llama-3.3-70b-versatile"}
 LOG  [notification-toast] Backfilled recent notifications {"count": 0, "queryFloorIso": "2026-05-17T19:51:07.059Z", "reason": "recovery-poll"}
 LOG  [notification-toast] Backfilled recent notifications {"count": 0, "queryFloorIso": "2026-05-17T19:51:12.651Z", "reason": "recovery-poll"}
 LOG  [notification-toast] Backfilled recent notifications {"count": 0, "queryFloorIso": "2026-05-17T19:51:18.682Z", "reason": "recovery-poll"}
 LOG  [notification-toast] Backfilled recent notifications {"count": 0, "queryFloorIso": "2026-05-17T19:51:24.712Z", "reason": "recovery-poll"}
 LOG  [notification-toast] Disposed notification toast channel {"activeUserId": "3bb9ef6e-94d8-4f78-8892-f2d5f0e0193d", "reason": "app-state:background"}
 INFO  [LoadTime][Bookings] mount {"details": {"activeTab": "Pending", "role": "unknown", "viewMode": "bookings"}, "startedAt": "2026-05-17T19:51:51.524Z"}
 INFO  [LoadTime][Bookings] first-ready {"counts": {"activeMusicians": 0, "applicants": 0, "history": 0, "ongoing": 0, "pending": 0, "pendingPermits": 0, "review": 0, "upcoming": 0}, "details": {"activeTab": "Pending", "role": "unknown", "viewMode": "bookings"}, "durationMs": 252, "renderCount": 1}
 INFO  [LoadTime][Bookings] query-start {"query": "bookingsSummary", "status": "pending"}
 INFO  [LoadTime][Route] leave {"durationMs": 30708, "route": "/(tabs)/feed"}
 INFO  [LoadTime][Route] enter {"route": "/(tabs)/bookings", "startedAt": "2026-05-17T19:51:51.918Z"}
 LOG  [notification-toast] Notification toast channel status {"activeUserId": "3bb9ef6e-94d8-4f78-8892-f2d5f0e0193d", "reason": "foreground", "status": "SUBSCRIBED"}
 LOG  [notification-toast] Backfilled recent notifications {"count": 0, "queryFloorIso": "2026-05-17T19:51:35.898Z", "reason": "foreground"}
 INFO  [LoadTime][Edge:manage-bookings] complete {"action": "fetch", "cursor": undefined, "durationMs": 1866, "hasUserId": true, "keys": ["action", "includeScreenPayload", "userId"], "limit": undefined}
 INFO  [LoadTime][Bookings] query-complete {"durationMs": 1947, "error": undefined, "query": "bookingsSummary", "status": "success", "updatedAt": "2026-05-17T19:51:53.390Z"}
 INFO  [LoadTime][Bookings] load-complete {"counts": {"activeMusicians": 0, "applicants": 0, "history": 0, "ongoing": 1, "pending": 0, "pendingPermits": 0, "review": 0, "upcoming": 0}, "details": {"activeTab": "Pending", "role": "musician", "viewMode": "bookings"}, "durationMs": 2603}
 LOG  [notification-toast] Backfilled recent notifications {"count": 0, "queryFloorIso": "2026-05-17T19:51:36.931Z", "reason": "recovery-poll"}
 LOG  [notification-toast] Backfilled recent notifications {"count": 0, "queryFloorIso": "2026-05-17T19:51:42.953Z", "reason": "recovery-poll"}
 LOG  [notification-toast] Backfilled recent notifications {"count": 0, "queryFloorIso": "2026-05-17T19:51:48.984Z", "reason": "recovery-poll"}
 LOG  [notification-toast] Backfilled recent notifications {"count": 0, "queryFloorIso": "2026-05-17T19:51:55.014Z", "reason": "recovery-poll"}
 LOG  [notification-toast] Backfilled recent notifications {"count": 0, "queryFloorIso": "2026-05-17T19:52:01.045Z", "reason": "recovery-poll"}
 LOG  [notification-toast] Backfilled recent notifications {"count": 0, "queryFloorIso": "2026-05-17T19:52:07.075Z", "reason": "recovery-poll"}
 LOG  [notification-toast] Backfilled recent notifications {"count": 0, "queryFloorIso": "2026-05-17T19:52:13.106Z", "reason": "recovery-poll"}
 INFO  [LoadTime][Bookings] load-start {"counts": {"activeMusicians": 0, "applicants": 0, "history": 0, "ongoing": 1, "pending": 0, "pendingPermits": 0, "review": 0, "upcoming": 0}, "details": {"activeTab": "Ongoing", "role": "musician", "viewMode": "bookings"}}
 LOG  [notification-toast] Received notification realtime payload {"notification": {"created_at": "2026-05-17T19:52:39.593144+00:00", "id": "d64fd1a5-1fb4-41a5-8d29-f03d38f23df7", "image": null, "message": "Your report for the booking at E2E Studio e2e-1779047095741-mobile-booking-access was submitted. We will keep payout on hold while this is reviewed.", "meta": {"booking_id": "8aa80568-54ac-4139-867a-37a50a90cabb", "event_type": "booking_incident_acknowledged", "incident_id": "108de2d8-7491-4ee6-886f-69dd7c191c52", "issue_type": "cannot_access_studio", "route": "/bookings"}, "read": false, "title": "Incident Report Submitted", "type": "info", "user_id": "3bb9ef6e-94d8-4f78-8892-f2d5f0e0193d"}, "reason": "foreground"}
 LOG  [notification-toast] Displayed notification toast {"emitted": true, "notificationId": "d64fd1a5-1fb4-41a5-8d29-f03d38f23df7", "source": "realtime", "toastType": "info"}
 LOG  [notification-toast] Skipping already displayed notification toast {"notificationId": "d64fd1a5-1fb4-41a5-8d29-f03d38f23df7", "source": "backfill:recovery-poll"}
 LOG  [notification-toast] Backfilled recent notifications {"count": 1, "queryFloorIso": "2026-05-17T19:52:24.970Z", "reason": "recovery-poll"}
 INFO  [LoadTime][Bookings] load-complete {"counts": {"activeMusicians": 0, "applicants": 0, "history": 0, "ongoing": 1, "pending": 0, "pendingPermits": 0, "review": 0, "upcoming": 0}, "details": {"activeTab": "Ongoing", "role": "musician", "viewMode": "bookings"}, "durationMs": 1909}
 LOG  [notification-toast] Skipping already displayed notification toast {"notificationId": "d64fd1a5-1fb4-41a5-8d29-f03d38f23df7", "source": "backfill:recovery-poll"}
 LOG  [notification-toast] Backfilled recent notifications {"count": 1, "queryFloorIso": "2026-05-17T19:52:25.209Z", "reason": "recovery-poll"}
 INFO  [LoadTime][Bookings] query-start {"query": "bookingsSummary", "status": "success"}
 LOG  [notification-toast] Skipping already displayed notification toast {"notificationId": "d64fd1a5-1fb4-41a5-8d29-f03d38f23df7", "source": "backfill:recovery-poll"}
 LOG  [notification-toast] Backfilled recent notifications {"count": 1, "queryFloorIso": "2026-05-17T19:52:31.197Z", "reason": "recovery-poll"}
 INFO  [LoadTime][Edge:manage-bookings] complete {"action": "fetch", "cursor": undefined, "durationMs": 1149, "hasUserId": true, "keys": ["action", "includeScreenPayload", "userId"], "limit": undefined}
 INFO  [LoadTime][Bookings] query-complete {"durationMs": 1154, "error": undefined, "query": "bookingsSummary", "status": "success", "updatedAt": "2026-05-17T19:52:52.700Z"}
Android Bundled 154ms index.js (1 module)
 INFO  [radio] react-native-track-player unavailable; radio playback is disabled until you run a native dev build.
 WARN  SafeAreaView has been deprecated and will be removed in a future release. Please use 'react-native-safe-area-context' instead. See https://github.com/th3rdwave/react-native-safe-area-context
 WARN  [expo-av]: Expo AV has been deprecated and will be removed in SDK 54. Use the `expo-audio` and `expo-video` packages to replace the required functionality.
 INFO  [push] expo-notifications unavailable; native push registration is disabled until dependencies are installed and Metro is restarted.
 INFO  [LoadTime][Route] enter {"route": "/", "startedAt": "2026-05-17T19:53:00.607Z"}
Android .\index.js ░░░░░░░░░░░░░░░░  0.0% (0/1)
Android Bundled 128ms index.js (1 module)
 INFO  [radio] react-native-track-player unavailable; radio playback is disabled until you run a native dev build.
 WARN  SafeAreaView has been deprecated and will be removed in a future release. Please use 'react-native-safe-area-context' instead. See https://github.com/th3rdwave/react-native-safe-area-context
 WARN  [expo-av]: Expo AV has been deprecated and will be removed in SDK 54. Use the `expo-audio` and `expo-video` packages to replace the required functionality.
 INFO  [push] expo-notifications unavailable; native push registration is disabled until dependencies are installed and Metro is restarted.
 INFO  [LoadTime][Route] enter {"route": "/", "startedAt": "2026-05-17T19:55:16.696Z"}
 INFO  [LoadTime][Route] leave {"durationMs": 2226, "route": "/"}
 INFO  [LoadTime][Feed] mount {"details": {"hasMore": false, "tab": "for_you", "user": "guest"}, "startedAt": "2026-05-17T19:55:20.699Z"}
 INFO  [LoadTime][Route] enter {"route": "/(tabs)/feed", "startedAt": "2026-05-17T19:55:20.725Z"}
 LOG  [notification-toast] Notification toast channel status {"activeUserId": "e9321ab2-c25a-4c35-97f2-1b00b807f016", "reason": "initial", "status": "SUBSCRIBED"}
 INFO  [LoadTime][Feed] query-start {"query": "forYouFeed", "status": "pending"}
 LOG  [notification-toast] Backfilled recent notifications {"count": 0, "queryFloorIso": "2026-05-17T19:50:06.280Z", "reason": "subscribed:initial"}
 INFO  [LoadTime][Edge:manage-social-feed] complete {"action": "get_feed", "cursor": undefined, "durationMs": 1189, "hasUserId": true, "keys": ["action", "cursor", "feed_type", "limit", "personalize", "userId"], "limit": 12}
 INFO  [LoadTime][Feed] primary-page-parsed {"append": false, "feedTab": "for_you", "pages": 1, "posts": 2}
 INFO  [LoadTime][Feed] snapshot-ready {"aiCards": 0, "feedTab": "for_you", "hasMore": false, "posts": 2}
 INFO  [LoadTime][Feed] load-complete {"counts": {"aiCards": 0, "followingEntities": 0, "posts": 2}, "details": {"hasMore": false, "tab": "for_you", "user": "signed-in"}, "durationMs": 4616}
 INFO  [LoadTime][Feed] first-ready {"counts": {"aiCards": 0, "followingEntities": 0, "posts": 2}, "details": {"hasMore": false, "tab": "for_you", "user": "signed-in"}, "durationMs": 4620, "renderCount": 10}
 INFO  [LoadTime][Feed] query-complete {"durationMs": 2183, "error": undefined, "query": "forYouFeed", "status": "success", "updatedAt": "2026-05-17T19:55:23.594Z"}
 INFO  [LoadTime][FeedRadio] fetch-start {"details": {"includeItems": true}}
 INFO  [LoadTime][FeedRadio] edge-complete {"details": {"featuredOnly": true, "playableStations": 1, "stations": 1}, "durationMs": 952}
 INFO  [LoadTime][FeedRadio] fetch-complete {"details": {"playableStations": 1, "stations": 1}, "durationMs": 955}
 WARN  [GROQ_ROUTER] Request failed {"apiKeySignature": "len=56 prefix=gsk_zq suffix=j7J5Bx", "apiKeySource": "process.env.EXPO_PUBLIC_GROQ_API_KEY", "message": "Invalid API Key", "modelId": "llama-3.3-70b-versatile", "modelSource": "default.llama-3.3-70b-versatile", "status": 401}
 WARN  [GROQ_ROUTER] Request exception {"apiKeySignature": "len=56 prefix=gsk_zq suffix=j7J5Bx", "apiKeySource": "process.env.EXPO_PUBLIC_GROQ_API_KEY", "message": "Invalid API Key", "modelId": "llama-3.3-70b-versatile", "modelSource": "default.llama-3.3-70b-versatile"}
 LOG  [notification-toast] Backfilled recent notifications {"count": 0, "queryFloorIso": "2026-05-17T19:55:06.726Z", "reason": "recovery-poll"}
 LOG  [notification-toast] Backfilled recent notifications {"count": 0, "queryFloorIso": "2026-05-17T19:55:12.587Z", "reason": "recovery-poll"}
 LOG  [notification-toast] Backfilled recent notifications {"count": 0, "queryFloorIso": "2026-05-17T19:55:18.618Z", "reason": "recovery-poll"}
 LOG  [notification-toast] Backfilled recent notifications {"count": 0, "queryFloorIso": "2026-05-17T19:55:24.648Z", "reason": "recovery-poll"}
 LOG  [notification-toast] Disposed notification toast channel {"activeUserId": "e9321ab2-c25a-4c35-97f2-1b00b807f016", "reason": "app-state:background"}
 INFO  [LoadTime][Bookings] mount {"details": {"activeTab": "Pending", "role": "unknown", "viewMode": "bookings"}, "startedAt": "2026-05-17T19:55:51.147Z"}
 INFO  [LoadTime][Bookings] first-ready {"counts": {"activeMusicians": 0, "applicants": 0, "history": 0, "ongoing": 0, "pending": 0, "pendingPermits": 0, "review": 0, "upcoming": 0}, "details": {"activeTab": "Pending", "role": "unknown", "viewMode": "bookings"}, "durationMs": 354, "renderCount": 1}
 INFO  [LoadTime][Bookings] query-start {"query": "bookingsSummary", "status": "pending"}
 INFO  [LoadTime][Route] leave {"durationMs": 30941, "route": "/(tabs)/feed"}
 INFO  [LoadTime][Route] enter {"route": "/(tabs)/bookings", "startedAt": "2026-05-17T19:55:51.668Z"}
 LOG  [notification-toast] Notification toast channel status {"activeUserId": "e9321ab2-c25a-4c35-97f2-1b00b807f016", "reason": "foreground", "status": "SUBSCRIBED"}
 LOG  [notification-toast] Backfilled recent notifications {"count": 0, "queryFloorIso": "2026-05-17T19:55:35.430Z", "reason": "foreground"}
 INFO  [LoadTime][Edge:manage-bookings] complete {"action": "fetch", "cursor": undefined, "durationMs": 1596, "hasUserId": true, "keys": ["action", "includeScreenPayload", "userId"], "limit": undefined}
 INFO  [LoadTime][Bookings] query-complete {"durationMs": 1691, "error": undefined, "query": "bookingsSummary", "status": "success", "updatedAt": "2026-05-17T19:55:52.743Z"}
 INFO  [LoadTime][Bookings] load-complete {"counts": {"activeMusicians": 0, "applicants": 1, "history": 0, "ongoing": 0, "pending": 0, "pendingPermits": 0, "review": 0, "upcoming": 0}, "details": {"activeTab": "Applicants", "role": "venue-owner", "viewMode": "bookings"}, "durationMs": 2790}
 INFO  [LoadTime][Route] leave {"durationMs": 6393, "route": "/(tabs)/bookings"}
 INFO  [LoadTime][Route] enter {"route": "/(tabs)/my_venue", "startedAt": "2026-05-17T19:55:58.070Z"}
 LOG  [notification-toast] Backfilled recent notifications {"count": 0, "queryFloorIso": "2026-05-17T19:55:36.686Z", "reason": "recovery-poll"}
 LOG  [notification-toast] Backfilled recent notifications {"count": 0, "queryFloorIso": "2026-05-17T19:55:42.706Z", "reason": "recovery-poll"}
 LOG  [notification-toast] Backfilled recent notifications {"count": 0, "queryFloorIso": "2026-05-17T19:55:48.737Z", "reason": "recovery-poll"}
 LOG  [notification-toast] Backfilled recent notifications {"count": 0, "queryFloorIso": "2026-05-17T19:55:54.767Z", "reason": "recovery-poll"}
 LOG  [notification-toast] Backfilled recent notifications {"count": 0, "queryFloorIso": "2026-05-17T19:56:00.797Z", "reason": "recovery-poll"}
 LOG  [notification-toast] Backfilled recent notifications {"count": 0, "queryFloorIso": "2026-05-17T19:56:06.828Z", "reason": "recovery-poll"}
 LOG  [notification-toast] Backfilled recent notifications {"count": 0, "queryFloorIso": "2026-05-17T19:56:12.858Z", "reason": "recovery-poll"}
 LOG  [notification-toast] Backfilled recent notifications {"count": 0, "queryFloorIso": "2026-05-17T19:56:18.889Z", "reason": "recovery-poll"}
 LOG  [notification-toast] Backfilled recent notifications {"count": 0, "queryFloorIso": "2026-05-17T19:56:24.920Z", "reason": "recovery-poll"}
 LOG  [notification-toast] Backfilled recent notifications {"count": 0, "queryFloorIso": "2026-05-17T19:56:30.950Z", "reason": "recovery-poll"}
 LOG  [notification-toast] Backfilled recent notifications {"count": 0, "queryFloorIso": "2026-05-17T19:56:36.980Z", "reason": "recovery-poll"}
 LOG  [notification-toast] Backfilled recent notifications {"count": 0, "queryFloorIso": "2026-05-17T19:56:43.011Z", "reason": "recovery-poll"}
 LOG  [notification-toast] Backfilled recent notifications {"count": 0, "queryFloorIso": "2026-05-17T19:56:49.041Z", "reason": "recovery-poll"}
 LOG  [notification-toast] Backfilled recent notifications {"count": 0, "queryFloorIso": "2026-05-17T19:56:55.072Z", "reason": "recovery-poll"}
 LOG  [notification-toast] Backfilled recent notifications {"count": 0, "queryFloorIso": "2026-05-17T19:57:01.102Z", "reason": "recovery-poll"}
 LOG  [notification-toast] Backfilled recent notifications {"count": 0, "queryFloorIso": "2026-05-17T19:57:07.133Z", "reason": "recovery-poll"}
 LOG  [notification-toast] Backfilled recent notifications {"count": 0, "queryFloorIso": "2026-05-17T19:57:13.163Z", "reason": "recovery-poll"}
 LOG  [notification-toast] Backfilled recent notifications {"count": 0, "queryFloorIso": "2026-05-17T19:57:19.193Z", "reason": "recovery-poll"}
 LOG  [notification-toast] Backfilled recent notifications {"count": 0, "queryFloorIso": "2026-05-17T19:57:25.224Z", "reason": "recovery-poll"}
 LOG  [notification-toast] Backfilled recent notifications {"count": 0, "queryFloorIso": "2026-05-17T19:57:31.254Z", "reason": "recovery-poll"}
 LOG  [notification-toast] Backfilled recent notifications {"count": 0, "queryFloorIso": "2026-05-17T19:57:37.285Z", "reason": "recovery-poll"}
 LOG  [notification-toast] Backfilled recent notifications {"count": 0, "queryFloorIso": "2026-05-17T19:57:43.315Z", "reason": "recovery-poll"}
 LOG  [notification-toast] Backfilled recent notifications {"count": 0, "queryFloorIso": "2026-05-17T19:57:49.346Z", "reason": "recovery-poll"}
 LOG  [notification-toast] Backfilled recent notifications {"count": 0, "queryFloorIso": "2026-05-17T19:57:55.376Z", "reason": "recovery-poll"}
 LOG  [notification-toast] Backfilled recent notifications {"count": 0, "queryFloorIso": "2026-05-17T19:58:01.407Z", "reason": "recovery-poll"}
 LOG  [notification-toast] Backfilled recent notifications {"count": 0, "queryFloorIso": "2026-05-17T19:58:07.437Z", "reason": "recovery-poll"}
 LOG  [notification-toast] Backfilled recent notifications {"count": 0, "queryFloorIso": "2026-05-17T19:58:13.468Z", "reason": "recovery-poll"}
 LOG  [notification-toast] Backfilled recent notifications {"count": 0, "queryFloorIso": "2026-05-17T19:58:19.498Z", "reason": "recovery-poll"}
 LOG  [notification-toast] Backfilled recent notifications {"count": 0, "queryFloorIso": "2026-05-17T19:58:25.529Z", "reason": "recovery-poll"}
 LOG  [notification-toast] Backfilled recent notifications {"count": 0, "queryFloorIso": "2026-05-17T19:58:31.559Z", "reason": "recovery-poll"}
 LOG  [notification-toast] Backfilled recent notifications {"count": 0, "queryFloorIso": "2026-05-17T19:58:37.589Z", "reason": "recovery-poll"}
 LOG  [notification-toast] Backfilled recent notifications {"count": 0, "queryFloorIso": "2026-05-17T19:58:43.620Z", "reason": "recovery-poll"}
 LOG  [notification-toast] Backfilled recent notifications {"count": 0, "queryFloorIso": "2026-05-17T19:58:49.650Z", "reason": "recovery-poll"}
 LOG  [notification-toast] Backfilled recent notifications {"count": 0, "queryFloorIso": "2026-05-17T19:58:55.681Z", "reason": "recovery-poll"}
 LOG  [notification-toast] Backfilled recent notifications {"count": 0, "queryFloorIso": "2026-05-17T19:59:01.711Z", "reason": "recovery-poll"}
 LOG  [notification-toast] Backfilled recent notifications {"count": 0, "queryFloorIso": "2026-05-17T19:59:07.742Z", "reason": "recovery-poll"}
 LOG  [notification-toast] Backfilled recent notifications {"count": 0, "queryFloorIso": "2026-05-17T19:59:13.773Z", "reason": "recovery-poll"}
 LOG  [notification-toast] Backfilled recent notifications {"count": 0, "queryFloorIso": "2026-05-17T19:59:19.804Z", "reason": "recovery-poll"}
 LOG  [notification-toast] Backfilled recent notifications {"count": 0, "queryFloorIso": "2026-05-17T19:59:25.834Z", "reason": "recovery-poll"}
 LOG  [notification-toast] Backfilled recent notifications {"count": 0, "queryFloorIso": "2026-05-17T19:59:31.864Z", "reason": "recovery-poll"}
Android Bundled 210ms index.js (1 module)
 INFO  [radio] react-native-track-player unavailable; radio playback is disabled until you run a native dev build.
 WARN  SafeAreaView has been deprecated and will be removed in a future release. Please use 'react-native-safe-area-context' instead. See https://github.com/th3rdwave/react-native-safe-area-context
 WARN  [expo-av]: Expo AV has been deprecated and will be removed in SDK 54. Use the `expo-audio` and `expo-video` packages to replace the required functionality.
 INFO  [push] expo-notifications unavailable; native push registration is disabled until dependencies are installed and Metro is restarted.
 INFO  [LoadTime][Route] enter {"route": "/", "startedAt": "2026-05-17T19:59:59.867Z"}
Android .\index.js ░░░░░░░░░░░░░░░░  0.0% (0/1)
Android Bundled 163ms index.js (1 module)
 INFO  [radio] react-native-track-player unavailable; radio playback is disabled until you run a native dev build.
 WARN  SafeAreaView has been deprecated and will be removed in a future release. Please use 'react-native-safe-area-context' instead. See https://github.com/th3rdwave/react-native-safe-area-context
 WARN  [expo-av]: Expo AV has been deprecated and will be removed in SDK 54. Use the `expo-audio` and `expo-video` packages to replace the required functionality.
 INFO  [push] expo-notifications unavailable; native push registration is disabled until dependencies are installed and Metro is restarted.
 INFO  [LoadTime][Route] enter {"route": "/", "startedAt": "2026-05-17T20:02:13.946Z"}
 INFO  [LoadTime][Route] leave {"durationMs": 2557, "route": "/"}
 INFO  [LoadTime][Feed] mount {"details": {"hasMore": false, "tab": "for_you", "user": "guest"}, "startedAt": "2026-05-17T20:02:18.182Z"}
 INFO  [LoadTime][Route] enter {"route": "/(tabs)/feed", "startedAt": "2026-05-17T20:02:18.206Z"}
 LOG  [notification-toast] Notification toast channel status {"activeUserId": "050ff89a-b1d5-4367-98bb-f1fd429ff0e1", "reason": "initial", "status": "SUBSCRIBED"}
 INFO  [LoadTime][Feed] query-start {"query": "forYouFeed", "status": "pending"}
 LOG  [notification-toast] Backfilled recent notifications {"count": 0, "queryFloorIso": "2026-05-17T19:57:03.678Z", "reason": "subscribed:initial"}
 INFO  [LoadTime][Edge:manage-social-feed] complete {"action": "get_feed", "cursor": undefined, "durationMs": 1305, "hasUserId": true, "keys": ["action", "cursor", "feed_type", "limit", "personalize", "userId"], "limit": 12}
 INFO  [LoadTime][Feed] primary-page-parsed {"append": false, "feedTab": "for_you", "pages": 1, "posts": 2}
 INFO  [LoadTime][Feed] snapshot-ready {"aiCards": 0, "feedTab": "for_you", "hasMore": false, "posts": 2}
 INFO  [LoadTime][Feed] load-complete {"counts": {"aiCards": 0, "followingEntities": 0, "posts": 2}, "details": {"hasMore": false, "tab": "for_you", "user": "signed-in"}, "durationMs": 3762}
 INFO  [LoadTime][Feed] first-ready {"counts": {"aiCards": 0, "followingEntities": 0, "posts": 2}, "details": {"hasMore": false, "tab": "for_you", "user": "signed-in"}, "durationMs": 3764, "renderCount": 11}
 INFO  [LoadTime][Feed] query-complete {"durationMs": 1637, "error": undefined, "query": "forYouFeed", "status": "success", "updatedAt": "2026-05-17T20:02:21.084Z"}
 INFO  [LoadTime][FeedRadio] fetch-start {"details": {"includeItems": true}}
 INFO  [LoadTime][FeedRadio] edge-complete {"details": {"featuredOnly": true, "playableStations": 1, "stations": 1}, "durationMs": 900}
 INFO  [LoadTime][FeedRadio] fetch-complete {"details": {"playableStations": 1, "stations": 1}, "durationMs": 903}
 WARN  [GROQ_ROUTER] Request failed {"apiKeySignature": "len=56 prefix=gsk_zq suffix=j7J5Bx", "apiKeySource": "process.env.EXPO_PUBLIC_GROQ_API_KEY", "message": "Invalid API Key", "modelId": "llama-3.3-70b-versatile", "modelSource": "default.llama-3.3-70b-versatile", "status": 401}
 WARN  [GROQ_ROUTER] Request exception {"apiKeySignature": "len=56 prefix=gsk_zq suffix=j7J5Bx", "apiKeySource": "process.env.EXPO_PUBLIC_GROQ_API_KEY", "message": "Invalid API Key", "modelId": "llama-3.3-70b-versatile", "modelSource": "default.llama-3.3-70b-versatile"}
 LOG  [notification-toast] Backfilled recent notifications {"count": 0, "queryFloorIso": "2026-05-17T20:02:04.154Z", "reason": "recovery-poll"}
 LOG  [notification-toast] Backfilled recent notifications {"count": 0, "queryFloorIso": "2026-05-17T20:02:09.706Z", "reason": "recovery-poll"}
 LOG  [notification-toast] Backfilled recent notifications {"count": 0, "queryFloorIso": "2026-05-17T20:02:15.736Z", "reason": "recovery-poll"}
 LOG  [notification-toast] Backfilled recent notifications {"count": 0, "queryFloorIso": "2026-05-17T20:02:21.767Z", "reason": "recovery-poll"}
 LOG  [notification-toast] Disposed notification toast channel {"activeUserId": "050ff89a-b1d5-4367-98bb-f1fd429ff0e1", "reason": "app-state:background"}
 INFO  [LoadTime][Bookings] mount {"details": {"activeTab": "Pending", "role": "unknown", "viewMode": "bookings"}, "startedAt": "2026-05-17T20:02:46.834Z"}
 INFO  [LoadTime][Bookings] first-ready {"counts": {"activeMusicians": 0, "applicants": 0, "history": 0, "ongoing": 0, "pending": 0, "pendingPermits": 0, "review": 0, "upcoming": 0}, "details": {"activeTab": "Pending", "role": "unknown", "viewMode": "bookings"}, "durationMs": 254, "renderCount": 1}
 INFO  [LoadTime][Bookings] query-start {"query": "bookingsSummary", "status": "pending"}
 INFO  [LoadTime][Route] leave {"durationMs": 29027, "route": "/(tabs)/feed"}
 INFO  [LoadTime][Route] enter {"route": "/(tabs)/bookings", "startedAt": "2026-05-17T20:02:47.234Z"}
 LOG  [notification-toast] Notification toast channel status {"activeUserId": "050ff89a-b1d5-4367-98bb-f1fd429ff0e1", "reason": "foreground", "status": "SUBSCRIBED"}
 LOG  [notification-toast] Backfilled recent notifications {"count": 0, "queryFloorIso": "2026-05-17T20:02:31.179Z", "reason": "foreground"}
 INFO  [LoadTime][Edge:manage-bookings] complete {"action": "fetch", "cursor": undefined, "durationMs": 1327, "hasUserId": true, "keys": ["action", "includeScreenPayload", "userId"], "limit": undefined}
 INFO  [LoadTime][Bookings] query-complete {"durationMs": 1397, "error": undefined, "query": "bookingsSummary", "status": "success", "updatedAt": "2026-05-17T20:02:48.162Z"}
 INFO  [LoadTime][Bookings] load-complete {"counts": {"activeMusicians": 0, "applicants": 1, "history": 0, "ongoing": 0, "pending": 0, "pendingPermits": 0, "review": 0, "upcoming": 0}, "details": {"activeTab": "Applicants", "role": "venue-owner", "viewMode": "bookings"}, "durationMs": 2310}
 LOG  [notification-toast] Backfilled recent notifications {"count": 0, "queryFloorIso": "2026-05-17T20:02:32.246Z", "reason": "recovery-poll"}
 LOG  [notification-toast] Backfilled recent notifications {"count": 0, "queryFloorIso": "2026-05-17T20:02:38.275Z", "reason": "recovery-poll"}
 LOG  [notification-toast] Backfilled recent notifications {"count": 0, "queryFloorIso": "2026-05-17T20:02:44.306Z", "reason": "recovery-poll"}
 LOG  [notification-toast] Backfilled recent notifications {"count": 0, "queryFloorIso": "2026-05-17T20:02:50.336Z", "reason": "recovery-poll"}
 LOG  [notification-toast] Backfilled recent notifications {"count": 0, "queryFloorIso": "2026-05-17T20:02:56.366Z", "reason": "recovery-poll"}
 LOG  [notification-toast] Backfilled recent notifications {"count": 0, "queryFloorIso": "2026-05-17T20:03:02.397Z", "reason": "recovery-poll"}
 LOG  [notification-toast] Backfilled recent notifications {"count": 0, "queryFloorIso": "2026-05-17T20:03:08.427Z", "reason": "recovery-poll"}
 LOG  [notification-toast] Backfilled recent notifications {"count": 0, "queryFloorIso": "2026-05-17T20:03:14.458Z", "reason": "recovery-poll"}
 LOG  [notification-toast] Backfilled recent notifications {"count": 0, "queryFloorIso": "2026-05-17T20:03:20.489Z", "reason": "recovery-poll"}
 INFO  [LoadTime][Bookings] query-start {"query": "bookingsSummary", "status": "success"}
 LOG  [notification-toast] Backfilled recent notifications {"count": 0, "queryFloorIso": "2026-05-17T20:03:26.519Z", "reason": "recovery-poll"}
 INFO  [LoadTime][Edge:manage-bookings] complete {"action": "fetch", "cursor": undefined, "durationMs": 933, "hasUserId": true, "keys": ["action", "includeScreenPayload", "userId"], "limit": undefined}
 INFO  [LoadTime][Bookings] query-complete {"durationMs": 923, "error": undefined, "query": "bookingsSummary", "status": "success", "updatedAt": "2026-05-17T20:03:47.790Z"}
 LOG  [notification-toast] Backfilled recent notifications {"count": 0, "queryFloorIso": "2026-05-17T20:03:32.550Z", "reason": "recovery-poll"}
 LOG  [notification-toast] Backfilled recent notifications {"count": 0, "queryFloorIso": "2026-05-17T20:03:38.580Z", "reason": "recovery-poll"}
 LOG  [notification-toast] Backfilled recent notifications {"count": 0, "queryFloorIso": "2026-05-17T20:03:44.610Z", "reason": "recovery-poll"}
 LOG  [notification-toast] Backfilled recent notifications {"count": 0, "queryFloorIso": "2026-05-17T20:03:50.641Z", "reason": "recovery-poll"}
 LOG  [notification-toast] Backfilled recent notifications {"count": 0, "queryFloorIso": "2026-05-17T20:03:56.671Z", "reason": "recovery-poll"}
 LOG  [notification-toast] Backfilled recent notifications {"count": 0, "queryFloorIso": "2026-05-17T20:04:02.702Z", "reason": "recovery-poll"}
 LOG  [notification-toast] Backfilled recent notifications {"count": 0, "queryFloorIso": "2026-05-17T20:04:08.733Z", "reason": "recovery-poll"}
 LOG  [notification-toast] Backfilled recent notifications {"count": 0, "queryFloorIso": "2026-05-17T20:04:14.763Z", "reason": "recovery-poll"}
Android .\index.js ░░░░░░░░░░░░░░░░  0.0% (0/1)
Android Bundled 115ms index.js (1 module)
 INFO  [radio] react-native-track-player unavailable; radio playback is disabled until you run a native dev build.
 WARN  SafeAreaView has been deprecated and will be removed in a future release. Please use 'react-native-safe-area-context' instead. See https://github.com/th3rdwave/react-native-safe-area-context
 WARN  [expo-av]: Expo AV has been deprecated and will be removed in SDK 54. Use the `expo-audio` and `expo-video` packages to replace the required functionality.
 INFO  [push] expo-notifications unavailable; native push registration is disabled until dependencies are installed and Metro is restarted.
 INFO  [LoadTime][Route] enter {"route": "/", "startedAt": "2026-05-17T20:04:44.267Z"}
Android .\index.js ░░░░░░░░░░░░░░░░  0.0% (0/1)
Android Bundled 114ms index.js (1 module)
 INFO  [radio] react-native-track-player unavailable; radio playback is disabled until you run a native dev build.
 WARN  SafeAreaView has been deprecated and will be removed in a future release. Please use 'react-native-safe-area-context' instead. See https://github.com/th3rdwave/react-native-safe-area-context
 WARN  [expo-av]: Expo AV has been deprecated and will be removed in SDK 54. Use the `expo-audio` and `expo-video` packages to replace the required functionality.
 INFO  [push] expo-notifications unavailable; native push registration is disabled until dependencies are installed and Metro is restarted.
 INFO  [LoadTime][Route] enter {"route": "/", "startedAt": "2026-05-17T20:06:59.133Z"}
 INFO  [LoadTime][Route] leave {"durationMs": 2930, "route": "/"}
 INFO  [LoadTime][Feed] mount {"details": {"hasMore": false, "tab": "for_you", "user": "guest"}, "startedAt": "2026-05-17T20:07:03.565Z"}
 INFO  [LoadTime][Route] enter {"route": "/(tabs)/feed", "startedAt": "2026-05-17T20:07:03.589Z"}
 LOG  [notification-toast] Notification toast channel status {"activeUserId": "f08abb01-96b7-4fb6-8fd4-047eb0587ec8", "reason": "initial", "status": "SUBSCRIBED"}
 INFO  [LoadTime][Feed] query-start {"query": "forYouFeed", "status": "pending"}
 LOG  [notification-toast] Backfilled recent notifications {"count": 0, "queryFloorIso": "2026-05-17T20:01:49.072Z", "reason": "subscribed:initial"}
 INFO  [LoadTime][Edge:manage-social-feed] complete {"action": "get_feed", "cursor": undefined, "durationMs": 757, "hasUserId": true, "keys": ["action", "cursor", "feed_type", "limit", "personalize", "userId"], "limit": 12}
 INFO  [LoadTime][Feed] primary-page-parsed {"append": false, "feedTab": "for_you", "pages": 1, "posts": 2}
 INFO  [LoadTime][Feed] snapshot-ready {"aiCards": 0, "feedTab": "for_you", "hasMore": false, "posts": 2}
 INFO  [LoadTime][Feed] load-complete {"counts": {"aiCards": 0, "followingEntities": 0, "posts": 2}, "details": {"hasMore": false, "tab": "for_you", "user": "signed-in"}, "durationMs": 2916}
 INFO  [LoadTime][Feed] first-ready {"counts": {"aiCards": 0, "followingEntities": 0, "posts": 2}, "details": {"hasMore": false, "tab": "for_you", "user": "signed-in"}, "durationMs": 2919, "renderCount": 11}
 INFO  [LoadTime][Feed] query-complete {"durationMs": 1031, "error": undefined, "query": "forYouFeed", "status": "success", "updatedAt": "2026-05-17T20:07:05.676Z"}
 INFO  [LoadTime][FeedRadio] fetch-start {"details": {"includeItems": true}}
 INFO  [LoadTime][FeedRadio] edge-complete {"details": {"featuredOnly": true, "playableStations": 1, "stations": 1}, "durationMs": 1643}
 INFO  [LoadTime][FeedRadio] fetch-complete {"details": {"playableStations": 1, "stations": 1}, "durationMs": 1658}
 WARN  [GROQ_ROUTER] Request failed {"apiKeySignature": "len=56 prefix=gsk_zq suffix=j7J5Bx", "apiKeySource": "process.env.EXPO_PUBLIC_GROQ_API_KEY", "message": "Invalid API Key", "modelId": "llama-3.3-70b-versatile", "modelSource": "default.llama-3.3-70b-versatile", "status": 401}
 WARN  [GROQ_ROUTER] Request exception {"apiKeySignature": "len=56 prefix=gsk_zq suffix=j7J5Bx", "apiKeySource": "process.env.EXPO_PUBLIC_GROQ_API_KEY", "message": "Invalid API Key", "modelId": "llama-3.3-70b-versatile", "modelSource": "default.llama-3.3-70b-versatile"}
 LOG  [notification-toast] Backfilled recent notifications {"count": 0, "queryFloorIso": "2026-05-17T20:06:49.560Z", "reason": "recovery-poll"}
 LOG  [notification-toast] Backfilled recent notifications {"count": 0, "queryFloorIso": "2026-05-17T20:06:55.104Z", "reason": "recovery-poll"}
 LOG  [notification-toast] Backfilled recent notifications {"count": 0, "queryFloorIso": "2026-05-17T20:07:01.134Z", "reason": "recovery-poll"}
 LOG  [notification-toast] Backfilled recent notifications {"count": 0, "queryFloorIso": "2026-05-17T20:07:07.164Z", "reason": "recovery-poll"}
 LOG  [notification-toast] Disposed notification toast channel {"activeUserId": "f08abb01-96b7-4fb6-8fd4-047eb0587ec8", "reason": "app-state:background"}
 INFO  [LoadTime][Bookings] mount {"details": {"activeTab": "Pending", "role": "unknown", "viewMode": "bookings"}, "startedAt": "2026-05-17T20:07:33.896Z"}
 INFO  [LoadTime][Bookings] first-ready {"counts": {"activeMusicians": 0, "applicants": 0, "history": 0, "ongoing": 0, "pending": 0, "pendingPermits": 0, "review": 0, "upcoming": 0}, "details": {"activeTab": "Pending", "role": "unknown", "viewMode": "bookings"}, "durationMs": 252, "renderCount": 1}
 INFO  [LoadTime][Bookings] query-start {"query": "bookingsSummary", "status": "pending"}
 INFO  [LoadTime][Route] leave {"durationMs": 30707, "route": "/(tabs)/feed"}
 INFO  [LoadTime][Route] enter {"route": "/(tabs)/bookings", "startedAt": "2026-05-17T20:07:34.297Z"}
 LOG  [notification-toast] Notification toast channel status {"activeUserId": "f08abb01-96b7-4fb6-8fd4-047eb0587ec8", "reason": "foreground", "status": "SUBSCRIBED"}
 LOG  [notification-toast] Backfilled recent notifications {"count": 0, "queryFloorIso": "2026-05-17T20:07:18.281Z", "reason": "foreground"}
 INFO  [LoadTime][Edge:manage-bookings] complete {"action": "fetch", "cursor": undefined, "durationMs": 1246, "hasUserId": true, "keys": ["action", "includeScreenPayload", "userId"], "limit": undefined}
 INFO  [LoadTime][Bookings] query-complete {"durationMs": 1326, "error": undefined, "query": "bookingsSummary", "status": "success", "updatedAt": "2026-05-17T20:07:35.145Z"}
 INFO  [LoadTime][Bookings] load-complete {"counts": {"activeMusicians": 0, "applicants": 1, "history": 0, "ongoing": 0, "pending": 0, "pendingPermits": 0, "review": 0, "upcoming": 0}, "details": {"activeTab": "Applicants", "role": "venue-owner", "viewMode": "bookings"}, "durationMs": 2213}
 LOG  [notification-toast] Backfilled recent notifications {"count": 0, "queryFloorIso": "2026-05-17T20:07:19.314Z", "reason": "recovery-poll"}
 LOG  [notification-toast] Backfilled recent notifications {"count": 0, "queryFloorIso": "2026-05-17T20:07:25.339Z", "reason": "recovery-poll"}
 INFO  [LoadTime][Bookings] query-start {"query": "bookingsSummary", "status": "success"}
 INFO  [LoadTime][Edge:manage-bookings] complete {"action": "fetch", "cursor": undefined, "durationMs": 801, "hasUserId": true, "keys": ["action", "includeScreenPayload", "userId"], "limit": undefined}
 INFO  [LoadTime][Bookings] query-complete {"durationMs": 751, "error": undefined, "query": "bookingsSummary", "status": "success", "updatedAt": "2026-05-17T20:07:48.591Z"}
Android .\index.js ░░░░░░░░░░░░░░░░  0.0% (0/1)
Android Bundled 105ms index.js (1 module)
 INFO  [radio] react-native-track-player unavailable; radio playback is disabled until you run a native dev build.
 WARN  SafeAreaView has been deprecated and will be removed in a future release. Please use 'react-native-safe-area-context' instead. See https://github.com/th3rdwave/react-native-safe-area-context
 WARN  [expo-av]: Expo AV has been deprecated and will be removed in SDK 54. Use the `expo-audio` and `expo-video` packages to replace the required functionality.
 INFO  [push] expo-notifications unavailable; native push registration is disabled until dependencies are installed and Metro is restarted.
 INFO  [LoadTime][Route] enter {"route": "/", "startedAt": "2026-05-17T20:07:56.764Z"}
Android .\index.js ░░░░░░░░░░░░░░░░  0.0% (0/1)
Android Bundled 117ms index.js (1 module)
 INFO  [radio] react-native-track-player unavailable; radio playback is disabled until you run a native dev build.
 WARN  SafeAreaView has been deprecated and will be removed in a future release. Please use 'react-native-safe-area-context' instead. See https://github.com/th3rdwave/react-native-safe-area-context
 WARN  [expo-av]: Expo AV has been deprecated and will be removed in SDK 54. Use the `expo-audio` and `expo-video` packages to replace the required functionality.
 INFO  [push] expo-notifications unavailable; native push registration is disabled until dependencies are installed and Metro is restarted.
 INFO  [LoadTime][Route] enter {"route": "/", "startedAt": "2026-05-17T20:10:10.064Z"}
 INFO  [LoadTime][Route] leave {"durationMs": 2451, "route": "/"}
 INFO  [LoadTime][Feed] mount {"details": {"hasMore": false, "tab": "for_you", "user": "guest"}, "startedAt": "2026-05-17T20:10:13.941Z"}
 INFO  [LoadTime][Route] enter {"route": "/(tabs)/feed", "startedAt": "2026-05-17T20:10:13.964Z"}
 LOG  [notification-toast] Notification toast channel status {"activeUserId": "d70e1191-400d-40b0-9a6f-cfb51da61088", "reason": "initial", "status": "SUBSCRIBED"}
 INFO  [LoadTime][Feed] query-start {"query": "forYouFeed", "status": "pending"}
 LOG  [notification-toast] Backfilled recent notifications {"count": 0, "queryFloorIso": "2026-05-17T20:04:59.387Z", "reason": "subscribed:initial"}
 INFO  [LoadTime][Edge:manage-social-feed] complete {"action": "get_feed", "cursor": undefined, "durationMs": 837, "hasUserId": true, "keys": ["action", "cursor", "feed_type", "limit", "personalize", "userId"], "limit": 12}
 INFO  [LoadTime][Feed] primary-page-parsed {"append": false, "feedTab": "for_you", "pages": 1, "posts": 2}
 INFO  [LoadTime][Feed] snapshot-ready {"aiCards": 0, "feedTab": "for_you", "hasMore": false, "posts": 2}
 INFO  [LoadTime][Feed] load-complete {"counts": {"aiCards": 0, "followingEntities": 0, "posts": 2}, "details": {"hasMore": false, "tab": "for_you", "user": "signed-in"}, "durationMs": 4302}
 INFO  [LoadTime][Feed] first-ready {"counts": {"aiCards": 0, "followingEntities": 0, "posts": 2}, "details": {"hasMore": false, "tab": "for_you", "user": "signed-in"}, "durationMs": 4305, "renderCount": 10}
 INFO  [LoadTime][Feed] query-complete {"durationMs": 1207, "error": undefined, "query": "forYouFeed", "status": "success", "updatedAt": "2026-05-17T20:10:17.329Z"}
 INFO  [LoadTime][FeedRadio] fetch-start {"details": {"includeItems": true}}
 INFO  [LoadTime][FeedRadio] edge-complete {"details": {"featuredOnly": true, "playableStations": 1, "stations": 1}, "durationMs": 767}
 INFO  [LoadTime][FeedRadio] fetch-complete {"details": {"playableStations": 1, "stations": 1}, "durationMs": 770}
 WARN  [GROQ_ROUTER] Request failed {"apiKeySignature": "len=56 prefix=gsk_zq suffix=j7J5Bx", "apiKeySource": "process.env.EXPO_PUBLIC_GROQ_API_KEY", "message": "Invalid API Key", "modelId": "llama-3.3-70b-versatile", "modelSource": "default.llama-3.3-70b-versatile", "status": 401}
 WARN  [GROQ_ROUTER] Request exception {"apiKeySignature": "len=56 prefix=gsk_zq suffix=j7J5Bx", "apiKeySource": "process.env.EXPO_PUBLIC_GROQ_API_KEY", "message": "Invalid API Key", "modelId": "llama-3.3-70b-versatile", "modelSource": "default.llama-3.3-70b-versatile"}
 LOG  [notification-toast] Received notification realtime payload {"notification": {"created_at": "2026-05-17T20:10:18.536805+00:00", "id": "8f7efe38-b7cb-4486-85aa-ff710439dc49", "image": null, "message": "Your application for E2E Gig e2e-1779048271958-notification-toast has been accepted!", "meta": {"event_type": "gig_application_accepted", "route": "/bookings", "status": "accepted"}, "read": false, "title": "Application Accepted!", "type": "success", "user_id": "d70e1191-400d-40b0-9a6f-cfb51da61088"}, "reason": "initial"}
 LOG  [notification-toast] Displayed notification toast {"emitted": true, "notificationId": "8f7efe38-b7cb-4486-85aa-ff710439dc49", "source": "realtime", "toastType": "success"}
 LOG  [notification-toast] Skipping already displayed notification toast {"notificationId": "8f7efe38-b7cb-4486-85aa-ff710439dc49", "source": "backfill:recovery-poll"}
 LOG  [notification-toast] Backfilled recent notifications {"count": 1, "queryFloorIso": "2026-05-17T20:10:04.512Z", "reason": "recovery-poll"}
 LOG  [notification-toast] Skipping already displayed notification toast {"notificationId": "8f7efe38-b7cb-4486-85aa-ff710439dc49", "source": "backfill:recovery-poll"}
 LOG  [notification-toast] Backfilled recent notifications {"count": 1, "queryFloorIso": "2026-05-17T20:10:05.413Z", "reason": "recovery-poll"}
 LOG  [notification-toast] Skipping already displayed notification toast {"notificationId": "8f7efe38-b7cb-4486-85aa-ff710439dc49", "source": "backfill:recovery-poll"}
 LOG  [notification-toast] Backfilled recent notifications {"count": 1, "queryFloorIso": "2026-05-17T20:10:11.443Z", "reason": "recovery-poll"}
 LOG  [notification-toast] Skipping already displayed notification toast {"notificationId": "8f7efe38-b7cb-4486-85aa-ff710439dc49", "source": "backfill:recovery-poll"}
 LOG  [notification-toast] Backfilled recent notifications {"count": 1, "queryFloorIso": "2026-05-17T20:10:17.474Z", "reason": "recovery-poll"}
 LOG  [notification-toast] Backfilled recent notifications {"count": 0, "queryFloorIso": "2026-05-17T20:10:23.504Z", "reason": "recovery-poll"}
Android .\index.js ░░░░░░░░░░░░░░░░  0.0% (0/1)
Android Bundled 112ms index.js (1 module)
 INFO  [radio] react-native-track-player unavailable; radio playback is disabled until you run a native dev build.
 WARN  SafeAreaView has been deprecated and will be removed in a future release. Please use 'react-native-safe-area-context' instead. See https://github.com/th3rdwave/react-native-safe-area-context
 WARN  [expo-av]: Expo AV has been deprecated and will be removed in SDK 54. Use the `expo-audio` and `expo-video` packages to replace the required functionality.
 INFO  [push] expo-notifications unavailable; native push registration is disabled until dependencies are installed and Metro is restarted.
 INFO  [LoadTime][Route] enter {"route": "/", "startedAt": "2026-05-17T20:10:55.530Z"}
Android .\index.js ░░░░░░░░░░░░░░░░  0.0% (0/1)
Android Bundled 113ms index.js (1 module)
 INFO  [radio] react-native-track-player unavailable; radio playback is disabled until you run a native dev build.
 WARN  SafeAreaView has been deprecated and will be removed in a future release. Please use 'react-native-safe-area-context' instead. See https://github.com/th3rdwave/react-native-safe-area-context
 WARN  [expo-av]: Expo AV has been deprecated and will be removed in SDK 54. Use the `expo-audio` and `expo-video` packages to replace the required functionality.
 INFO  [push] expo-notifications unavailable; native push registration is disabled until dependencies are installed and Metro is restarted.
 INFO  [LoadTime][Route] enter {"route": "/", "startedAt": "2026-05-17T20:13:09.115Z"}
 INFO  [LoadTime][Route] leave {"durationMs": 2576, "route": "/"}
 INFO  [LoadTime][Feed] mount {"details": {"hasMore": false, "tab": "for_you", "user": "guest"}, "startedAt": "2026-05-17T20:13:13.242Z"}
 INFO  [LoadTime][Route] enter {"route": "/(tabs)/feed", "startedAt": "2026-05-17T20:13:13.265Z"}
 LOG  [notification-toast] Notification toast channel status {"activeUserId": "b60c2a20-910a-4f67-8a45-d361e6911e8a", "reason": "initial", "status": "SUBSCRIBED"}
 INFO  [LoadTime][Feed] query-start {"query": "forYouFeed", "status": "pending"}
 LOG  [notification-toast] Backfilled recent notifications {"count": 0, "queryFloorIso": "2026-05-17T20:07:58.692Z", "reason": "subscribed:initial"}
 INFO  [LoadTime][Edge:manage-social-feed] complete {"action": "get_feed", "cursor": undefined, "durationMs": 1106, "hasUserId": true, "keys": ["action", "cursor", "feed_type", "limit", "personalize", "userId"], "limit": 12}
 INFO  [LoadTime][Feed] primary-page-parsed {"append": false, "feedTab": "for_you", "pages": 1, "posts": 2}
 INFO  [LoadTime][Feed] snapshot-ready {"aiCards": 0, "feedTab": "for_you", "hasMore": false, "posts": 2}
 INFO  [LoadTime][Feed] load-complete {"counts": {"aiCards": 0, "followingEntities": 0, "posts": 2}, "details": {"hasMore": false, "tab": "for_you", "user": "signed-in"}, "durationMs": 4453}
 INFO  [LoadTime][Feed] first-ready {"counts": {"aiCards": 0, "followingEntities": 0, "posts": 2}, "details": {"hasMore": false, "tab": "for_you", "user": "signed-in"}, "durationMs": 4455, "renderCount": 10}
 INFO  [LoadTime][Feed] query-complete {"durationMs": 1576, "error": undefined, "query": "forYouFeed", "status": "success", "updatedAt": "2026-05-17T20:13:16.669Z"}
 INFO  [LoadTime][FeedRadio] fetch-start {"details": {"includeItems": true}}
 INFO  [LoadTime][FeedRadio] edge-complete {"details": {"featuredOnly": true, "playableStations": 1, "stations": 1}, "durationMs": 920}
 INFO  [LoadTime][FeedRadio] fetch-complete {"details": {"playableStations": 1, "stations": 1}, "durationMs": 926}
 LOG  [notification-toast] Received notification realtime payload {"notification": {"created_at": "2026-05-17T20:13:17.569236+00:00", "id": "d89e530a-0ff4-43ee-a965-91302f9160f6", "image": null, "message": "Your application for E2E Gig e2e-1779048271958-notification-toast-other was declined.", "meta": {"event_type": "gig_application_declined", "route": "/bookings", "status": "rejected"}, "read": false, "title": "Application Declined", "type": "warning", "user_id": "b60c2a20-910a-4f67-8a45-d361e6911e8a"}, "reason": "initial"}
 LOG  [notification-toast] Displayed notification toast {"emitted": true, "notificationId": "d89e530a-0ff4-43ee-a965-91302f9160f6", "source": "realtime", "toastType": "warning"}
 WARN  [GROQ_ROUTER] Request failed {"apiKeySignature": "len=56 prefix=gsk_zq suffix=j7J5Bx", "apiKeySource": "process.env.EXPO_PUBLIC_GROQ_API_KEY", "message": "Invalid API Key", "modelId": "llama-3.3-70b-versatile", "modelSource": "default.llama-3.3-70b-versatile", "status": 401}
 WARN  [GROQ_ROUTER] Request exception {"apiKeySignature": "len=56 prefix=gsk_zq suffix=j7J5Bx", "apiKeySource": "process.env.EXPO_PUBLIC_GROQ_API_KEY", "message": "Invalid API Key", "modelId": "llama-3.3-70b-versatile", "modelSource": "default.llama-3.3-70b-versatile"}
 LOG  [notification-toast] Skipping already displayed notification toast {"notificationId": "d89e530a-0ff4-43ee-a965-91302f9160f6", "source": "backfill:recovery-poll"}
 LOG  [notification-toast] Backfilled recent notifications {"count": 1, "queryFloorIso": "2026-05-17T20:13:03.438Z", "reason": "recovery-poll"}
 LOG  [notification-toast] Skipping already displayed notification toast {"notificationId": "d89e530a-0ff4-43ee-a965-91302f9160f6", "source": "backfill:recovery-poll"}
 LOG  [notification-toast] Backfilled recent notifications {"count": 1, "queryFloorIso": "2026-05-17T20:13:04.711Z", "reason": "recovery-poll"}
 LOG  [notification-toast] Skipping already displayed notification toast {"notificationId": "d89e530a-0ff4-43ee-a965-91302f9160f6", "source": "backfill:recovery-poll"}
 LOG  [notification-toast] Backfilled recent notifications {"count": 1, "queryFloorIso": "2026-05-17T20:13:10.741Z", "reason": "recovery-poll"}
 LOG  [notification-toast] Skipping already displayed notification toast {"notificationId": "d89e530a-0ff4-43ee-a965-91302f9160f6", "source": "backfill:recovery-poll"}
 LOG  [notification-toast] Backfilled recent notifications {"count": 1, "queryFloorIso": "2026-05-17T20:13:16.772Z", "reason": "recovery-poll"}
 LOG  [notification-toast] Backfilled recent notifications {"count": 0, "queryFloorIso": "2026-05-17T20:13:22.804Z", "reason": "recovery-poll"}
 LOG  [notification-toast] Received notification realtime payload {"notification": {"created_at": "2026-05-17T20:13:46.789877+00:00", "id": "db6559c7-f2ee-412a-ae1e-a335ad638178", "image": null, "message": "Your booking for E2E Studio e2e-1779048271958-notification-toast-other was confirmed.", "meta": {"event_type": "studio_booking_confirmed", "route": "/bookings", "status": "confirmed"}, "read": false, "title": "Booking Confirmed!", "type": "success", "user_id": "b60c2a20-910a-4f67-8a45-d361e6911e8a"}, "reason": "initial"}
 LOG  [notification-toast] Displayed notification toast {"emitted": true, "notificationId": "db6559c7-f2ee-412a-ae1e-a335ad638178", "source": "realtime", "toastType": "success"}
 LOG  [notification-toast] Skipping already displayed notification toast {"notificationId": "db6559c7-f2ee-412a-ae1e-a335ad638178", "source": "backfill:recovery-poll"}
 LOG  [notification-toast] Backfilled recent notifications {"count": 1, "queryFloorIso": "2026-05-17T20:13:32.905Z", "reason": "recovery-poll"}
 LOG  [notification-toast] Skipping already displayed notification toast {"notificationId": "db6559c7-f2ee-412a-ae1e-a335ad638178", "source": "backfill:recovery-poll"}
 LOG  [notification-toast] Backfilled recent notifications {"count": 1, "queryFloorIso": "2026-05-17T20:13:34.864Z", "reason": "recovery-poll"}
 LOG  [notification-toast] Skipping already displayed notification toast {"notificationId": "db6559c7-f2ee-412a-ae1e-a335ad638178", "source": "backfill:recovery-poll"}
 LOG  [notification-toast] Backfilled recent notifications {"count": 1, "queryFloorIso": "2026-05-17T20:13:40.894Z", "reason": "recovery-poll"}
 LOG  [notification-toast] Backfilled recent notifications {"count": 0, "queryFloorIso": "2026-05-17T20:13:46.925Z", "reason": "recovery-poll"}
 LOG  [notification-toast] Backfilled recent notifications {"count": 0, "queryFloorIso": "2026-05-17T20:13:52.955Z", "reason": "recovery-poll"}
 LOG  [notification-toast] Received notification realtime payload {"notification": {"created_at": "2026-05-17T20:14:16.740086+00:00", "id": "c8309037-e22d-4885-a521-57394f6b5744", "image": null, "message": "Your booking for E2E Studio e2e-1779048271958-notification-toast-other was cancelled.", "meta": {"event_type": "studio_booking_cancelled", "route": "/bookings", "status": "cancelled"}, "read": false, "title": "Booking Cancelled", "type": "warning", "user_id": "b60c2a20-910a-4f67-8a45-d361e6911e8a"}, "reason": "initial"}
 LOG  [notification-toast] Displayed notification toast {"emitted": true, "notificationId": "c8309037-e22d-4885-a521-57394f6b5744", "source": "realtime", "toastType": "warning"}
 LOG  [notification-toast] Skipping already displayed notification toast {"notificationId": "c8309037-e22d-4885-a521-57394f6b5744", "source": "backfill:recovery-poll"}
 LOG  [notification-toast] Backfilled recent notifications {"count": 1, "queryFloorIso": "2026-05-17T20:14:02.292Z", "reason": "recovery-poll"}
 LOG  [notification-toast] Skipping already displayed notification toast {"notificationId": "c8309037-e22d-4885-a521-57394f6b5744", "source": "backfill:recovery-poll"}
 LOG  [notification-toast] Backfilled recent notifications {"count": 1, "queryFloorIso": "2026-05-17T20:14:05.016Z", "reason": "recovery-poll"}
 LOG  [notification-toast] Skipping already displayed notification toast {"notificationId": "c8309037-e22d-4885-a521-57394f6b5744", "source": "backfill:recovery-poll"}
 LOG  [notification-toast] Backfilled recent notifications {"count": 1, "queryFloorIso": "2026-05-17T20:14:11.046Z", "reason": "recovery-poll"}
 LOG  [notification-toast] Backfilled recent notifications {"count": 0, "queryFloorIso": "2026-05-17T20:14:17.077Z", "reason": "recovery-poll"}
 LOG  [notification-toast] Backfilled recent notifications {"count": 0, "queryFloorIso": "2026-05-17T20:14:23.108Z", "reason": "recovery-poll"}
 LOG  [notification-toast] Received notification realtime payload {"notification": {"created_at": "2026-05-17T20:14:45.936105+00:00", "id": "89ec678d-ad32-4de5-aa69-b1191109ff34", "image": null, "message": "An incident was reported for E2E Booking e2e-1779048271958-notification-toast-other.", "meta": {"event_type": "booking_incident_reported", "route": "/bookings", "status": "reported"}, "read": false, "title": "Booking Incident Reported", "type": "warning", "user_id": "b60c2a20-910a-4f67-8a45-d361e6911e8a"}, "reason": "initial"}
 LOG  [notification-toast] Displayed notification toast {"emitted": true, "notificationId": "89ec678d-ad32-4de5-aa69-b1191109ff34", "source": "realtime", "toastType": "warning"}
 LOG  [notification-toast] Skipping already displayed notification toast {"notificationId": "89ec678d-ad32-4de5-aa69-b1191109ff34", "source": "backfill:recovery-poll"}
 LOG  [notification-toast] Backfilled recent notifications {"count": 1, "queryFloorIso": "2026-05-17T20:14:31.467Z", "reason": "recovery-poll"}
 LOG  [notification-toast] Skipping already displayed notification toast {"notificationId": "89ec678d-ad32-4de5-aa69-b1191109ff34", "source": "backfill:recovery-poll"}
 LOG  [notification-toast] Backfilled recent notifications {"count": 1, "queryFloorIso": "2026-05-17T20:14:35.169Z", "reason": "recovery-poll"}
 LOG  [notification-toast] Skipping already displayed notification toast {"notificationId": "89ec678d-ad32-4de5-aa69-b1191109ff34", "source": "backfill:recovery-poll"}
 LOG  [notification-toast] Backfilled recent notifications {"count": 1, "queryFloorIso": "2026-05-17T20:14:41.199Z", "reason": "recovery-poll"}
 LOG  [notification-toast] Backfilled recent notifications {"count": 0, "queryFloorIso": "2026-05-17T20:14:47.230Z", "reason": "recovery-poll"}
 LOG  [notification-toast] Backfilled recent notifications {"count": 0, "queryFloorIso": "2026-05-17T20:14:53.260Z", "reason": "recovery-poll"}
 LOG  [notification-toast] Received notification realtime payload {"notification": {"created_at": "2026-05-17T20:15:16.648008+00:00", "id": "0ae69a23-1652-42ed-b4f0-a04ab2e05f12", "image": null, "message": "The incident for E2E Booking e2e-1779048271958-notification-toast-other was resolved.", "meta": {"event_type": "booking_incident_resolved", "route": "/bookings", "status": "resolved"}, "read": false, "title": "Booking Incident Resolved", "type": "success", "user_id": "b60c2a20-910a-4f67-8a45-d361e6911e8a"}, "reason": "initial"}
 LOG  [notification-toast] Displayed notification toast {"emitted": true, "notificationId": "0ae69a23-1652-42ed-b4f0-a04ab2e05f12", "source": "realtime", "toastType": "success"}
 LOG  [notification-toast] Skipping already displayed notification toast {"notificationId": "0ae69a23-1652-42ed-b4f0-a04ab2e05f12", "source": "backfill:recovery-poll"}
 LOG  [notification-toast] Backfilled recent notifications {"count": 1, "queryFloorIso": "2026-05-17T20:15:01.992Z", "reason": "recovery-poll"}
 LOG  [notification-toast] Skipping already displayed notification toast {"notificationId": "0ae69a23-1652-42ed-b4f0-a04ab2e05f12", "source": "backfill:recovery-poll"}
 LOG  [notification-toast] Backfilled recent notifications {"count": 1, "queryFloorIso": "2026-05-17T20:15:05.321Z", "reason": "recovery-poll"}
 LOG  [notification-toast] Skipping already displayed notification toast {"notificationId": "0ae69a23-1652-42ed-b4f0-a04ab2e05f12", "source": "backfill:recovery-poll"}
 LOG  [notification-toast] Backfilled recent notifications {"count": 1, "queryFloorIso": "2026-05-17T20:15:11.352Z", "reason": "recovery-poll"}
 LOG  [notification-toast] Backfilled recent notifications {"count": 0, "queryFloorIso": "2026-05-17T20:15:17.382Z", "reason": "recovery-poll"}
 LOG  [notification-toast] Backfilled recent notifications {"count": 0, "queryFloorIso": "2026-05-17T20:15:23.413Z", "reason": "recovery-poll"}
 LOG  [notification-toast] Received notification realtime payload {"notification": {"created_at": "2026-05-17T20:15:47.476505+00:00", "id": "02597ae5-9a06-4572-be62-7de7c48f1d7d", "image": null, "message": "Your booking for E2E Studio e2e-1779048271958-notification-toast-other was cancelled and refunded.", "meta": {"event_type": "studio_booking_cancelled_refunded", "route": "/bookings", "status": "refunded"}, "read": false, "title": "Booking Cancelled & Refunded", "type": "warning", "user_id": "b60c2a20-910a-4f67-8a45-d361e6911e8a"}, "reason": "initial"}
 LOG  [notification-toast] Displayed notification toast {"emitted": true, "notificationId": "02597ae5-9a06-4572-be62-7de7c48f1d7d", "source": "realtime", "toastType": "warning"}
 LOG  [notification-toast] Skipping already displayed notification toast {"notificationId": "02597ae5-9a06-4572-be62-7de7c48f1d7d", "source": "backfill:recovery-poll"}
 LOG  [notification-toast] Backfilled recent notifications {"count": 1, "queryFloorIso": "2026-05-17T20:15:33.215Z", "reason": "recovery-poll"}
 LOG  [notification-toast] Skipping already displayed notification toast {"notificationId": "02597ae5-9a06-4572-be62-7de7c48f1d7d", "source": "backfill:recovery-poll"}
 LOG  [notification-toast] Backfilled recent notifications {"count": 1, "queryFloorIso": "2026-05-17T20:15:35.474Z", "reason": "recovery-poll"}
 LOG  [notification-toast] Skipping already displayed notification toast {"notificationId": "02597ae5-9a06-4572-be62-7de7c48f1d7d", "source": "backfill:recovery-poll"}
 LOG  [notification-toast] Backfilled recent notifications {"count": 1, "queryFloorIso": "2026-05-17T20:15:41.503Z", "reason": "recovery-poll"}
 LOG  [notification-toast] Backfilled recent notifications {"count": 0, "queryFloorIso": "2026-05-17T20:15:47.534Z", "reason": "recovery-poll"}
 LOG  [notification-toast] Backfilled recent notifications {"count": 0, "queryFloorIso": "2026-05-17T20:15:53.564Z", "reason": "recovery-poll"}
 LOG  [notification-toast] Received notification realtime payload {"notification": {"created_at": "2026-05-17T20:16:18.708245+00:00", "id": "7283354e-06de-41b3-b8fb-c5c097f24087", "image": null, "message": "E2E Production e2e-1779048271958-notification-toast-other invited you to join their production team.", "meta": {"event_type": "production_team_invite", "request_kind": "invite", "route": "/bookings"}, "read": false, "title": "New production team invite", "type": "info", "user_id": "b60c2a20-910a-4f67-8a45-d361e6911e8a"}, "reason": "initial"}
 LOG  [notification-toast] Displayed notification toast {"emitted": true, "notificationId": "7283354e-06de-41b3-b8fb-c5c097f24087", "source": "realtime", "toastType": "info"}
 LOG  [notification-toast] Skipping already displayed notification toast {"notificationId": "7283354e-06de-41b3-b8fb-c5c097f24087", "source": "backfill:recovery-poll"}
 LOG  [notification-toast] Backfilled recent notifications {"count": 1, "queryFloorIso": "2026-05-17T20:16:04.298Z", "reason": "recovery-poll"}
 LOG  [notification-toast] Skipping already displayed notification toast {"notificationId": "7283354e-06de-41b3-b8fb-c5c097f24087", "source": "backfill:recovery-poll"}
 LOG  [notification-toast] Backfilled recent notifications {"count": 1, "queryFloorIso": "2026-05-17T20:16:05.625Z", "reason": "recovery-poll"}
 LOG  [notification-toast] Skipping already displayed notification toast {"notificationId": "7283354e-06de-41b3-b8fb-c5c097f24087", "source": "backfill:recovery-poll"}
 LOG  [notification-toast] Backfilled recent notifications {"count": 1, "queryFloorIso": "2026-05-17T20:16:11.656Z", "reason": "recovery-poll"}
 LOG  [notification-toast] Skipping already displayed notification toast {"notificationId": "7283354e-06de-41b3-b8fb-c5c097f24087", "source": "backfill:recovery-poll"}
 LOG  [notification-toast] Backfilled recent notifications {"count": 1, "queryFloorIso": "2026-05-17T20:16:17.687Z", "reason": "recovery-poll"}
 LOG  [notification-toast] Backfilled recent notifications {"count": 0, "queryFloorIso": "2026-05-17T20:16:23.717Z", "reason": "recovery-poll"}
 LOG  [notification-toast] Received notification realtime payload {"notification": {"created_at": "2026-05-17T20:16:48.9841+00:00", "id": "8b77bbce-e408-4691-a602-3d4db84340b0", "image": null, "message": "E2E Group e2e-1779048271958-notification-toast-other invited you to join their group.", "meta": {"event_type": "group_invite", "request_kind": "invite", "route": "/bookings"}, "read": false, "title": "New group invite", "type": "info", "user_id": "b60c2a20-910a-4f67-8a45-d361e6911e8a"}, "reason": "initial"}
 LOG  [notification-toast] Displayed notification toast {"emitted": true, "notificationId": "8b77bbce-e408-4691-a602-3d4db84340b0", "source": "realtime", "toastType": "info"}
 LOG  [notification-toast] Skipping already displayed notification toast {"notificationId": "8b77bbce-e408-4691-a602-3d4db84340b0", "source": "backfill:recovery-poll"}
 LOG  [notification-toast] Backfilled recent notifications {"count": 1, "queryFloorIso": "2026-05-17T20:16:34.144Z", "reason": "recovery-poll"}
 LOG  [notification-toast] Skipping already displayed notification toast {"notificationId": "8b77bbce-e408-4691-a602-3d4db84340b0", "source": "backfill:recovery-poll"}
 LOG  [notification-toast] Backfilled recent notifications {"count": 1, "queryFloorIso": "2026-05-17T20:16:35.778Z", "reason": "recovery-poll"}
 LOG  [notification-toast] Skipping already displayed notification toast {"notificationId": "8b77bbce-e408-4691-a602-3d4db84340b0", "source": "backfill:recovery-poll"}
 LOG  [notification-toast] Backfilled recent notifications {"count": 1, "queryFloorIso": "2026-05-17T20:16:41.809Z", "reason": "recovery-poll"}
 LOG  [notification-toast] Skipping already displayed notification toast {"notificationId": "8b77bbce-e408-4691-a602-3d4db84340b0", "source": "backfill:recovery-poll"}
 LOG  [notification-toast] Backfilled recent notifications {"count": 1, "queryFloorIso": "2026-05-17T20:16:47.839Z", "reason": "recovery-poll"}
 LOG  [notification-toast] Backfilled recent notifications {"count": 0, "queryFloorIso": "2026-05-17T20:16:53.870Z", "reason": "recovery-poll"}
 LOG  [notification-toast] Received notification realtime payload {"notification": {"created_at": "2026-05-17T20:17:19.792713+00:00", "id": "769e032f-3faf-419c-bebe-06455dbb27fd", "image": null, "message": "A musician applied for E2E Gig e2e-1779048271958-notification-toast-other.", "meta": {"event_type": "gig_application_submitted", "route": "/bookings", "status": "pending"}, "read": false, "title": "New Gig Application", "type": "info", "user_id": "b60c2a20-910a-4f67-8a45-d361e6911e8a"}, "reason": "initial"}
 LOG  [notification-toast] Displayed notification toast {"emitted": true, "notificationId": "769e032f-3faf-419c-bebe-06455dbb27fd", "source": "realtime", "toastType": "info"}
 LOG  [notification-toast] Skipping already displayed notification toast {"notificationId": "769e032f-3faf-419c-bebe-06455dbb27fd", "source": "backfill:recovery-poll"}
 LOG  [notification-toast] Backfilled recent notifications {"count": 1, "queryFloorIso": "2026-05-17T20:17:05.376Z", "reason": "recovery-poll"}
 LOG  [notification-toast] Skipping already displayed notification toast {"notificationId": "769e032f-3faf-419c-bebe-06455dbb27fd", "source": "backfill:recovery-poll"}
 LOG  [notification-toast] Backfilled recent notifications {"count": 1, "queryFloorIso": "2026-05-17T20:17:05.931Z", "reason": "recovery-poll"}
 LOG  [notification-toast] Skipping already displayed notification toast {"notificationId": "769e032f-3faf-419c-bebe-06455dbb27fd", "source": "backfill:recovery-poll"}
 LOG  [notification-toast] Backfilled recent notifications {"count": 1, "queryFloorIso": "2026-05-17T20:17:11.961Z", "reason": "recovery-poll"}
 LOG  [notification-toast] Skipping already displayed notification toast {"notificationId": "769e032f-3faf-419c-bebe-06455dbb27fd", "source": "backfill:recovery-poll"}
 LOG  [notification-toast] Backfilled recent notifications {"count": 1, "queryFloorIso": "2026-05-17T20:17:17.991Z", "reason": "recovery-poll"}
 LOG  [notification-toast] Backfilled recent notifications {"count": 0, "queryFloorIso": "2026-05-17T20:17:24.022Z", "reason": "recovery-poll"}
 LOG  [notification-toast] Displayed notification toast {"emitted": true, "notificationId": "dfffd562-625e-48f6-a8bc-ee752d58c34e", "source": "backfill:recovery-poll", "toastType": "info"}
 LOG  [notification-toast] Backfilled recent notifications {"count": 1, "queryFloorIso": "2026-05-17T20:17:30.052Z", "reason": "recovery-poll"}
 LOG  [notification-toast] Received notification realtime payload {"notification": {"created_at": "2026-05-17T20:17:50.732698+00:00", "id": "dfffd562-625e-48f6-a8bc-ee752d58c34e", "image": null, "message": "A group applied for E2E Gig e2e-1779048271958-notification-toast-other.", "meta": {"event_type": "group_gig_application_submitted", "route": "/bookings", "status": "pending"}, "read": false, "title": "Group Gig Application", "type": "info", "user_id": "b60c2a20-910a-4f67-8a45-d361e6911e8a"}, "reason": "initial"}
 LOG  [notification-toast] Skipping already displayed notification toast {"notificationId": "dfffd562-625e-48f6-a8bc-ee752d58c34e", "source": "realtime"}
 LOG  [notification-toast] Skipping already displayed notification toast {"notificationId": "dfffd562-625e-48f6-a8bc-ee752d58c34e", "source": "backfill:recovery-poll"}
 LOG  [notification-toast] Backfilled recent notifications {"count": 1, "queryFloorIso": "2026-05-17T20:17:36.450Z", "reason": "recovery-poll"}
 LOG  [notification-toast] Skipping already displayed notification toast {"notificationId": "dfffd562-625e-48f6-a8bc-ee752d58c34e", "source": "backfill:recovery-poll"}
 LOG  [notification-toast] Backfilled recent notifications {"count": 1, "queryFloorIso": "2026-05-17T20:17:42.113Z", "reason": "recovery-poll"}
 LOG  [notification-toast] Skipping already displayed notification toast {"notificationId": "dfffd562-625e-48f6-a8bc-ee752d58c34e", "source": "backfill:recovery-poll"}
 LOG  [notification-toast] Backfilled recent notifications {"count": 1, "queryFloorIso": "2026-05-17T20:17:48.144Z", "reason": "recovery-poll"}
 LOG  [notification-toast] Backfilled recent notifications {"count": 0, "queryFloorIso": "2026-05-17T20:17:54.175Z", "reason": "recovery-poll"}
 LOG  [notification-toast] Received notification realtime payload {"notification": {"created_at": "2026-05-17T20:18:20.956668+00:00", "id": "97df47fe-a7c5-4549-bc89-b75873812670", "image": null, "message": "A musician applied to join E2E Group e2e-1779048271958-notification-toast-other.", "meta": {"event_type": "group_application_submitted", "route": "/groups", "status": "pending"}, "read": false, "title": "New Group Application", "type": "info", "user_id": "b60c2a20-910a-4f67-8a45-d361e6911e8a"}, "reason": "initial"}
 LOG  [notification-toast] Displayed notification toast {"emitted": true, "notificationId": "97df47fe-a7c5-4549-bc89-b75873812670", "source": "realtime", "toastType": "info"}
 LOG  [notification-toast] Skipping already displayed notification toast {"notificationId": "97df47fe-a7c5-4549-bc89-b75873812670", "source": "backfill:recovery-poll"}
 LOG  [notification-toast] Backfilled recent notifications {"count": 1, "queryFloorIso": "2026-05-17T20:18:00.206Z", "reason": "recovery-poll"}
 LOG  [notification-toast] Skipping already displayed notification toast {"notificationId": "97df47fe-a7c5-4549-bc89-b75873812670", "source": "backfill:recovery-poll"}
 LOG  [notification-toast] Backfilled recent notifications {"count": 1, "queryFloorIso": "2026-05-17T20:18:06.313Z", "reason": "recovery-poll"}
 LOG  [notification-toast] Skipping already displayed notification toast {"notificationId": "97df47fe-a7c5-4549-bc89-b75873812670", "source": "backfill:recovery-poll"}
 LOG  [notification-toast] Backfilled recent notifications {"count": 1, "queryFloorIso": "2026-05-17T20:18:12.264Z", "reason": "recovery-poll"}
 LOG  [notification-toast] Skipping already displayed notification toast {"notificationId": "97df47fe-a7c5-4549-bc89-b75873812670", "source": "backfill:recovery-poll"}
 LOG  [notification-toast] Backfilled recent notifications {"count": 1, "queryFloorIso": "2026-05-17T20:18:18.296Z", "reason": "recovery-poll"}
 LOG  [notification-toast] Backfilled recent notifications {"count": 0, "queryFloorIso": "2026-05-17T20:18:24.327Z", "reason": "recovery-poll"}
 LOG  [notification-toast] Backfilled recent notifications {"count": 0, "queryFloorIso": "2026-05-17T20:18:30.357Z", "reason": "recovery-poll"}
 LOG  [notification-toast] Received notification realtime payload {"notification": {"created_at": "2026-05-17T20:18:51.502938+00:00", "id": "1138af24-4680-414d-8e30-9a178d4ad16a", "image": null, "message": "Your application to join E2E Group e2e-1779048271958-notification-toast-other was accepted.", "meta": {"event_type": "group_application_accepted", "route": "/groups", "status": "accepted"}, "read": false, "title": "Group Application Accepted", "type": "success", "user_id": "b60c2a20-910a-4f67-8a45-d361e6911e8a"}, "reason": "initial"}
 LOG  [notification-toast] Displayed notification toast {"emitted": true, "notificationId": "1138af24-4680-414d-8e30-9a178d4ad16a", "source": "realtime", "toastType": "success"}
 LOG  [notification-toast] Skipping already displayed notification toast {"notificationId": "1138af24-4680-414d-8e30-9a178d4ad16a", "source": "backfill:recovery-poll"}
 LOG  [notification-toast] Backfilled recent notifications {"count": 1, "queryFloorIso": "2026-05-17T20:18:36.824Z", "reason": "recovery-poll"}
 LOG  [notification-toast] Skipping already displayed notification toast {"notificationId": "1138af24-4680-414d-8e30-9a178d4ad16a", "source": "backfill:recovery-poll"}
 LOG  [notification-toast] Backfilled recent notifications {"count": 1, "queryFloorIso": "2026-05-17T20:18:42.417Z", "reason": "recovery-poll"}
 LOG  [notification-toast] Skipping already displayed notification toast {"notificationId": "1138af24-4680-414d-8e30-9a178d4ad16a", "source": "backfill:recovery-poll"}
 LOG  [notification-toast] Backfilled recent notifications {"count": 1, "queryFloorIso": "2026-05-17T20:18:48.448Z", "reason": "recovery-poll"}
 LOG  [notification-toast] Backfilled recent notifications {"count": 0, "queryFloorIso": "2026-05-17T20:18:54.479Z", "reason": "recovery-poll"}
 LOG  [notification-toast] Backfilled recent notifications {"count": 0, "queryFloorIso": "2026-05-17T20:19:00.509Z", "reason": "recovery-poll"}
 LOG  [notification-toast] Received notification realtime payload {"notification": {"created_at": "2026-05-17T20:19:21.65513+00:00", "id": "8463c813-350c-4296-96c4-071076609914", "image": null, "message": "Your application to join E2E Group e2e-1779048271958-notification-toast-other was declined.", "meta": {"event_type": "group_application_declined", "route": "/groups", "status": "declined"}, "read": false, "title": "Group Application Declined", "type": "warning", "user_id": "b60c2a20-910a-4f67-8a45-d361e6911e8a"}, "reason": "initial"}
 LOG  [notification-toast] Displayed notification toast {"emitted": true, "notificationId": "8463c813-350c-4296-96c4-071076609914", "source": "realtime", "toastType": "warning"}
 LOG  [notification-toast] Skipping already displayed notification toast {"notificationId": "8463c813-350c-4296-96c4-071076609914", "source": "backfill:recovery-poll"}
 LOG  [notification-toast] Backfilled recent notifications {"count": 1, "queryFloorIso": "2026-05-17T20:19:07.334Z", "reason": "recovery-poll"}
 LOG  [notification-toast] Skipping already displayed notification toast {"notificationId": "8463c813-350c-4296-96c4-071076609914", "source": "backfill:recovery-poll"}
 LOG  [notification-toast] Backfilled recent notifications {"count": 1, "queryFloorIso": "2026-05-17T20:19:12.570Z", "reason": "recovery-poll"}
 LOG  [notification-toast] Skipping already displayed notification toast {"notificationId": "8463c813-350c-4296-96c4-071076609914", "source": "backfill:recovery-poll"}
 LOG  [notification-toast] Backfilled recent notifications {"count": 1, "queryFloorIso": "2026-05-17T20:19:18.600Z", "reason": "recovery-poll"}
 LOG  [notification-toast] Backfilled recent notifications {"count": 0, "queryFloorIso": "2026-05-17T20:19:24.631Z", "reason": "recovery-poll"}
 LOG  [notification-toast] Backfilled recent notifications {"count": 0, "queryFloorIso": "2026-05-17T20:19:30.661Z", "reason": "recovery-poll"}
 LOG  [notification-toast] Received notification realtime payload {"notification": {"created_at": "2026-05-17T20:19:52.927112+00:00", "id": "76cbef46-73cb-4748-aefb-eb14117e3edc", "image": null, "message": "You were added to E2E Group e2e-1779048271958-notification-toast-other.", "meta": {"event_type": "group_member_added", "route": "/groups", "status": "accepted"}, "read": false, "title": "Member Added", "type": "success", "user_id": "b60c2a20-910a-4f67-8a45-d361e6911e8a"}, "reason": "initial"}
 LOG  [notification-toast] Displayed notification toast {"emitted": true, "notificationId": "76cbef46-73cb-4748-aefb-eb14117e3edc", "source": "realtime", "toastType": "success"}
 LOG  [notification-toast] Skipping already displayed notification toast {"notificationId": "76cbef46-73cb-4748-aefb-eb14117e3edc", "source": "backfill:recovery-poll"}
 LOG  [notification-toast] Backfilled recent notifications {"count": 1, "queryFloorIso": "2026-05-17T20:19:38.466Z", "reason": "recovery-poll"}
 LOG  [notification-toast] Skipping already displayed notification toast {"notificationId": "76cbef46-73cb-4748-aefb-eb14117e3edc", "source": "backfill:recovery-poll"}
 LOG  [notification-toast] Backfilled recent notifications {"count": 1, "queryFloorIso": "2026-05-17T20:19:42.723Z", "reason": "recovery-poll"}
 LOG  [notification-toast] Skipping already displayed notification toast {"notificationId": "76cbef46-73cb-4748-aefb-eb14117e3edc", "source": "backfill:recovery-poll"}
 LOG  [notification-toast] Backfilled recent notifications {"count": 1, "queryFloorIso": "2026-05-17T20:19:48.753Z", "reason": "recovery-poll"}
 LOG  [notification-toast] Backfilled recent notifications {"count": 0, "queryFloorIso": "2026-05-17T20:19:54.783Z", "reason": "recovery-poll"}
 LOG  [notification-toast] Backfilled recent notifications {"count": 0, "queryFloorIso": "2026-05-17T20:20:00.813Z", "reason": "recovery-poll"}
 LOG  [notification-toast] Received notification realtime payload {"notification": {"created_at": "2026-05-17T20:20:24.511921+00:00", "id": "9f197ea9-6350-4490-8701-202a412a8648", "image": null, "message": "", "meta": {"event_type": "title_only_insert", "route": "/notifications"}, "read": true, "title": "Title Only Notification", "type": "info", "user_id": "b60c2a20-910a-4f67-8a45-d361e6911e8a"}, "reason": "initial"}
 LOG  [notification-toast] Displayed notification toast {"emitted": true, "notificationId": "9f197ea9-6350-4490-8701-202a412a8648", "source": "realtime", "toastType": "info"}
 LOG  [notification-toast] Skipping already displayed notification toast {"notificationId": "9f197ea9-6350-4490-8701-202a412a8648", "source": "backfill:recovery-poll"}
 LOG  [notification-toast] Backfilled recent notifications {"count": 1, "queryFloorIso": "2026-05-17T20:20:10.311Z", "reason": "recovery-poll"}
 LOG  [notification-toast] Skipping already displayed notification toast {"notificationId": "9f197ea9-6350-4490-8701-202a412a8648", "source": "backfill:recovery-poll"}
 LOG  [notification-toast] Backfilled recent notifications {"count": 1, "queryFloorIso": "2026-05-17T20:20:12.875Z", "reason": "recovery-poll"}
 LOG  [notification-toast] Skipping already displayed notification toast {"notificationId": "9f197ea9-6350-4490-8701-202a412a8648", "source": "backfill:recovery-poll"}
 LOG  [notification-toast] Backfilled recent notifications {"count": 1, "queryFloorIso": "2026-05-17T20:20:18.905Z", "reason": "recovery-poll"}
 LOG  [notification-toast] Backfilled recent notifications {"count": 0, "queryFloorIso": "2026-05-17T20:20:24.936Z", "reason": "recovery-poll"}
 LOG  [notification-toast] Backfilled recent notifications {"count": 0, "queryFloorIso": "2026-05-17T20:20:30.966Z", "reason": "recovery-poll"}
 LOG  [notification-toast] Backfilled recent notifications {"count": 0, "queryFloorIso": "2026-05-17T20:20:36.997Z", "reason": "recovery-poll"}
 LOG  [notification-toast] Backfilled recent notifications {"count": 0, "queryFloorIso": "2026-05-17T20:20:43.028Z", "reason": "recovery-poll"}
 LOG  [notification-toast] Backfilled recent notifications {"count": 0, "queryFloorIso": "2026-05-17T20:20:49.057Z", "reason": "recovery-poll"}
 LOG  [notification-toast] Backfilled recent notifications {"count": 0, "queryFloorIso": "2026-05-17T20:20:55.088Z", "reason": "recovery-poll"}
 LOG  [notification-toast] Backfilled recent notifications {"count": 0, "queryFloorIso": "2026-05-17T20:21:01.118Z", "reason": "recovery-poll"}
 LOG  [notification-toast] Backfilled recent notifications {"count": 0, "queryFloorIso": "2026-05-17T20:21:07.148Z", "reason": "recovery-poll"}
 LOG  [notification-toast] Backfilled recent notifications {"count": 0, "queryFloorIso": "2026-05-17T20:21:13.179Z", "reason": "recovery-poll"}
 LOG  [notification-toast] Backfilled recent notifications {"count": 0, "queryFloorIso": "2026-05-17T20:21:19.209Z", "reason": "recovery-poll"}
Android Bundled 329ms index.js (1 module)
 INFO  [radio] react-native-track-player unavailable; radio playback is disabled until you run a native dev build.
 WARN  SafeAreaView has been deprecated and will be removed in a future release. Please use 'react-native-safe-area-context' instead. See https://github.com/th3rdwave/react-native-safe-area-context
 WARN  [expo-av]: Expo AV has been deprecated and will be removed in SDK 54. Use the `expo-audio` and `expo-video` packages to replace the required functionality.
 INFO  [push] expo-notifications unavailable; native push registration is disabled until dependencies are installed and Metro is restarted.
 INFO  [LoadTime][Route] enter {"route": "/", "startedAt": "2026-05-17T20:21:48.713Z"}
Android .\index.js ░░░░░░░░░░░░░░░░  0.0% (0/1)
Android Bundled 125ms index.js (1 module)
 INFO  [radio] react-native-track-player unavailable; radio playback is disabled until you run a native dev build.
 WARN  SafeAreaView has been deprecated and will be removed in a future release. Please use 'react-native-safe-area-context' instead. See https://github.com/th3rdwave/react-native-safe-area-context
 WARN  [expo-av]: Expo AV has been deprecated and will be removed in SDK 54. Use the `expo-audio` and `expo-video` packages to replace the required functionality.
 INFO  [push] expo-notifications unavailable; native push registration is disabled until dependencies are installed and Metro is restarted.
 INFO  [LoadTime][Route] enter {"route": "/", "startedAt": "2026-05-17T20:24:04.647Z"}
 INFO  [LoadTime][Route] leave {"durationMs": 2200, "route": "/"}
 INFO  [LoadTime][Feed] mount {"details": {"hasMore": false, "tab": "for_you", "user": "guest"}, "startedAt": "2026-05-17T20:24:08.474Z"}
 INFO  [LoadTime][Route] enter {"route": "/(tabs)/feed", "startedAt": "2026-05-17T20:24:08.499Z"}
 INFO  [LoadTime][Feed] query-start {"query": "forYouFeed", "status": "pending"}
 LOG  [notification-toast] Notification toast channel status {"activeUserId": "cd2b8491-8ff4-474d-a562-b711ff032f21", "reason": "initial", "status": "SUBSCRIBED"}
 LOG  [notification-toast] Backfilled recent notifications {"count": 0, "queryFloorIso": "2026-05-17T20:18:54.064Z", "reason": "subscribed:initial"}
 INFO  [LoadTime][Edge:manage-social-feed] complete {"action": "get_feed", "cursor": undefined, "durationMs": 1547, "hasUserId": true, "keys": ["action", "cursor", "feed_type", "limit", "personalize", "userId"], "limit": 12}
 INFO  [LoadTime][Feed] primary-page-parsed {"append": false, "feedTab": "for_you", "pages": 1, "posts": 2}
 INFO  [LoadTime][Feed] snapshot-ready {"aiCards": 0, "feedTab": "for_you", "hasMore": false, "posts": 2}
 INFO  [LoadTime][Feed] load-complete {"counts": {"aiCards": 0, "followingEntities": 0, "posts": 2}, "details": {"hasMore": false, "tab": "for_you", "user": "signed-in"}, "durationMs": 4652}
 INFO  [LoadTime][Feed] first-ready {"counts": {"aiCards": 0, "followingEntities": 0, "posts": 2}, "details": {"hasMore": false, "tab": "for_you", "user": "signed-in"}, "durationMs": 4660, "renderCount": 10}
 INFO  [LoadTime][Feed] query-complete {"durationMs": 2514, "error": undefined, "query": "forYouFeed", "status": "success", "updatedAt": "2026-05-17T20:24:11.511Z"}
 LOG  [notification-toast] Received notification realtime payload {"notification": {"created_at": "2026-05-17T20:24:12.152122+00:00", "id": "e3e76176-2063-4ede-8e10-b366dc0df3e3", "image": null, "message": "Your application for E2E Gig e2e-1779049297611-notification-toast-other was declined.", "meta": {"event_type": "gig_application_declined", "route": "/bookings", "status": "rejected"}, "read": false, "title": "Application Declined", "type": "warning", "user_id": "cd2b8491-8ff4-474d-a562-b711ff032f21"}, "reason": "initial"}
 LOG  [notification-toast] Displayed notification toast {"emitted": true, "notificationId": "e3e76176-2063-4ede-8e10-b366dc0df3e3", "source": "realtime", "toastType": "warning"}
 INFO  [LoadTime][FeedRadio] fetch-start {"details": {"includeItems": true}}
 INFO  [LoadTime][FeedRadio] edge-complete {"details": {"featuredOnly": true, "playableStations": 1, "stations": 1}, "durationMs": 900}
 INFO  [LoadTime][FeedRadio] fetch-complete {"details": {"playableStations": 1, "stations": 1}, "durationMs": 904}
 WARN  [GROQ_ROUTER] Request failed {"apiKeySignature": "len=56 prefix=gsk_zq suffix=j7J5Bx", "apiKeySource": "process.env.EXPO_PUBLIC_GROQ_API_KEY", "message": "Invalid API Key", "modelId": "llama-3.3-70b-versatile", "modelSource": "default.llama-3.3-70b-versatile", "status": 401}
 WARN  [GROQ_ROUTER] Request exception {"apiKeySignature": "len=56 prefix=gsk_zq suffix=j7J5Bx", "apiKeySource": "process.env.EXPO_PUBLIC_GROQ_API_KEY", "message": "Invalid API Key", "modelId": "llama-3.3-70b-versatile", "modelSource": "default.llama-3.3-70b-versatile"}
 LOG  [notification-toast] Skipping already displayed notification toast {"notificationId": "e3e76176-2063-4ede-8e10-b366dc0df3e3", "source": "backfill:recovery-poll"}
 LOG  [notification-toast] Backfilled recent notifications {"count": 1, "queryFloorIso": "2026-05-17T20:23:57.784Z", "reason": "recovery-poll"}
 LOG  [notification-toast] Skipping already displayed notification toast {"notificationId": "e3e76176-2063-4ede-8e10-b366dc0df3e3", "source": "backfill:recovery-poll"}
 LOG  [notification-toast] Backfilled recent notifications {"count": 1, "queryFloorIso": "2026-05-17T20:24:00.366Z", "reason": "recovery-poll"}
 LOG  [notification-toast] Skipping already displayed notification toast {"notificationId": "e3e76176-2063-4ede-8e10-b366dc0df3e3", "source": "backfill:recovery-poll"}
 LOG  [notification-toast] Backfilled recent notifications {"count": 1, "queryFloorIso": "2026-05-17T20:24:06.397Z", "reason": "recovery-poll"}
 LOG  [notification-toast] Backfilled recent notifications {"count": 0, "queryFloorIso": "2026-05-17T20:24:12.428Z", "reason": "recovery-poll"}
 LOG  [notification-toast] Backfilled recent notifications {"count": 0, "queryFloorIso": "2026-05-17T20:24:18.458Z", "reason": "recovery-poll"}
 LOG  [notification-toast] Received notification realtime payload {"notification": {"created_at": "2026-05-17T20:24:43.109713+00:00", "id": "3b29fad8-c4c4-4747-b123-aeddabc9e029", "image": null, "message": "Your booking for E2E Studio e2e-1779049297611-notification-toast-other was confirmed.", "meta": {"event_type": "studio_booking_confirmed", "route": "/bookings", "status": "confirmed"}, "read": false, "title": "Booking Confirmed!", "type": "success", "user_id": "cd2b8491-8ff4-474d-a562-b711ff032f21"}, "reason": "initial"}
 LOG  [notification-toast] Displayed notification toast {"emitted": true, "notificationId": "3b29fad8-c4c4-4747-b123-aeddabc9e029", "source": "realtime", "toastType": "success"}
 LOG  [notification-toast] Skipping already displayed notification toast {"notificationId": "3b29fad8-c4c4-4747-b123-aeddabc9e029", "source": "backfill:recovery-poll"}
 LOG  [notification-toast] Backfilled recent notifications {"count": 1, "queryFloorIso": "2026-05-17T20:24:28.779Z", "reason": "recovery-poll"}
 LOG  [notification-toast] Skipping already displayed notification toast {"notificationId": "3b29fad8-c4c4-4747-b123-aeddabc9e029", "source": "backfill:recovery-poll"}
 LOG  [notification-toast] Backfilled recent notifications {"count": 1, "queryFloorIso": "2026-05-17T20:24:30.519Z", "reason": "recovery-poll"}
 LOG  [notification-toast] Skipping already displayed notification toast {"notificationId": "3b29fad8-c4c4-4747-b123-aeddabc9e029", "source": "backfill:recovery-poll"}
 LOG  [notification-toast] Backfilled recent notifications {"count": 1, "queryFloorIso": "2026-05-17T20:24:36.549Z", "reason": "recovery-poll"}
 LOG  [notification-toast] Skipping already displayed notification toast {"notificationId": "3b29fad8-c4c4-4747-b123-aeddabc9e029", "source": "backfill:recovery-poll"}
 LOG  [notification-toast] Backfilled recent notifications {"count": 1, "queryFloorIso": "2026-05-17T20:24:42.580Z", "reason": "recovery-poll"}
 LOG  [notification-toast] Backfilled recent notifications {"count": 0, "queryFloorIso": "2026-05-17T20:24:48.610Z", "reason": "recovery-poll"}
 LOG  [notification-toast] Received notification realtime payload {"notification": {"created_at": "2026-05-17T20:25:14.236398+00:00", "id": "fe254d0c-62fc-42c0-9927-1da800dc52ab", "image": null, "message": "Your booking for E2E Studio e2e-1779049297611-notification-toast-other was cancelled.", "meta": {"event_type": "studio_booking_cancelled", "route": "/bookings", "status": "cancelled"}, "read": false, "title": "Booking Cancelled", "type": "warning", "user_id": "cd2b8491-8ff4-474d-a562-b711ff032f21"}, "reason": "initial"}
 LOG  [notification-toast] Displayed notification toast {"emitted": true, "notificationId": "fe254d0c-62fc-42c0-9927-1da800dc52ab", "source": "realtime", "toastType": "warning"}
 LOG  [notification-toast] Skipping already displayed notification toast {"notificationId": "fe254d0c-62fc-42c0-9927-1da800dc52ab", "source": "backfill:recovery-poll"}
 LOG  [notification-toast] Backfilled recent notifications {"count": 1, "queryFloorIso": "2026-05-17T20:25:00.207Z", "reason": "recovery-poll"}
 LOG  [notification-toast] Skipping already displayed notification toast {"notificationId": "fe254d0c-62fc-42c0-9927-1da800dc52ab", "source": "backfill:recovery-poll"}
 LOG  [notification-toast] Backfilled recent notifications {"count": 1, "queryFloorIso": "2026-05-17T20:25:00.671Z", "reason": "recovery-poll"}
 LOG  [notification-toast] Skipping already displayed notification toast {"notificationId": "fe254d0c-62fc-42c0-9927-1da800dc52ab", "source": "backfill:recovery-poll"}
 LOG  [notification-toast] Backfilled recent notifications {"count": 1, "queryFloorIso": "2026-05-17T20:25:06.702Z", "reason": "recovery-poll"}
 LOG  [notification-toast] Skipping already displayed notification toast {"notificationId": "fe254d0c-62fc-42c0-9927-1da800dc52ab", "source": "backfill:recovery-poll"}
 LOG  [notification-toast] Backfilled recent notifications {"count": 1, "queryFloorIso": "2026-05-17T20:25:12.732Z", "reason": "recovery-poll"}
 LOG  [notification-toast] Backfilled recent notifications {"count": 0, "queryFloorIso": "2026-05-17T20:25:18.763Z", "reason": "recovery-poll"}
 LOG  [notification-toast] Received notification realtime payload {"notification": {"created_at": "2026-05-17T20:25:44.791932+00:00", "id": "bf516a2c-92ac-4984-a110-2f6d8afe6069", "image": null, "message": "An incident was reported for E2E Booking e2e-1779049297611-notification-toast-other.", "meta": {"event_type": "booking_incident_reported", "route": "/bookings", "status": "reported"}, "read": false, "title": "Booking Incident Reported", "type": "warning", "user_id": "cd2b8491-8ff4-474d-a562-b711ff032f21"}, "reason": "initial"}
 LOG  [notification-toast] Displayed notification toast {"emitted": true, "notificationId": "bf516a2c-92ac-4984-a110-2f6d8afe6069", "source": "realtime", "toastType": "warning"}
 LOG  [notification-toast] Skipping already displayed notification toast {"notificationId": "bf516a2c-92ac-4984-a110-2f6d8afe6069", "source": "backfill:recovery-poll"}
 LOG  [notification-toast] Backfilled recent notifications {"count": 1, "queryFloorIso": "2026-05-17T20:25:30.109Z", "reason": "recovery-poll"}
 LOG  [notification-toast] Skipping already displayed notification toast {"notificationId": "bf516a2c-92ac-4984-a110-2f6d8afe6069", "source": "backfill:recovery-poll"}
 LOG  [notification-toast] Backfilled recent notifications {"count": 1, "queryFloorIso": "2026-05-17T20:25:30.824Z", "reason": "recovery-poll"}
 LOG  [notification-toast] Skipping already displayed notification toast {"notificationId": "bf516a2c-92ac-4984-a110-2f6d8afe6069", "source": "backfill:recovery-poll"}
 LOG  [notification-toast] Backfilled recent notifications {"count": 1, "queryFloorIso": "2026-05-17T20:25:36.858Z", "reason": "recovery-poll"}
 LOG  [notification-toast] Skipping already displayed notification toast {"notificationId": "bf516a2c-92ac-4984-a110-2f6d8afe6069", "source": "backfill:recovery-poll"}
 LOG  [notification-toast] Backfilled recent notifications {"count": 1, "queryFloorIso": "2026-05-17T20:25:42.890Z", "reason": "recovery-poll"}
 LOG  [notification-toast] Backfilled recent notifications {"count": 0, "queryFloorIso": "2026-05-17T20:25:48.915Z", "reason": "recovery-poll"}
 LOG  [notification-toast] Received notification realtime payload {"notification": {"created_at": "2026-05-17T20:26:15.122535+00:00", "id": "ada94126-4bd7-4702-8008-99c530c0f9f8", "image": null, "message": "The incident for E2E Booking e2e-1779049297611-notification-toast-other was resolved.", "meta": {"event_type": "booking_incident_resolved", "route": "/bookings", "status": "resolved"}, "read": false, "title": "Booking Incident Resolved", "type": "success", "user_id": "cd2b8491-8ff4-474d-a562-b711ff032f21"}, "reason": "initial"}
 LOG  [notification-toast] Displayed notification toast {"emitted": true, "notificationId": "ada94126-4bd7-4702-8008-99c530c0f9f8", "source": "realtime", "toastType": "success"}
 LOG  [notification-toast] Skipping already displayed notification toast {"notificationId": "ada94126-4bd7-4702-8008-99c530c0f9f8", "source": "backfill:recovery-poll"}
 LOG  [notification-toast] Backfilled recent notifications {"count": 1, "queryFloorIso": "2026-05-17T20:26:00.624Z", "reason": "recovery-poll"}
 LOG  [notification-toast] Skipping already displayed notification toast {"notificationId": "ada94126-4bd7-4702-8008-99c530c0f9f8", "source": "backfill:recovery-poll"}
 LOG  [notification-toast] Backfilled recent notifications {"count": 1, "queryFloorIso": "2026-05-17T20:26:00.976Z", "reason": "recovery-poll"}
 LOG  [notification-toast] Skipping already displayed notification toast {"notificationId": "ada94126-4bd7-4702-8008-99c530c0f9f8", "source": "backfill:recovery-poll"}
 LOG  [notification-toast] Backfilled recent notifications {"count": 1, "queryFloorIso": "2026-05-17T20:26:07.007Z", "reason": "recovery-poll"}
 LOG  [notification-toast] Skipping already displayed notification toast {"notificationId": "ada94126-4bd7-4702-8008-99c530c0f9f8", "source": "backfill:recovery-poll"}
 LOG  [notification-toast] Backfilled recent notifications {"count": 1, "queryFloorIso": "2026-05-17T20:26:13.038Z", "reason": "recovery-poll"}
 LOG  [notification-toast] Backfilled recent notifications {"count": 0, "queryFloorIso": "2026-05-17T20:26:19.068Z", "reason": "recovery-poll"}
 LOG  [notification-toast] Received notification realtime payload {"notification": {"created_at": "2026-05-17T20:26:45.538983+00:00", "id": "c1b3cfe6-ac92-45c9-84da-803e04675abb", "image": null, "message": "Your booking for E2E Studio e2e-1779049297611-notification-toast-other was cancelled and refunded.", "meta": {"event_type": "studio_booking_cancelled_refunded", "route": "/bookings", "status": "refunded"}, "read": false, "title": "Booking Cancelled & Refunded", "type": "warning", "user_id": "cd2b8491-8ff4-474d-a562-b711ff032f21"}, "reason": "initial"}
 LOG  [notification-toast] Displayed notification toast {"emitted": true, "notificationId": "c1b3cfe6-ac92-45c9-84da-803e04675abb", "source": "realtime", "toastType": "warning"}
 LOG  [notification-toast] Skipping already displayed notification toast {"notificationId": "c1b3cfe6-ac92-45c9-84da-803e04675abb", "source": "backfill:recovery-poll"}
 LOG  [notification-toast] Backfilled recent notifications {"count": 1, "queryFloorIso": "2026-05-17T20:26:25.098Z", "reason": "recovery-poll"}
 LOG  [notification-toast] Skipping already displayed notification toast {"notificationId": "c1b3cfe6-ac92-45c9-84da-803e04675abb", "source": "backfill:recovery-poll"}
 LOG  [notification-toast] Backfilled recent notifications {"count": 1, "queryFloorIso": "2026-05-17T20:26:31.138Z", "reason": "recovery-poll"}
 LOG  [notification-toast] Skipping already displayed notification toast {"notificationId": "c1b3cfe6-ac92-45c9-84da-803e04675abb", "source": "backfill:recovery-poll"}
 LOG  [notification-toast] Backfilled recent notifications {"count": 1, "queryFloorIso": "2026-05-17T20:26:37.159Z", "reason": "recovery-poll"}
 LOG  [notification-toast] Skipping already displayed notification toast {"notificationId": "c1b3cfe6-ac92-45c9-84da-803e04675abb", "source": "backfill:recovery-poll"}
 LOG  [notification-toast] Backfilled recent notifications {"count": 1, "queryFloorIso": "2026-05-17T20:26:43.190Z", "reason": "recovery-poll"}
 LOG  [notification-toast] Backfilled recent notifications {"count": 0, "queryFloorIso": "2026-05-17T20:26:49.221Z", "reason": "recovery-poll"}
 LOG  [notification-toast] Displayed notification toast {"emitted": true, "notificationId": "38d1d140-b372-4e54-8738-44e181075f42", "source": "backfill:recovery-poll", "toastType": "info"}
 LOG  [notification-toast] Backfilled recent notifications {"count": 1, "queryFloorIso": "2026-05-17T20:26:55.251Z", "reason": "recovery-poll"}
 LOG  [notification-toast] Received notification realtime payload {"notification": {"created_at": "2026-05-17T20:27:16.332031+00:00", "id": "38d1d140-b372-4e54-8738-44e181075f42", "image": null, "message": "E2E Production e2e-1779049297611-notification-toast-other invited you to join their production team.", "meta": {"event_type": "production_team_invite", "request_kind": "invite", "route": "/bookings"}, "read": false, "title": "New production team invite", "type": "info", "user_id": "cd2b8491-8ff4-474d-a562-b711ff032f21"}, "reason": "initial"}
 LOG  [notification-toast] Skipping already displayed notification toast {"notificationId": "38d1d140-b372-4e54-8738-44e181075f42", "source": "realtime"}
 LOG  [notification-toast] Skipping already displayed notification toast {"notificationId": "38d1d140-b372-4e54-8738-44e181075f42", "source": "backfill:recovery-poll"}
 LOG  [notification-toast] Backfilled recent notifications {"count": 1, "queryFloorIso": "2026-05-17T20:27:01.561Z", "reason": "recovery-poll"}
 LOG  [notification-toast] Skipping already displayed notification toast {"notificationId": "38d1d140-b372-4e54-8738-44e181075f42", "source": "backfill:recovery-poll"}
 LOG  [notification-toast] Backfilled recent notifications {"count": 1, "queryFloorIso": "2026-05-17T20:27:07.312Z", "reason": "recovery-poll"}
 LOG  [notification-toast] Skipping already displayed notification toast {"notificationId": "38d1d140-b372-4e54-8738-44e181075f42", "source": "backfill:recovery-poll"}
 LOG  [notification-toast] Backfilled recent notifications {"count": 1, "queryFloorIso": "2026-05-17T20:27:13.342Z", "reason": "recovery-poll"}
 LOG  [notification-toast] Backfilled recent notifications {"count": 0, "queryFloorIso": "2026-05-17T20:27:19.373Z", "reason": "recovery-poll"}
 LOG  [notification-toast] Backfilled recent notifications {"count": 0, "queryFloorIso": "2026-05-17T20:27:25.403Z", "reason": "recovery-poll"}
 LOG  [notification-toast] Received notification realtime payload {"notification": {"created_at": "2026-05-17T20:27:46.893163+00:00", "id": "062155f3-d987-4b57-a342-19f2193016cf", "image": null, "message": "E2E Group e2e-1779049297611-notification-toast-other invited you to join their group.", "meta": {"event_type": "group_invite", "request_kind": "invite", "route": "/bookings"}, "read": false, "title": "New group invite", "type": "info", "user_id": "cd2b8491-8ff4-474d-a562-b711ff032f21"}, "reason": "initial"}
 LOG  [notification-toast] Displayed notification toast {"emitted": true, "notificationId": "062155f3-d987-4b57-a342-19f2193016cf", "source": "realtime", "toastType": "info"}
 LOG  [notification-toast] Skipping already displayed notification toast {"notificationId": "062155f3-d987-4b57-a342-19f2193016cf", "source": "backfill:recovery-poll"}
 LOG  [notification-toast] Backfilled recent notifications {"count": 1, "queryFloorIso": "2026-05-17T20:27:32.091Z", "reason": "recovery-poll"}
 LOG  [notification-toast] Skipping already displayed notification toast {"notificationId": "062155f3-d987-4b57-a342-19f2193016cf", "source": "backfill:recovery-poll"}
 LOG  [notification-toast] Backfilled recent notifications {"count": 1, "queryFloorIso": "2026-05-17T20:27:37.464Z", "reason": "recovery-poll"}
 LOG  [notification-toast] Skipping already displayed notification toast {"notificationId": "062155f3-d987-4b57-a342-19f2193016cf", "source": "backfill:recovery-poll"}
 LOG  [notification-toast] Backfilled recent notifications {"count": 1, "queryFloorIso": "2026-05-17T20:27:43.494Z", "reason": "recovery-poll"}
 LOG  [notification-toast] Backfilled recent notifications {"count": 0, "queryFloorIso": "2026-05-17T20:27:49.525Z", "reason": "recovery-poll"}
 LOG  [notification-toast] Backfilled recent notifications {"count": 0, "queryFloorIso": "2026-05-17T20:27:55.554Z", "reason": "recovery-poll"}
 LOG  [notification-toast] Received notification realtime payload {"notification": {"created_at": "2026-05-17T20:28:17.858774+00:00", "id": "012192ed-7b4d-479b-81ec-ff4a07c2c806", "image": null, "message": "A musician applied for E2E Gig e2e-1779049297611-notification-toast-other.", "meta": {"event_type": "gig_application_submitted", "route": "/bookings", "status": "pending"}, "read": false, "title": "New Gig Application", "type": "info", "user_id": "cd2b8491-8ff4-474d-a562-b711ff032f21"}, "reason": "initial"}
 LOG  [notification-toast] Displayed notification toast {"emitted": true, "notificationId": "012192ed-7b4d-479b-81ec-ff4a07c2c806", "source": "realtime", "toastType": "info"}
 LOG  [notification-toast] Skipping already displayed notification toast {"notificationId": "012192ed-7b4d-479b-81ec-ff4a07c2c806", "source": "backfill:recovery-poll"}
 LOG  [notification-toast] Backfilled recent notifications {"count": 1, "queryFloorIso": "2026-05-17T20:28:03.302Z", "reason": "recovery-poll"}
 LOG  [notification-toast] Skipping already displayed notification toast {"notificationId": "012192ed-7b4d-479b-81ec-ff4a07c2c806", "source": "backfill:recovery-poll"}
 LOG  [notification-toast] Backfilled recent notifications {"count": 1, "queryFloorIso": "2026-05-17T20:28:07.615Z", "reason": "recovery-poll"}
 LOG  [notification-toast] Skipping already displayed notification toast {"notificationId": "012192ed-7b4d-479b-81ec-ff4a07c2c806", "source": "backfill:recovery-poll"}
 LOG  [notification-toast] Backfilled recent notifications {"count": 1, "queryFloorIso": "2026-05-17T20:28:13.646Z", "reason": "recovery-poll"}
 LOG  [notification-toast] Backfilled recent notifications {"count": 0, "queryFloorIso": "2026-05-17T20:28:19.677Z", "reason": "recovery-poll"}
 LOG  [notification-toast] Backfilled recent notifications {"count": 0, "queryFloorIso": "2026-05-17T20:28:25.707Z", "reason": "recovery-poll"}
 LOG  [notification-toast] Received notification realtime payload {"notification": {"created_at": "2026-05-17T20:28:48.364398+00:00", "id": "28389858-dfdd-4872-aa52-2d76fc53c8e7", "image": null, "message": "A group applied for E2E Gig e2e-1779049297611-notification-toast-other.", "meta": {"event_type": "group_gig_application_submitted", "route": "/bookings", "status": "pending"}, "read": false, "title": "Group Gig Application", "type": "info", "user_id": "cd2b8491-8ff4-474d-a562-b711ff032f21"}, "reason": "initial"}
 LOG  [notification-toast] Displayed notification toast {"emitted": true, "notificationId": "28389858-dfdd-4872-aa52-2d76fc53c8e7", "source": "realtime", "toastType": "info"}
 LOG  [notification-toast] Skipping already displayed notification toast {"notificationId": "28389858-dfdd-4872-aa52-2d76fc53c8e7", "source": "backfill:recovery-poll"}
 LOG  [notification-toast] Backfilled recent notifications {"count": 1, "queryFloorIso": "2026-05-17T20:28:33.713Z", "reason": "recovery-poll"}
 LOG  [notification-toast] Skipping already displayed notification toast {"notificationId": "28389858-dfdd-4872-aa52-2d76fc53c8e7", "source": "backfill:recovery-poll"}
 LOG  [notification-toast] Backfilled recent notifications {"count": 1, "queryFloorIso": "2026-05-17T20:28:37.768Z", "reason": "recovery-poll"}
 LOG  [notification-toast] Skipping already displayed notification toast {"notificationId": "28389858-dfdd-4872-aa52-2d76fc53c8e7", "source": "backfill:recovery-poll"}
 LOG  [notification-toast] Backfilled recent notifications {"count": 1, "queryFloorIso": "2026-05-17T20:28:43.799Z", "reason": "recovery-poll"}
 LOG  [notification-toast] Backfilled recent notifications {"count": 0, "queryFloorIso": "2026-05-17T20:28:49.829Z", "reason": "recovery-poll"}
 LOG  [notification-toast] Backfilled recent notifications {"count": 0, "queryFloorIso": "2026-05-17T20:28:55.860Z", "reason": "recovery-poll"}
 LOG  [notification-toast] Received notification realtime payload {"notification": {"created_at": "2026-05-17T20:29:18.517397+00:00", "id": "aa7dc41b-b7d9-473b-a1ca-e143e44d1f3c", "image": null, "message": "A musician applied to join E2E Group e2e-1779049297611-notification-toast-other.", "meta": {"event_type": "group_application_submitted", "route": "/groups", "status": "pending"}, "read": false, "title": "New Group Application", "type": "info", "user_id": "cd2b8491-8ff4-474d-a562-b711ff032f21"}, "reason": "initial"}
 LOG  [notification-toast] Displayed notification toast {"emitted": true, "notificationId": "aa7dc41b-b7d9-473b-a1ca-e143e44d1f3c", "source": "realtime", "toastType": "info"}
 LOG  [notification-toast] Skipping already displayed notification toast {"notificationId": "aa7dc41b-b7d9-473b-a1ca-e143e44d1f3c", "source": "backfill:recovery-poll"}
 LOG  [notification-toast] Backfilled recent notifications {"count": 1, "queryFloorIso": "2026-05-17T20:29:04.227Z", "reason": "recovery-poll"}
 LOG  [notification-toast] Skipping already displayed notification toast {"notificationId": "aa7dc41b-b7d9-473b-a1ca-e143e44d1f3c", "source": "backfill:recovery-poll"}
 LOG  [notification-toast] Backfilled recent notifications {"count": 1, "queryFloorIso": "2026-05-17T20:29:07.920Z", "reason": "recovery-poll"}
 LOG  [notification-toast] Skipping already displayed notification toast {"notificationId": "aa7dc41b-b7d9-473b-a1ca-e143e44d1f3c", "source": "backfill:recovery-poll"}
 LOG  [notification-toast] Backfilled recent notifications {"count": 1, "queryFloorIso": "2026-05-17T20:29:13.951Z", "reason": "recovery-poll"}
 LOG  [notification-toast] Backfilled recent notifications {"count": 0, "queryFloorIso": "2026-05-17T20:29:19.982Z", "reason": "recovery-poll"}
 LOG  [notification-toast] Backfilled recent notifications {"count": 0, "queryFloorIso": "2026-05-17T20:29:26.012Z", "reason": "recovery-poll"}
 LOG  [notification-toast] Received notification realtime payload {"notification": {"created_at": "2026-05-17T20:29:48.658459+00:00", "id": "fae993b4-f445-4215-bcd1-efa51fb0d1cc", "image": null, "message": "Your application to join E2E Group e2e-1779049297611-notification-toast-other was accepted.", "meta": {"event_type": "group_application_accepted", "route": "/groups", "status": "accepted"}, "read": false, "title": "Group Application Accepted", "type": "success", "user_id": "cd2b8491-8ff4-474d-a562-b711ff032f21"}, "reason": "initial"}
 LOG  [notification-toast] Displayed notification toast {"emitted": true, "notificationId": "fae993b4-f445-4215-bcd1-efa51fb0d1cc", "source": "realtime", "toastType": "success"}
 LOG  [notification-toast] Skipping already displayed notification toast {"notificationId": "fae993b4-f445-4215-bcd1-efa51fb0d1cc", "source": "backfill:recovery-poll"}
 LOG  [notification-toast] Backfilled recent notifications {"count": 1, "queryFloorIso": "2026-05-17T20:29:34.128Z", "reason": "recovery-poll"}
 LOG  [notification-toast] Skipping already displayed notification toast {"notificationId": "fae993b4-f445-4215-bcd1-efa51fb0d1cc", "source": "backfill:recovery-poll"}
 LOG  [notification-toast] Backfilled recent notifications {"count": 1, "queryFloorIso": "2026-05-17T20:29:38.072Z", "reason": "recovery-poll"}
 LOG  [notification-toast] Skipping already displayed notification toast {"notificationId": "fae993b4-f445-4215-bcd1-efa51fb0d1cc", "source": "backfill:recovery-poll"}
 LOG  [notification-toast] Backfilled recent notifications {"count": 1, "queryFloorIso": "2026-05-17T20:29:44.103Z", "reason": "recovery-poll"}
 LOG  [notification-toast] Backfilled recent notifications {"count": 0, "queryFloorIso": "2026-05-17T20:29:50.134Z", "reason": "recovery-poll"}
 LOG  [notification-toast] Backfilled recent notifications {"count": 0, "queryFloorIso": "2026-05-17T20:29:56.163Z", "reason": "recovery-poll"}
 LOG  [notification-toast] Received notification realtime payload {"notification": {"created_at": "2026-05-17T20:30:19.122861+00:00", "id": "7926e816-17e9-451e-879e-48b75c08b9d3", "image": null, "message": "Your application to join E2E Group e2e-1779049297611-notification-toast-other was declined.", "meta": {"event_type": "group_application_declined", "route": "/groups", "status": "declined"}, "read": false, "title": "Group Application Declined", "type": "warning", "user_id": "cd2b8491-8ff4-474d-a562-b711ff032f21"}, "reason": "initial"}
 LOG  [notification-toast] Displayed notification toast {"emitted": true, "notificationId": "7926e816-17e9-451e-879e-48b75c08b9d3", "source": "realtime", "toastType": "warning"}
 LOG  [notification-toast] Skipping already displayed notification toast {"notificationId": "7926e816-17e9-451e-879e-48b75c08b9d3", "source": "backfill:recovery-poll"}
 LOG  [notification-toast] Backfilled recent notifications {"count": 1, "queryFloorIso": "2026-05-17T20:30:04.646Z", "reason": "recovery-poll"}
 LOG  [notification-toast] Skipping already displayed notification toast {"notificationId": "7926e816-17e9-451e-879e-48b75c08b9d3", "source": "backfill:recovery-poll"}
 LOG  [notification-toast] Backfilled recent notifications {"count": 1, "queryFloorIso": "2026-05-17T20:30:08.225Z", "reason": "recovery-poll"}
 LOG  [notification-toast] Skipping already displayed notification toast {"notificationId": "7926e816-17e9-451e-879e-48b75c08b9d3", "source": "backfill:recovery-poll"}
 LOG  [notification-toast] Backfilled recent notifications {"count": 1, "queryFloorIso": "2026-05-17T20:30:14.256Z", "reason": "recovery-poll"}
 LOG  [notification-toast] Backfilled recent notifications {"count": 0, "queryFloorIso": "2026-05-17T20:30:20.287Z", "reason": "recovery-poll"}
 LOG  [notification-toast] Backfilled recent notifications {"count": 0, "queryFloorIso": "2026-05-17T20:30:26.317Z", "reason": "recovery-poll"}
 LOG  [notification-toast] Received notification realtime payload {"notification": {"created_at": "2026-05-17T20:30:49.37208+00:00", "id": "094270a1-afb4-4f3e-8f8a-1a2283093c2d", "image": null, "message": "You were added to E2E Group e2e-1779049297611-notification-toast-other.", "meta": {"event_type": "group_member_added", "route": "/groups", "status": "accepted"}, "read": false, "title": "Member Added", "type": "success", "user_id": "cd2b8491-8ff4-474d-a562-b711ff032f21"}, "reason": "initial"}
 LOG  [notification-toast] Displayed notification toast {"emitted": true, "notificationId": "094270a1-afb4-4f3e-8f8a-1a2283093c2d", "source": "realtime", "toastType": "success"}
 LOG  [notification-toast] Skipping already displayed notification toast {"notificationId": "094270a1-afb4-4f3e-8f8a-1a2283093c2d", "source": "backfill:recovery-poll"}
 LOG  [notification-toast] Backfilled recent notifications {"count": 1, "queryFloorIso": "2026-05-17T20:30:35.055Z", "reason": "recovery-poll"}
 LOG  [notification-toast] Skipping already displayed notification toast {"notificationId": "094270a1-afb4-4f3e-8f8a-1a2283093c2d", "source": "backfill:recovery-poll"}
 LOG  [notification-toast] Backfilled recent notifications {"count": 1, "queryFloorIso": "2026-05-17T20:30:38.378Z", "reason": "recovery-poll"}
 LOG  [notification-toast] Skipping already displayed notification toast {"notificationId": "094270a1-afb4-4f3e-8f8a-1a2283093c2d", "source": "backfill:recovery-poll"}
 LOG  [notification-toast] Backfilled recent notifications {"count": 1, "queryFloorIso": "2026-05-17T20:30:44.408Z", "reason": "recovery-poll"}
 LOG  [notification-toast] Backfilled recent notifications {"count": 0, "queryFloorIso": "2026-05-17T20:30:50.439Z", "reason": "recovery-poll"}
 LOG  [notification-toast] Backfilled recent notifications {"count": 0, "queryFloorIso": "2026-05-17T20:30:56.469Z", "reason": "recovery-poll"}
 LOG  [notification-toast] Received notification realtime payload {"notification": {"created_at": "2026-05-17T20:31:19.817012+00:00", "id": "f0c533fd-05bf-44d6-abef-b902b7b3aec6", "image": null, "message": "", "meta": {"event_type": "title_only_insert", "route": "/notifications"}, "read": true, "title": "Title Only Notification", "type": "info", "user_id": "cd2b8491-8ff4-474d-a562-b711ff032f21"}, "reason": "initial"}
 LOG  [notification-toast] Displayed notification toast {"emitted": true, "notificationId": "f0c533fd-05bf-44d6-abef-b902b7b3aec6", "source": "realtime", "toastType": "info"}
 LOG  [notification-toast] Skipping already displayed notification toast {"notificationId": "f0c533fd-05bf-44d6-abef-b902b7b3aec6", "source": "backfill:recovery-poll"}
 LOG  [notification-toast] Backfilled recent notifications {"count": 1, "queryFloorIso": "2026-05-17T20:31:05.571Z", "reason": "recovery-poll"}
 LOG  [notification-toast] Skipping already displayed notification toast {"notificationId": "f0c533fd-05bf-44d6-abef-b902b7b3aec6", "source": "backfill:recovery-poll"}
 LOG  [notification-toast] Backfilled recent notifications {"count": 1, "queryFloorIso": "2026-05-17T20:31:08.530Z", "reason": "recovery-poll"}
 LOG  [notification-toast] Skipping already displayed notification toast {"notificationId": "f0c533fd-05bf-44d6-abef-b902b7b3aec6", "source": "backfill:recovery-poll"}
 LOG  [notification-toast] Backfilled recent notifications {"count": 1, "queryFloorIso": "2026-05-17T20:31:14.560Z", "reason": "recovery-poll"}
 LOG  [notification-toast] Backfilled recent notifications {"count": 0, "queryFloorIso": "2026-05-17T20:31:20.591Z", "reason": "recovery-poll"}
 LOG  [notification-toast] Backfilled recent notifications {"count": 0, "queryFloorIso": "2026-05-17T20:31:26.622Z", "reason": "recovery-poll"}
 LOG  [notification-toast] Backfilled recent notifications {"count": 0, "queryFloorIso": "2026-05-17T20:31:32.652Z", "reason": "recovery-poll"}
Android Bundled 175ms index.js (1 module)
 INFO  [radio] react-native-track-player unavailable; radio playback is disabled until you run a native dev build.
 WARN  SafeAreaView has been deprecated and will be removed in a future release. Please use 'react-native-safe-area-context' instead. See https://github.com/th3rdwave/react-native-safe-area-context
 WARN  [expo-av]: Expo AV has been deprecated and will be removed in SDK 54. Use the `expo-audio` and `expo-video` packages to replace the required functionality.
 INFO  [push] expo-notifications unavailable; native push registration is disabled until dependencies are installed and Metro is restarted.
 INFO  [LoadTime][Route] enter {"route": "/", "startedAt": "2026-05-17T20:32:01.565Z"}
Android .\index.js ░░░░░░░░░░░░░░░░  0.0% (0/1)
Android Bundled 152ms index.js (1 module)
 INFO  [radio] react-native-track-player unavailable; radio playback is disabled until you run a native dev build.
 WARN  SafeAreaView has been deprecated and will be removed in a future release. Please use 'react-native-safe-area-context' instead. See https://github.com/th3rdwave/react-native-safe-area-context
 WARN  [expo-av]: Expo AV has been deprecated and will be removed in SDK 54. Use the `expo-audio` and `expo-video` packages to replace the required functionality.
 INFO  [push] expo-notifications unavailable; native push registration is disabled until dependencies are installed and Metro is restarted.
 INFO  [LoadTime][Route] enter {"route": "/", "startedAt": "2026-05-17T20:34:17.104Z"}
 INFO  [LoadTime][Route] leave {"durationMs": 2262, "route": "/"}
 INFO  [LoadTime][Feed] mount {"details": {"hasMore": false, "tab": "for_you", "user": "guest"}, "startedAt": "2026-05-17T20:34:21.196Z"}
 INFO  [LoadTime][Route] enter {"route": "/(tabs)/feed", "startedAt": "2026-05-17T20:34:21.223Z"}
 LOG  [notification-toast] Notification toast channel status {"activeUserId": "5bded514-4cae-4f23-9803-e7f89c70d395", "reason": "initial", "status": "SUBSCRIBED"}
 INFO  [LoadTime][Feed] query-start {"query": "forYouFeed", "status": "pending"}
 LOG  [notification-toast] Backfilled recent notifications {"count": 0, "queryFloorIso": "2026-05-17T20:29:06.742Z", "reason": "subscribed:initial"}
 INFO  [LoadTime][Edge:manage-social-feed] complete {"action": "get_feed", "cursor": undefined, "durationMs": 1510, "hasUserId": true, "keys": ["action", "cursor", "feed_type", "limit", "personalize", "userId"], "limit": 12}
 INFO  [LoadTime][Feed] primary-page-parsed {"append": false, "feedTab": "for_you", "pages": 1, "posts": 2}
 INFO  [LoadTime][Feed] snapshot-ready {"aiCards": 0, "feedTab": "for_you", "hasMore": false, "posts": 2}
 INFO  [LoadTime][Feed] load-complete {"counts": {"aiCards": 0, "followingEntities": 0, "posts": 2}, "details": {"hasMore": false, "tab": "for_you", "user": "signed-in"}, "durationMs": 4331}
 INFO  [LoadTime][Feed] first-ready {"counts": {"aiCards": 0, "followingEntities": 0, "posts": 2}, "details": {"hasMore": false, "tab": "for_you", "user": "signed-in"}, "durationMs": 4335, "renderCount": 10}
 INFO  [LoadTime][Feed] query-complete {"durationMs": 2156, "error": undefined, "query": "forYouFeed", "status": "success", "updatedAt": "2026-05-17T20:34:24.166Z"}
 INFO  [LoadTime][FeedRadio] fetch-start {"details": {"includeItems": true}}
 INFO  [LoadTime][FeedRadio] edge-complete {"details": {"featuredOnly": true, "playableStations": 1, "stations": 1}, "durationMs": 915}
 INFO  [LoadTime][FeedRadio] fetch-complete {"details": {"playableStations": 1, "stations": 1}, "durationMs": 918}
 WARN  [GROQ_ROUTER] Request failed {"apiKeySignature": "len=56 prefix=gsk_zq suffix=j7J5Bx", "apiKeySource": "process.env.EXPO_PUBLIC_GROQ_API_KEY", "message": "Invalid API Key", "modelId": "llama-3.3-70b-versatile", "modelSource": "default.llama-3.3-70b-versatile", "status": 401}
 WARN  [GROQ_ROUTER] Request exception {"apiKeySignature": "len=56 prefix=gsk_zq suffix=j7J5Bx", "apiKeySource": "process.env.EXPO_PUBLIC_GROQ_API_KEY", "message": "Invalid API Key", "modelId": "llama-3.3-70b-versatile", "modelSource": "default.llama-3.3-70b-versatile"}
 LOG  [notification-toast] Backfilled recent notifications {"count": 0, "queryFloorIso": "2026-05-17T20:34:07.218Z", "reason": "recovery-poll"}
 LOG  [notification-toast] Backfilled recent notifications {"count": 0, "queryFloorIso": "2026-05-17T20:34:12.883Z", "reason": "recovery-poll"}
 LOG  [notification-toast] Backfilled recent notifications {"count": 0, "queryFloorIso": "2026-05-17T20:34:18.873Z", "reason": "recovery-poll"}
 LOG  [notification-toast] Backfilled recent notifications {"count": 0, "queryFloorIso": "2026-05-17T20:34:24.904Z", "reason": "recovery-poll"}
 LOG  [notification-toast] Disposed notification toast channel {"activeUserId": "5bded514-4cae-4f23-9803-e7f89c70d395", "reason": "app-state:background"}
 INFO  [LoadTime][Bookings] mount {"details": {"activeTab": "Pending", "role": "unknown", "viewMode": "bookings"}, "startedAt": "2026-05-17T20:34:51.293Z"}
 INFO  [LoadTime][Bookings] first-ready {"counts": {"activeMusicians": 0, "applicants": 0, "history": 0, "ongoing": 0, "pending": 0, "pendingPermits": 0, "review": 0, "upcoming": 0}, "details": {"activeTab": "Pending", "role": "unknown", "viewMode": "bookings"}, "durationMs": 358, "renderCount": 1}
 INFO  [LoadTime][Bookings] query-start {"query": "bookingsSummary", "status": "pending"}
 INFO  [LoadTime][Route] leave {"durationMs": 30660, "route": "/(tabs)/feed"}
 INFO  [LoadTime][Route] enter {"route": "/(tabs)/bookings", "startedAt": "2026-05-17T20:34:51.885Z"}
 LOG  [notification-toast] Notification toast channel status {"activeUserId": "5bded514-4cae-4f23-9803-e7f89c70d395", "reason": "foreground", "status": "SUBSCRIBED"}
 LOG  [notification-toast] Backfilled recent notifications {"count": 0, "queryFloorIso": "2026-05-17T20:34:35.572Z", "reason": "foreground"}
 INFO  [LoadTime][Edge:manage-bookings] complete {"action": "fetch", "cursor": undefined, "durationMs": 1988, "hasUserId": true, "keys": ["action", "includeScreenPayload", "userId"], "limit": undefined}
 INFO  [LoadTime][Bookings] query-complete {"durationMs": 2064, "error": undefined, "query": "bookingsSummary", "status": "success", "updatedAt": "2026-05-17T20:34:53.283Z"}
 INFO  [LoadTime][Bookings] load-complete {"counts": {"activeMusicians": 0, "applicants": 0, "history": 0, "ongoing": 0, "pending": 1, "pendingPermits": 0, "review": 0, "upcoming": 0}, "details": {"activeTab": "Pending", "role": "musician", "viewMode": "bookings"}, "durationMs": 2956}
 LOG  [notification-toast] Backfilled recent notifications {"count": 0, "queryFloorIso": "2026-05-17T20:34:36.943Z", "reason": "recovery-poll"}
 LOG  [notification-toast] Backfilled recent notifications {"count": 0, "queryFloorIso": "2026-05-17T20:34:42.953Z", "reason": "recovery-poll"}
 LOG  [notification-toast] Backfilled recent notifications {"count": 0, "queryFloorIso": "2026-05-17T20:34:48.992Z", "reason": "recovery-poll"}
 LOG  [notification-toast] Backfilled recent notifications {"count": 0, "queryFloorIso": "2026-05-17T20:34:55.023Z", "reason": "recovery-poll"}
 LOG  [notification-toast] Backfilled recent notifications {"count": 0, "queryFloorIso": "2026-05-17T20:35:01.053Z", "reason": "recovery-poll"}
 LOG  [notification-toast] Backfilled recent notifications {"count": 0, "queryFloorIso": "2026-05-17T20:35:07.083Z", "reason": "recovery-poll"}
 LOG  [notification-toast] Backfilled recent notifications {"count": 0, "queryFloorIso": "2026-05-17T20:35:13.114Z", "reason": "recovery-poll"}
 LOG  [notification-toast] Backfilled recent notifications {"count": 0, "queryFloorIso": "2026-05-17T20:35:19.133Z", "reason": "recovery-poll"}
 LOG  [notification-toast] Backfilled recent notifications {"count": 0, "queryFloorIso": "2026-05-17T20:35:25.176Z", "reason": "recovery-poll"}
 INFO  [LoadTime][Bookings] query-start {"query": "bookingsSummary", "status": "success"}
 LOG  [notification-toast] Backfilled recent notifications {"count": 0, "queryFloorIso": "2026-05-17T20:35:31.205Z", "reason": "recovery-poll"}
 INFO  [LoadTime][Edge:manage-bookings] complete {"action": "fetch", "cursor": undefined, "durationMs": 1248, "hasUserId": true, "keys": ["action", "includeScreenPayload", "userId"], "limit": undefined}
 INFO  [LoadTime][Bookings] query-complete {"durationMs": 1223, "error": undefined, "query": "bookingsSummary", "status": "success", "updatedAt": "2026-05-17T20:35:52.573Z"}
 LOG  [notification-toast] Backfilled recent notifications {"count": 0, "queryFloorIso": "2026-05-17T20:35:37.237Z", "reason": "recovery-poll"}
 LOG  [notification-toast] Backfilled recent notifications {"count": 0, "queryFloorIso": "2026-05-17T20:35:43.267Z", "reason": "recovery-poll"}
 LOG  [notification-toast] Backfilled recent notifications {"count": 0, "queryFloorIso": "2026-05-17T20:35:49.297Z", "reason": "recovery-poll"}
 LOG  [notification-toast] Backfilled recent notifications {"count": 0, "queryFloorIso": "2026-05-17T20:35:55.327Z", "reason": "recovery-poll"}
 LOG  [notification-toast] Backfilled recent notifications {"count": 0, "queryFloorIso": "2026-05-17T20:36:01.358Z", "reason": "recovery-poll"}
 LOG  [notification-toast] Backfilled recent notifications {"count": 0, "queryFloorIso": "2026-05-17T20:36:07.388Z", "reason": "recovery-poll"}
 LOG  [notification-toast] Backfilled recent notifications {"count": 0, "queryFloorIso": "2026-05-17T20:36:13.419Z", "reason": "recovery-poll"}
 LOG  [notification-toast] Backfilled recent notifications {"count": 0, "queryFloorIso": "2026-05-17T20:36:19.450Z", "reason": "recovery-poll"}
Android .\index.js ░░░░░░░░░░░░░░░░  0.0% (0/1)
Android Bundled 161ms index.js (1 module)
 INFO  [radio] react-native-track-player unavailable; radio playback is disabled until you run a native dev build.
 WARN  SafeAreaView has been deprecated and will be removed in a future release. Please use 'react-native-safe-area-context' instead. See https://github.com/th3rdwave/react-native-safe-area-context
 WARN  [expo-av]: Expo AV has been deprecated and will be removed in SDK 54. Use the `expo-audio` and `expo-video` packages to replace the required functionality.
 INFO  [push] expo-notifications unavailable; native push registration is disabled until dependencies are installed and Metro is restarted.
 INFO  [LoadTime][Route] enter {"route": "/", "startedAt": "2026-05-17T20:36:51.337Z"}
Android .\index.js ░░░░░░░░░░░░░░░░  0.0% (0/1)
Android Bundled 123ms index.js (1 module)
 INFO  [radio] react-native-track-player unavailable; radio playback is disabled until you run a native dev build.
 WARN  SafeAreaView has been deprecated and will be removed in a future release. Please use 'react-native-safe-area-context' instead. See https://github.com/th3rdwave/react-native-safe-area-context
 WARN  [expo-av]: Expo AV has been deprecated and will be removed in SDK 54. Use the `expo-audio` and `expo-video` packages to replace the required functionality.
 INFO  [push] expo-notifications unavailable; native push registration is disabled until dependencies are installed and Metro is restarted.
 INFO  [LoadTime][Route] enter {"route": "/", "startedAt": "2026-05-17T20:39:06.716Z"}
 INFO  [LoadTime][Route] leave {"durationMs": 2273, "route": "/"}
 INFO  [LoadTime][Feed] mount {"details": {"hasMore": false, "tab": "for_you", "user": "guest"}, "startedAt": "2026-05-17T20:39:10.648Z"}
 INFO  [LoadTime][Route] enter {"route": "/(tabs)/feed", "startedAt": "2026-05-17T20:39:10.674Z"}
 LOG  [notification-toast] Notification toast channel status {"activeUserId": "9e495d3e-f016-4e71-9d44-0a309db381fb", "reason": "initial", "status": "SUBSCRIBED"}
 INFO  [LoadTime][Feed] query-start {"query": "forYouFeed", "status": "pending"}
 LOG  [notification-toast] Backfilled recent notifications {"count": 0, "queryFloorIso": "2026-05-17T20:33:56.233Z", "reason": "subscribed:initial"}
 INFO  [LoadTime][Edge:manage-social-feed] complete {"action": "get_feed", "cursor": undefined, "durationMs": 794, "hasUserId": true, "keys": ["action", "cursor", "feed_type", "limit", "personalize", "userId"], "limit": 12}
 INFO  [LoadTime][Feed] primary-page-parsed {"append": false, "feedTab": "for_you", "pages": 1, "posts": 2}
 INFO  [LoadTime][Feed] snapshot-ready {"aiCards": 0, "feedTab": "for_you", "hasMore": false, "posts": 2}
 INFO  [LoadTime][Feed] load-complete {"counts": {"aiCards": 0, "followingEntities": 0, "posts": 2}, "details": {"hasMore": false, "tab": "for_you", "user": "signed-in"}, "durationMs": 3747}
 INFO  [LoadTime][Feed] first-ready {"counts": {"aiCards": 0, "followingEntities": 0, "posts": 2}, "details": {"hasMore": false, "tab": "for_you", "user": "signed-in"}, "durationMs": 3757, "renderCount": 10}
 INFO  [LoadTime][Feed] query-complete {"durationMs": 1710, "error": undefined, "query": "forYouFeed", "status": "success", "updatedAt": "2026-05-17T20:39:12.799Z"}
 INFO  [LoadTime][FeedRadio] fetch-start {"details": {"includeItems": true}}
 INFO  [LoadTime][FeedRadio] edge-complete {"details": {"featuredOnly": true, "playableStations": 1, "stations": 1}, "durationMs": 785}
 INFO  [LoadTime][FeedRadio] fetch-complete {"details": {"playableStations": 1, "stations": 1}, "durationMs": 789}
 WARN  [GROQ_ROUTER] Request failed {"apiKeySignature": "len=56 prefix=gsk_zq suffix=j7J5Bx", "apiKeySource": "process.env.EXPO_PUBLIC_GROQ_API_KEY", "message": "Invalid API Key", "modelId": "llama-3.3-70b-versatile", "modelSource": "default.llama-3.3-70b-versatile", "status": 401}
 WARN  [GROQ_ROUTER] Request exception {"apiKeySignature": "len=56 prefix=gsk_zq suffix=j7J5Bx", "apiKeySource": "process.env.EXPO_PUBLIC_GROQ_API_KEY", "message": "Invalid API Key", "modelId": "llama-3.3-70b-versatile", "modelSource": "default.llama-3.3-70b-versatile"}
 LOG  [notification-toast] Backfilled recent notifications {"count": 0, "queryFloorIso": "2026-05-17T20:38:56.688Z", "reason": "recovery-poll"}
 LOG  [notification-toast] Backfilled recent notifications {"count": 0, "queryFloorIso": "2026-05-17T20:39:02.256Z", "reason": "recovery-poll"}
 LOG  [notification-toast] Backfilled recent notifications {"count": 0, "queryFloorIso": "2026-05-17T20:39:08.286Z", "reason": "recovery-poll"}
 LOG  [notification-toast] Backfilled recent notifications {"count": 0, "queryFloorIso": "2026-05-17T20:39:14.316Z", "reason": "recovery-poll"}
 LOG  [notification-toast] Disposed notification toast channel {"activeUserId": "9e495d3e-f016-4e71-9d44-0a309db381fb", "reason": "app-state:background"}
 INFO  [LoadTime][Bookings] mount {"details": {"activeTab": "Pending", "role": "unknown", "viewMode": "bookings"}, "startedAt": "2026-05-17T20:39:42.169Z"}
 INFO  [LoadTime][Bookings] first-ready {"counts": {"activeMusicians": 0, "applicants": 0, "history": 0, "ongoing": 0, "pending": 0, "pendingPermits": 0, "review": 0, "upcoming": 0}, "details": {"activeTab": "Pending", "role": "unknown", "viewMode": "bookings"}, "durationMs": 381, "renderCount": 1}
 INFO  [LoadTime][Bookings] query-start {"query": "bookingsSummary", "status": "pending"}
 INFO  [LoadTime][Route] leave {"durationMs": 32156, "route": "/(tabs)/feed"}
 INFO  [LoadTime][Route] enter {"route": "/(tabs)/bookings", "startedAt": "2026-05-17T20:39:42.832Z"}
 LOG  [notification-toast] Notification toast channel status {"activeUserId": "9e495d3e-f016-4e71-9d44-0a309db381fb", "reason": "foreground", "status": "SUBSCRIBED"}
 LOG  [notification-toast] Backfilled recent notifications {"count": 0, "queryFloorIso": "2026-05-17T20:39:20.346Z", "reason": "recovery-poll"}
 INFO  [LoadTime][Edge:manage-bookings] complete {"action": "fetch", "cursor": undefined, "durationMs": 2025, "hasUserId": true, "keys": ["action", "includeScreenPayload", "userId"], "limit": undefined}
 INFO  [LoadTime][Bookings] query-complete {"durationMs": 2102, "error": undefined, "query": "bookingsSummary", "status": "success", "updatedAt": "2026-05-17T20:39:44.196Z"}
 INFO  [LoadTime][Bookings] load-complete {"counts": {"activeMusicians": 0, "applicants": 0, "history": 0, "ongoing": 0, "pending": 1, "pendingPermits": 0, "review": 0, "upcoming": 0}, "details": {"activeTab": "Pending", "role": "musician", "viewMode": "bookings"}, "durationMs": 2981}
 LOG  [notification-toast] Backfilled recent notifications {"count": 0, "queryFloorIso": "2026-05-17T20:39:26.391Z", "reason": "recovery-poll"}
 LOG  [notification-toast] Backfilled recent notifications {"count": 0, "queryFloorIso": "2026-05-17T20:39:30.858Z", "reason": "recovery-poll"}
 LOG  [notification-toast] Backfilled recent notifications {"count": 0, "queryFloorIso": "2026-05-17T20:39:36.889Z", "reason": "recovery-poll"}
 LOG  [notification-toast] Backfilled recent notifications {"count": 0, "queryFloorIso": "2026-05-17T20:39:42.919Z", "reason": "recovery-poll"}
 LOG  [notification-toast] Backfilled recent notifications {"count": 0, "queryFloorIso": "2026-05-17T20:39:48.950Z", "reason": "recovery-poll"}
 LOG  [notification-toast] Backfilled recent notifications {"count": 0, "queryFloorIso": "2026-05-17T20:39:54.980Z", "reason": "recovery-poll"}
 LOG  [notification-toast] Backfilled recent notifications {"count": 0, "queryFloorIso": "2026-05-17T20:40:01.011Z", "reason": "recovery-poll"}
 LOG  [notification-toast] Backfilled recent notifications {"count": 0, "queryFloorIso": "2026-05-17T20:40:07.041Z", "reason": "recovery-poll"}
 INFO  [LoadTime][Bookings] query-start {"query": "bookingsSummary", "status": "success"}
 INFO  [LoadTime][Edge:manage-bookings] complete {"action": "fetch", "cursor": undefined, "durationMs": 1220, "hasUserId": true, "keys": ["action", "includeScreenPayload", "userId"], "limit": undefined}
 INFO  [LoadTime][Bookings] query-complete {"durationMs": 1228, "error": undefined, "query": "bookingsSummary", "status": "success", "updatedAt": "2026-05-17T20:40:34.078Z"}
 LOG  [notification-toast] Backfilled recent notifications {"count": 0, "queryFloorIso": "2026-05-17T20:40:13.071Z", "reason": "recovery-poll"}
 LOG  [notification-toast] Backfilled recent notifications {"count": 0, "queryFloorIso": "2026-05-17T20:40:19.204Z", "reason": "recovery-poll"}
 INFO  [LoadTime][Bookings] query-start {"query": "bookingsSummary", "status": "success"}
 INFO  [LoadTime][Edge:manage-bookings] complete {"action": "fetch", "cursor": undefined, "durationMs": 1081, "hasUserId": true, "keys": ["action", "includeScreenPayload", "userId"], "limit": undefined}
 INFO  [LoadTime][Bookings] query-complete {"durationMs": 1094, "error": undefined, "query": "bookingsSummary", "status": "success", "updatedAt": "2026-05-17T20:40:43.287Z"}
 LOG  [notification-toast] Backfilled recent notifications {"count": 0, "queryFloorIso": "2026-05-17T20:40:25.132Z", "reason": "recovery-poll"}
 LOG  [notification-toast] Backfilled recent notifications {"count": 0, "queryFloorIso": "2026-05-17T20:40:31.163Z", "reason": "recovery-poll"}
 LOG  [notification-toast] Backfilled recent notifications {"count": 0, "queryFloorIso": "2026-05-17T20:40:37.194Z", "reason": "recovery-poll"}
Android .\index.js ░░░░░░░░░░░░░░░░  0.0% (0/1)
Android Bundled 179ms index.js (1 module)
 INFO  [radio] react-native-track-player unavailable; radio playback is disabled until you run a native dev build.
 WARN  SafeAreaView has been deprecated and will be removed in a future release. Please use 'react-native-safe-area-context' instead. See https://github.com/th3rdwave/react-native-safe-area-context
 WARN  [expo-av]: Expo AV has been deprecated and will be removed in SDK 54. Use the `expo-audio` and `expo-video` packages to replace the required functionality.
 INFO  [push] expo-notifications unavailable; native push registration is disabled until dependencies are installed and Metro is restarted.
 INFO  [LoadTime][Route] enter {"route": "/", "startedAt": "2026-05-17T20:41:09.356Z"}
Android .\index.js ░░░░░░░░░░░░░░░░  0.0% (0/1)
Android Bundled 124ms index.js (1 module)
 INFO  [radio] react-native-track-player unavailable; radio playback is disabled until you run a native dev build.
 WARN  SafeAreaView has been deprecated and will be removed in a future release. Please use 'react-native-safe-area-context' instead. See https://github.com/th3rdwave/react-native-safe-area-context
 WARN  [expo-av]: Expo AV has been deprecated and will be removed in SDK 54. Use the `expo-audio` and `expo-video` packages to replace the required functionality.
 INFO  [push] expo-notifications unavailable; native push registration is disabled until dependencies are installed and Metro is restarted.
 INFO  [LoadTime][Route] enter {"route": "/", "startedAt": "2026-05-17T20:43:25.132Z"}
 INFO  [LoadTime][Route] leave {"durationMs": 2235, "route": "/"}
 INFO  [LoadTime][Feed] mount {"details": {"hasMore": false, "tab": "for_you", "user": "guest"}, "startedAt": "2026-05-17T20:43:29.120Z"}
 INFO  [LoadTime][Route] enter {"route": "/(tabs)/feed", "startedAt": "2026-05-17T20:43:29.146Z"}
 LOG  [notification-toast] Notification toast channel status {"activeUserId": "b15adc6d-5c83-4793-a3fa-2cceae2ed175", "reason": "initial", "status": "SUBSCRIBED"}
 INFO  [LoadTime][Feed] query-start {"query": "forYouFeed", "status": "pending"}
 LOG  [notification-toast] Backfilled recent notifications {"count": 0, "queryFloorIso": "2026-05-17T20:38:14.671Z", "reason": "subscribed:initial"}
 INFO  [LoadTime][Edge:manage-social-feed] complete {"action": "get_feed", "cursor": undefined, "durationMs": 1095, "hasUserId": true, "keys": ["action", "cursor", "feed_type", "limit", "personalize", "userId"], "limit": 12}
 INFO  [LoadTime][Feed] primary-page-parsed {"append": false, "feedTab": "for_you", "pages": 1, "posts": 2}
 INFO  [LoadTime][Feed] snapshot-ready {"aiCards": 0, "feedTab": "for_you", "hasMore": false, "posts": 2}
 INFO  [LoadTime][Feed] load-complete {"counts": {"aiCards": 0, "followingEntities": 0, "posts": 2}, "details": {"hasMore": false, "tab": "for_you", "user": "signed-in"}, "durationMs": 3781}
 INFO  [LoadTime][Feed] first-ready {"counts": {"aiCards": 0, "followingEntities": 0, "posts": 2}, "details": {"hasMore": false, "tab": "for_you", "user": "signed-in"}, "durationMs": 3785, "renderCount": 10}
 INFO  [LoadTime][Feed] query-complete {"durationMs": 1433, "error": undefined, "query": "forYouFeed", "status": "success", "updatedAt": "2026-05-17T20:43:31.857Z"}
 INFO  [LoadTime][FeedRadio] fetch-start {"details": {"includeItems": true}}
 INFO  [LoadTime][FeedRadio] edge-complete {"details": {"featuredOnly": true, "playableStations": 1, "stations": 1}, "durationMs": 734}
 INFO  [LoadTime][FeedRadio] fetch-complete {"details": {"playableStations": 1, "stations": 1}, "durationMs": 737}
 WARN  [GROQ_ROUTER] Request failed {"apiKeySignature": "len=56 prefix=gsk_zq suffix=j7J5Bx", "apiKeySource": "process.env.EXPO_PUBLIC_GROQ_API_KEY", "message": "Invalid API Key", "modelId": "llama-3.3-70b-versatile", "modelSource": "default.llama-3.3-70b-versatile", "status": 401}
 WARN  [GROQ_ROUTER] Request exception {"apiKeySignature": "len=56 prefix=gsk_zq suffix=j7J5Bx", "apiKeySource": "process.env.EXPO_PUBLIC_GROQ_API_KEY", "message": "Invalid API Key", "modelId": "llama-3.3-70b-versatile", "modelSource": "default.llama-3.3-70b-versatile"}
 LOG  [notification-toast] Backfilled recent notifications {"count": 0, "queryFloorIso": "2026-05-17T20:43:15.292Z", "reason": "recovery-poll"}
 LOG  [notification-toast] Backfilled recent notifications {"count": 0, "queryFloorIso": "2026-05-17T20:43:20.766Z", "reason": "recovery-poll"}
 LOG  [notification-toast] Backfilled recent notifications {"count": 0, "queryFloorIso": "2026-05-17T20:43:26.797Z", "reason": "recovery-poll"}
 LOG  [notification-toast] Backfilled recent notifications {"count": 0, "queryFloorIso": "2026-05-17T20:43:32.827Z", "reason": "recovery-poll"}
 LOG  [notification-toast] Backfilled recent notifications {"count": 0, "queryFloorIso": "2026-05-17T20:43:38.858Z", "reason": "recovery-poll"}
 LOG  [notification-toast] Disposed notification toast channel {"activeUserId": "b15adc6d-5c83-4793-a3fa-2cceae2ed175", "reason": "app-state:background"}
 INFO  [LoadTime][Route] leave {"durationMs": 32047, "route": "/(tabs)/feed"}
 INFO  [LoadTime][Route] enter {"route": "/(tabs)/my_production", "startedAt": "2026-05-17T20:44:01.195Z"}
 LOG  [notification-toast] Notification toast channel status {"activeUserId": "b15adc6d-5c83-4793-a3fa-2cceae2ed175", "reason": "foreground", "status": "SUBSCRIBED"}
 LOG  [notification-toast] Backfilled recent notifications {"count": 0, "queryFloorIso": "2026-05-17T20:43:45.099Z", "reason": "recovery-poll"}
 LOG  [notification-toast] Backfilled recent notifications {"count": 0, "queryFloorIso": "2026-05-17T20:43:49.219Z", "reason": "recovery-poll"}
 LOG  [notification-toast] Backfilled recent notifications {"count": 0, "queryFloorIso": "2026-05-17T20:43:55.251Z", "reason": "recovery-poll"}
 LOG  [notification-toast] Backfilled recent notifications {"count": 0, "queryFloorIso": "2026-05-17T20:44:01.280Z", "reason": "recovery-poll"}
 LOG  [notification-toast] Backfilled recent notifications {"count": 0, "queryFloorIso": "2026-05-17T20:44:07.311Z", "reason": "recovery-poll"}
 LOG  [notification-toast] Backfilled recent notifications {"count": 0, "queryFloorIso": "2026-05-17T20:44:13.341Z", "reason": "recovery-poll"}
 LOG  [notification-toast] Backfilled recent notifications {"count": 0, "queryFloorIso": "2026-05-17T20:44:19.372Z", "reason": "recovery-poll"}
 LOG  [notification-toast] Backfilled recent notifications {"count": 0, "queryFloorIso": "2026-05-17T20:44:25.403Z", "reason": "recovery-poll"}
 LOG  [notification-toast] Backfilled recent notifications {"count": 0, "queryFloorIso": "2026-05-17T20:44:31.421Z", "reason": "recovery-poll"}
 LOG  [notification-toast] Backfilled recent notifications {"count": 0, "queryFloorIso": "2026-05-17T20:44:37.462Z", "reason": "recovery-poll"}
 LOG  [notification-toast] Backfilled recent notifications {"count": 0, "queryFloorIso": "2026-05-17T20:44:43.493Z", "reason": "recovery-poll"}
 LOG  [notification-toast] Backfilled recent notifications {"count": 0, "queryFloorIso": "2026-05-17T20:44:49.524Z", "reason": "recovery-poll"}
 LOG  [notification-toast] Backfilled recent notifications {"count": 0, "queryFloorIso": "2026-05-17T20:44:55.554Z", "reason": "recovery-poll"}
 LOG  [notification-toast] Backfilled recent notifications {"count": 0, "queryFloorIso": "2026-05-17T20:45:01.586Z", "reason": "recovery-poll"}
 LOG  [notification-toast] Backfilled recent notifications {"count": 0, "queryFloorIso": "2026-05-17T20:45:07.616Z", "reason": "recovery-poll"}
 LOG  [notification-toast] Backfilled recent notifications {"count": 0, "queryFloorIso": "2026-05-17T20:45:13.645Z", "reason": "recovery-poll"}
 LOG  [notification-toast] Backfilled recent notifications {"count": 0, "queryFloorIso": "2026-05-17T20:45:19.676Z", "reason": "recovery-poll"}
 LOG  [notification-toast] Backfilled recent notifications {"count": 0, "queryFloorIso": "2026-05-17T20:45:25.706Z", "reason": "recovery-poll"}
 LOG  [notification-toast] Backfilled recent notifications {"count": 0, "queryFloorIso": "2026-05-17T20:45:31.737Z", "reason": "recovery-poll"}
 LOG  [notification-toast] Backfilled recent notifications {"count": 0, "queryFloorIso": "2026-05-17T20:45:37.767Z", "reason": "recovery-poll"}
 LOG  [notification-toast] Backfilled recent notifications {"count": 0, "queryFloorIso": "2026-05-17T20:45:43.798Z", "reason": "recovery-poll"}
 LOG  [notification-toast] Backfilled recent notifications {"count": 0, "queryFloorIso": "2026-05-17T20:45:49.828Z", "reason": "recovery-poll"}
 LOG  [notification-toast] Backfilled recent notifications {"count": 0, "queryFloorIso": "2026-05-17T20:45:55.858Z", "reason": "recovery-poll"}
Android .\index.js ░░░░░░░░░░░░░░░░  0.0% (0/1)
Android Bundled 162ms index.js (1 module)
 INFO  [radio] react-native-track-player unavailable; radio playback is disabled until you run a native dev build.
 WARN  SafeAreaView has been deprecated and will be removed in a future release. Please use 'react-native-safe-area-context' instead. See https://github.com/th3rdwave/react-native-safe-area-context
 WARN  [expo-av]: Expo AV has been deprecated and will be removed in SDK 54. Use the `expo-audio` and `expo-video` packages to replace the required functionality.
 INFO  [push] expo-notifications unavailable; native push registration is disabled until dependencies are installed and Metro is restarted.
 INFO  [LoadTime][Route] enter {"route": "/", "startedAt": "2026-05-17T20:46:26.921Z"}
Android .\index.js ░░░░░░░░░░░░░░░░  0.0% (0/1)
Android Bundled 140ms index.js (1 module)
 INFO  [radio] react-native-track-player unavailable; radio playback is disabled until you run a native dev build.
 WARN  SafeAreaView has been deprecated and will be removed in a future release. Please use 'react-native-safe-area-context' instead. See https://github.com/th3rdwave/react-native-safe-area-context
 WARN  [expo-av]: Expo AV has been deprecated and will be removed in SDK 54. Use the `expo-audio` and `expo-video` packages to replace the required functionality.
 INFO  [push] expo-notifications unavailable; native push registration is disabled until dependencies are installed and Metro is restarted.
 INFO  [LoadTime][Route] enter {"route": "/", "startedAt": "2026-05-17T20:48:42.787Z"}
 INFO  [LoadTime][Route] leave {"durationMs": 2201, "route": "/"}
 INFO  [LoadTime][Feed] mount {"details": {"hasMore": false, "tab": "for_you", "user": "guest"}, "startedAt": "2026-05-17T20:48:46.530Z"}
 INFO  [LoadTime][Route] enter {"route": "/(tabs)/feed", "startedAt": "2026-05-17T20:48:46.555Z"}
 LOG  [notification-toast] Notification toast channel status {"activeUserId": "dd2dfcb0-e2cc-4052-86f9-8af7ef7f1980", "reason": "initial", "status": "SUBSCRIBED"}
 INFO  [LoadTime][Feed] query-start {"query": "forYouFeed", "status": "pending"}
 LOG  [notification-toast] Backfilled recent notifications {"count": 0, "queryFloorIso": "2026-05-17T20:43:32.112Z", "reason": "subscribed:initial"}
 INFO  [LoadTime][Edge:manage-social-feed] complete {"action": "get_feed", "cursor": undefined, "durationMs": 1344, "hasUserId": true, "keys": ["action", "cursor", "feed_type", "limit", "personalize", "userId"], "limit": 12}
 INFO  [LoadTime][Feed] primary-page-parsed {"append": false, "feedTab": "for_you", "pages": 1, "posts": 2}
 INFO  [LoadTime][Feed] snapshot-ready {"aiCards": 0, "feedTab": "for_you", "hasMore": false, "posts": 2}
 INFO  [LoadTime][Feed] load-complete {"counts": {"aiCards": 0, "followingEntities": 0, "posts": 2}, "details": {"hasMore": false, "tab": "for_you", "user": "signed-in"}, "durationMs": 4374}
 INFO  [LoadTime][Feed] first-ready {"counts": {"aiCards": 0, "followingEntities": 0, "posts": 2}, "details": {"hasMore": false, "tab": "for_you", "user": "signed-in"}, "durationMs": 4388, "renderCount": 10}
 INFO  [LoadTime][Feed] query-complete {"durationMs": 2150, "error": undefined, "query": "forYouFeed", "status": "success", "updatedAt": "2026-05-17T20:48:49.384Z"}
 INFO  [LoadTime][FeedRadio] fetch-start {"details": {"includeItems": true}}
 INFO  [LoadTime][FeedRadio] edge-complete {"details": {"featuredOnly": true, "playableStations": 1, "stations": 1}, "durationMs": 948}
 INFO  [LoadTime][FeedRadio] fetch-complete {"details": {"playableStations": 1, "stations": 1}, "durationMs": 951}
 WARN  [GROQ_ROUTER] Request failed {"apiKeySignature": "len=56 prefix=gsk_zq suffix=j7J5Bx", "apiKeySource": "process.env.EXPO_PUBLIC_GROQ_API_KEY", "message": "Invalid API Key", "modelId": "llama-3.3-70b-versatile", "modelSource": "default.llama-3.3-70b-versatile", "status": 401}
 WARN  [GROQ_ROUTER] Request exception {"apiKeySignature": "len=56 prefix=gsk_zq suffix=j7J5Bx", "apiKeySource": "process.env.EXPO_PUBLIC_GROQ_API_KEY", "message": "Invalid API Key", "modelId": "llama-3.3-70b-versatile", "modelSource": "default.llama-3.3-70b-versatile"}
 LOG  [notification-toast] Backfilled recent notifications {"count": 0, "queryFloorIso": "2026-05-17T20:48:32.729Z", "reason": "recovery-poll"}
 LOG  [notification-toast] Backfilled recent notifications {"count": 0, "queryFloorIso": "2026-05-17T20:48:38.482Z", "reason": "recovery-poll"}
 LOG  [notification-toast] Backfilled recent notifications {"count": 0, "queryFloorIso": "2026-05-17T20:48:44.512Z", "reason": "recovery-poll"}
 LOG  [notification-toast] Backfilled recent notifications {"count": 0, "queryFloorIso": "2026-05-17T20:48:50.543Z", "reason": "recovery-poll"}
 LOG  [notification-toast] Disposed notification toast channel {"activeUserId": "dd2dfcb0-e2cc-4052-86f9-8af7ef7f1980", "reason": "app-state:background"}
 INFO  [LoadTime][Route] leave {"durationMs": 31722, "route": "/(tabs)/feed"}
 INFO  [LoadTime][Route] enter {"route": "/(tabs)/my_production", "startedAt": "2026-05-17T20:49:18.279Z"}
 LOG  [notification-toast] Notification toast channel status {"activeUserId": "dd2dfcb0-e2cc-4052-86f9-8af7ef7f1980", "reason": "foreground", "status": "SUBSCRIBED"}
 LOG  [notification-toast] Backfilled recent notifications {"count": 0, "queryFloorIso": "2026-05-17T20:49:02.144Z", "reason": "foreground"}
 LOG  [notification-toast] Backfilled recent notifications {"count": 0, "queryFloorIso": "2026-05-17T20:49:03.307Z", "reason": "recovery-poll"}
 LOG  [notification-toast] Backfilled recent notifications {"count": 0, "queryFloorIso": "2026-05-17T20:49:09.333Z", "reason": "recovery-poll"}
 LOG  [notification-toast] Backfilled recent notifications {"count": 0, "queryFloorIso": "2026-05-17T20:49:15.364Z", "reason": "recovery-poll"}
 LOG  [notification-toast] Backfilled recent notifications {"count": 0, "queryFloorIso": "2026-05-17T20:49:21.395Z", "reason": "recovery-poll"}
 LOG  [notification-toast] Backfilled recent notifications {"count": 0, "queryFloorIso": "2026-05-17T20:49:27.425Z", "reason": "recovery-poll"}
 LOG  [notification-toast] Backfilled recent notifications {"count": 0, "queryFloorIso": "2026-05-17T20:49:33.456Z", "reason": "recovery-poll"}
 LOG  [notification-toast] Backfilled recent notifications {"count": 0, "queryFloorIso": "2026-05-17T20:49:39.486Z", "reason": "recovery-poll"}
 LOG  [notification-toast] Backfilled recent notifications {"count": 0, "queryFloorIso": "2026-05-17T20:49:45.516Z", "reason": "recovery-poll"}
 LOG  [notification-toast] Backfilled recent notifications {"count": 0, "queryFloorIso": "2026-05-17T20:49:51.548Z", "reason": "recovery-poll"}
 LOG  [notification-toast] Backfilled recent notifications {"count": 0, "queryFloorIso": "2026-05-17T20:49:57.577Z", "reason": "recovery-poll"}
 LOG  [notification-toast] Backfilled recent notifications {"count": 0, "queryFloorIso": "2026-05-17T20:50:03.608Z", "reason": "recovery-poll"}
 LOG  [notification-toast] Backfilled recent notifications {"count": 0, "queryFloorIso": "2026-05-17T20:50:09.638Z", "reason": "recovery-poll"}
 LOG  [notification-toast] Backfilled recent notifications {"count": 0, "queryFloorIso": "2026-05-17T20:50:15.668Z", "reason": "recovery-poll"}
 LOG  [notification-toast] Backfilled recent notifications {"count": 0, "queryFloorIso": "2026-05-17T20:50:21.699Z", "reason": "recovery-poll"}
 LOG  [notification-toast] Backfilled recent notifications {"count": 0, "queryFloorIso": "2026-05-17T20:50:27.729Z", "reason": "recovery-poll"}
 LOG  [notification-toast] Backfilled recent notifications {"count": 0, "queryFloorIso": "2026-05-17T20:50:33.760Z", "reason": "recovery-poll"}
 LOG  [notification-toast] Backfilled recent notifications {"count": 0, "queryFloorIso": "2026-05-17T20:50:39.790Z", "reason": "recovery-poll"}
 LOG  [notification-toast] Backfilled recent notifications {"count": 0, "queryFloorIso": "2026-05-17T20:50:45.821Z", "reason": "recovery-poll"}
 LOG  [notification-toast] Backfilled recent notifications {"count": 0, "queryFloorIso": "2026-05-17T20:50:51.852Z", "reason": "recovery-poll"}
 LOG  [notification-toast] Backfilled recent notifications {"count": 0, "queryFloorIso": "2026-05-17T20:50:57.882Z", "reason": "recovery-poll"}
 LOG  [notification-toast] Backfilled recent notifications {"count": 0, "queryFloorIso": "2026-05-17T20:51:03.912Z", "reason": "recovery-poll"}
Android .\index.js ░░░░░░░░░░░░░░░░  0.0% (0/1)
Android Bundled 171ms index.js (1 module)
 INFO  [radio] react-native-track-player unavailable; radio playback is disabled until you run a native dev build.
 WARN  SafeAreaView has been deprecated and will be removed in a future release. Please use 'react-native-safe-area-context' instead. See https://github.com/th3rdwave/react-native-safe-area-context
 WARN  [expo-av]: Expo AV has been deprecated and will be removed in SDK 54. Use the `expo-audio` and `expo-video` packages to replace the required functionality.
 INFO  [push] expo-notifications unavailable; native push registration is disabled until dependencies are installed and Metro is restarted.
 INFO  [LoadTime][Route] enter {"route": "/", "startedAt": "2026-05-17T20:51:36.293Z"}
Android .\index.js ░░░░░░░░░░░░░░░░  0.0% (0/1)
Android Bundled 133ms index.js (1 module)
 INFO  [radio] react-native-track-player unavailable; radio playback is disabled until you run a native dev build.
 WARN  SafeAreaView has been deprecated and will be removed in a future release. Please use 'react-native-safe-area-context' instead. See https://github.com/th3rdwave/react-native-safe-area-context
 WARN  [expo-av]: Expo AV has been deprecated and will be removed in SDK 54. Use the `expo-audio` and `expo-video` packages to replace the required functionality.
 INFO  [push] expo-notifications unavailable; native push registration is disabled until dependencies are installed and Metro is restarted.
 INFO  [LoadTime][Route] enter {"route": "/", "startedAt": "2026-05-17T20:53:51.964Z"}
 INFO  [LoadTime][Route] leave {"durationMs": 2169, "route": "/"}
 INFO  [LoadTime][Feed] mount {"details": {"hasMore": false, "tab": "for_you", "user": "guest"}, "startedAt": "2026-05-17T20:53:56.397Z"}
 INFO  [LoadTime][Route] enter {"route": "/(tabs)/feed", "startedAt": "2026-05-17T20:53:56.423Z"}
 LOG  [notification-toast] Notification toast channel status {"activeUserId": "337ddbfc-e00f-4e19-b706-c403d7dac40f", "reason": "initial", "status": "SUBSCRIBED"}
 INFO  [LoadTime][Feed] query-start {"query": "forYouFeed", "status": "pending"}
 LOG  [notification-toast] Backfilled recent notifications {"count": 0, "queryFloorIso": "2026-05-17T20:48:41.982Z", "reason": "subscribed:initial"}
 INFO  [LoadTime][Edge:manage-social-feed] complete {"action": "get_feed", "cursor": undefined, "durationMs": 1317, "hasUserId": true, "keys": ["action", "cursor", "feed_type", "limit", "personalize", "userId"], "limit": 12}
 INFO  [LoadTime][Feed] primary-page-parsed {"append": false, "feedTab": "for_you", "pages": 1, "posts": 2}
 INFO  [LoadTime][Feed] snapshot-ready {"aiCards": 0, "feedTab": "for_you", "hasMore": false, "posts": 2}
 INFO  [LoadTime][Feed] load-complete {"counts": {"aiCards": 0, "followingEntities": 0, "posts": 2}, "details": {"hasMore": false, "tab": "for_you", "user": "signed-in"}, "durationMs": 5020}
 INFO  [LoadTime][Feed] first-ready {"counts": {"aiCards": 0, "followingEntities": 0, "posts": 2}, "details": {"hasMore": false, "tab": "for_you", "user": "signed-in"}, "durationMs": 5026, "renderCount": 10}
 INFO  [LoadTime][Feed] query-complete {"durationMs": 1928, "error": undefined, "query": "forYouFeed", "status": "success", "updatedAt": "2026-05-17T20:53:59.995Z"}
 INFO  [LoadTime][FeedRadio] fetch-start {"details": {"includeItems": true}}
 INFO  [LoadTime][FeedRadio] edge-complete {"details": {"featuredOnly": true, "playableStations": 1, "stations": 1}, "durationMs": 917}
 INFO  [LoadTime][FeedRadio] fetch-complete {"details": {"playableStations": 1, "stations": 1}, "durationMs": 920}
 WARN  [GROQ_ROUTER] Request failed {"apiKeySignature": "len=56 prefix=gsk_zq suffix=j7J5Bx", "apiKeySource": "process.env.EXPO_PUBLIC_GROQ_API_KEY", "message": "Invalid API Key", "modelId": "llama-3.3-70b-versatile", "modelSource": "default.llama-3.3-70b-versatile", "status": 401}
 WARN  [GROQ_ROUTER] Request exception {"apiKeySignature": "len=56 prefix=gsk_zq suffix=j7J5Bx", "apiKeySource": "process.env.EXPO_PUBLIC_GROQ_API_KEY", "message": "Invalid API Key", "modelId": "llama-3.3-70b-versatile", "modelSource": "default.llama-3.3-70b-versatile"}
 LOG  [notification-toast] Backfilled recent notifications {"count": 0, "queryFloorIso": "2026-05-17T20:53:42.455Z", "reason": "recovery-poll"}
 LOG  [notification-toast] Backfilled recent notifications {"count": 0, "queryFloorIso": "2026-05-17T20:53:48.121Z", "reason": "recovery-poll"}
 LOG  [notification-toast] Backfilled recent notifications {"count": 0, "queryFloorIso": "2026-05-17T20:53:54.148Z", "reason": "recovery-poll"}
 LOG  [notification-toast] Backfilled recent notifications {"count": 0, "queryFloorIso": "2026-05-17T20:54:00.179Z", "reason": "recovery-poll"}
 LOG  [notification-toast] Disposed notification toast channel {"activeUserId": "337ddbfc-e00f-4e19-b706-c403d7dac40f", "reason": "app-state:background"}
 INFO  [LoadTime][Route] leave {"durationMs": 30353, "route": "/(tabs)/feed"}
 INFO  [LoadTime][Route] enter {"route": "/(tabs)/my_production", "startedAt": "2026-05-17T20:54:26.778Z"}
 LOG  [notification-toast] Notification toast channel status {"activeUserId": "337ddbfc-e00f-4e19-b706-c403d7dac40f", "reason": "foreground", "status": "SUBSCRIBED"}
 LOG  [notification-toast] Backfilled recent notifications {"count": 0, "queryFloorIso": "2026-05-17T20:54:10.667Z", "reason": "foreground"}
 LOG  [notification-toast] Backfilled recent notifications {"count": 0, "queryFloorIso": "2026-05-17T20:54:11.797Z", "reason": "recovery-poll"}
 LOG  [notification-toast] Backfilled recent notifications {"count": 0, "queryFloorIso": "2026-05-17T20:54:17.821Z", "reason": "recovery-poll"}
 LOG  [notification-toast] Backfilled recent notifications {"count": 0, "queryFloorIso": "2026-05-17T20:54:23.852Z", "reason": "recovery-poll"}
 LOG  [notification-toast] Backfilled recent notifications {"count": 0, "queryFloorIso": "2026-05-17T20:54:29.882Z", "reason": "recovery-poll"}
 LOG  [notification-toast] Backfilled recent notifications {"count": 0, "queryFloorIso": "2026-05-17T20:54:35.912Z", "reason": "recovery-poll"}
 LOG  [notification-toast] Backfilled recent notifications {"count": 0, "queryFloorIso": "2026-05-17T20:54:41.943Z", "reason": "recovery-poll"}
 LOG  [notification-toast] Backfilled recent notifications {"count": 0, "queryFloorIso": "2026-05-17T20:54:47.972Z", "reason": "recovery-poll"}
 LOG  [notification-toast] Backfilled recent notifications {"count": 0, "queryFloorIso": "2026-05-17T20:54:54.004Z", "reason": "recovery-poll"}
 LOG  [notification-toast] Backfilled recent notifications {"count": 0, "queryFloorIso": "2026-05-17T20:55:00.050Z", "reason": "recovery-poll"}
Android .\index.js ░░░░░░░░░░░░░░░░  0.0% (0/1)
Android Bundled 138ms index.js (1 module)
 INFO  [radio] react-native-track-player unavailable; radio playback is disabled until you run a native dev build.
 WARN  SafeAreaView has been deprecated and will be removed in a future release. Please use 'react-native-safe-area-context' instead. See https://github.com/th3rdwave/react-native-safe-area-context
 WARN  [expo-av]: Expo AV has been deprecated and will be removed in SDK 54. Use the `expo-audio` and `expo-video` packages to replace the required functionality.
 INFO  [push] expo-notifications unavailable; native push registration is disabled until dependencies are installed and Metro is restarted.
 INFO  [LoadTime][Route] enter {"route": "/", "startedAt": "2026-05-17T20:55:33.330Z"}
Android .\index.js ░░░░░░░░░░░░░░░░  0.0% (0/1)
Android Bundled 118ms index.js (1 module)
 INFO  [radio] react-native-track-player unavailable; radio playback is disabled until you run a native dev build.
 WARN  SafeAreaView has been deprecated and will be removed in a future release. Please use 'react-native-safe-area-context' instead. See https://github.com/th3rdwave/react-native-safe-area-context
 WARN  [expo-av]: Expo AV has been deprecated and will be removed in SDK 54. Use the `expo-audio` and `expo-video` packages to replace the required functionality.
 INFO  [push] expo-notifications unavailable; native push registration is disabled until dependencies are installed and Metro is restarted.
 INFO  [LoadTime][Route] enter {"route": "/", "startedAt": "2026-05-17T20:57:48.535Z"}
 INFO  [LoadTime][Route] leave {"durationMs": 2271, "route": "/"}
 INFO  [LoadTime][Feed] mount {"details": {"hasMore": false, "tab": "for_you", "user": "guest"}, "startedAt": "2026-05-17T20:57:52.544Z"}
 INFO  [LoadTime][Route] enter {"route": "/(tabs)/feed", "startedAt": "2026-05-17T20:57:52.570Z"}
 LOG  [notification-toast] Notification toast channel status {"activeUserId": "0ab49db3-6a73-4270-b1d5-02c2a1730c84", "reason": "initial", "status": "SUBSCRIBED"}
 INFO  [LoadTime][Feed] query-start {"query": "forYouFeed", "status": "pending"}
 LOG  [notification-toast] Backfilled recent notifications {"count": 0, "queryFloorIso": "2026-05-17T20:52:38.120Z", "reason": "subscribed:initial"}
 INFO  [LoadTime][Edge:manage-social-feed] complete {"action": "get_feed", "cursor": undefined, "durationMs": 818, "hasUserId": true, "keys": ["action", "cursor", "feed_type", "limit", "personalize", "userId"], "limit": 12}
 INFO  [LoadTime][Feed] primary-page-parsed {"append": false, "feedTab": "for_you", "pages": 1, "posts": 2}
 INFO  [LoadTime][Feed] snapshot-ready {"aiCards": 0, "feedTab": "for_you", "hasMore": false, "posts": 2}
 INFO  [LoadTime][Feed] load-complete {"counts": {"aiCards": 0, "followingEntities": 0, "posts": 2}, "details": {"hasMore": false, "tab": "for_you", "user": "signed-in"}, "durationMs": 3749}
 INFO  [LoadTime][Feed] first-ready {"counts": {"aiCards": 0, "followingEntities": 0, "posts": 2}, "details": {"hasMore": false, "tab": "for_you", "user": "signed-in"}, "durationMs": 3753, "renderCount": 10}
 INFO  [LoadTime][Feed] query-complete {"durationMs": 1614, "error": undefined, "query": "forYouFeed", "status": "success", "updatedAt": "2026-05-17T20:57:54.799Z"}
 INFO  [LoadTime][FeedRadio] fetch-start {"details": {"includeItems": true}}
 INFO  [LoadTime][FeedRadio] edge-complete {"details": {"featuredOnly": true, "playableStations": 1, "stations": 1}, "durationMs": 860}
 INFO  [LoadTime][FeedRadio] fetch-complete {"details": {"playableStations": 1, "stations": 1}, "durationMs": 863}
 WARN  [GROQ_ROUTER] Request failed {"apiKeySignature": "len=56 prefix=gsk_zq suffix=j7J5Bx", "apiKeySource": "process.env.EXPO_PUBLIC_GROQ_API_KEY", "message": "Invalid API Key", "modelId": "llama-3.3-70b-versatile", "modelSource": "default.llama-3.3-70b-versatile", "status": 401}
 WARN  [GROQ_ROUTER] Request exception {"apiKeySignature": "len=56 prefix=gsk_zq suffix=j7J5Bx", "apiKeySource": "process.env.EXPO_PUBLIC_GROQ_API_KEY", "message": "Invalid API Key", "modelId": "llama-3.3-70b-versatile", "modelSource": "default.llama-3.3-70b-versatile"}
 LOG  [notification-toast] Backfilled recent notifications {"count": 0, "queryFloorIso": "2026-05-17T20:57:38.562Z", "reason": "recovery-poll"}
 LOG  [notification-toast] Backfilled recent notifications {"count": 0, "queryFloorIso": "2026-05-17T20:57:44.157Z", "reason": "recovery-poll"}
 LOG  [notification-toast] Backfilled recent notifications {"count": 0, "queryFloorIso": "2026-05-17T20:57:50.186Z", "reason": "recovery-poll"}
 LOG  [notification-toast] Backfilled recent notifications {"count": 0, "queryFloorIso": "2026-05-17T20:57:56.217Z", "reason": "recovery-poll"}
 LOG  [notification-toast] Disposed notification toast channel {"activeUserId": "0ab49db3-6a73-4270-b1d5-02c2a1730c84", "reason": "app-state:background"}
 INFO  [LoadTime][Route] leave {"durationMs": 30856, "route": "/(tabs)/feed"}
 INFO  [LoadTime][Route] enter {"route": "/(tabs)/my_studio", "startedAt": "2026-05-17T20:58:23.428Z"}
 LOG  [notification-toast] Notification toast channel status {"activeUserId": "0ab49db3-6a73-4270-b1d5-02c2a1730c84", "reason": "foreground", "status": "SUBSCRIBED"}
 LOG  [notification-toast] Backfilled recent notifications {"count": 0, "queryFloorIso": "2026-05-17T20:58:07.148Z", "reason": "foreground"}
 LOG  [notification-toast] Backfilled recent notifications {"count": 0, "queryFloorIso": "2026-05-17T20:58:08.450Z", "reason": "recovery-poll"}
 LOG  [notification-toast] Backfilled recent notifications {"count": 0, "queryFloorIso": "2026-05-17T20:58:14.475Z", "reason": "recovery-poll"}
 LOG  [notification-toast] Backfilled recent notifications {"count": 0, "queryFloorIso": "2026-05-17T20:58:20.505Z", "reason": "recovery-poll"}
 LOG  [notification-toast] Backfilled recent notifications {"count": 0, "queryFloorIso": "2026-05-17T20:58:26.539Z", "reason": "recovery-poll"}
 LOG  [notification-toast] Backfilled recent notifications {"count": 0, "queryFloorIso": "2026-05-17T20:58:32.566Z", "reason": "recovery-poll"}
 LOG  [notification-toast] Backfilled recent notifications {"count": 0, "queryFloorIso": "2026-05-17T20:58:38.597Z", "reason": "recovery-poll"}
 LOG  [notification-toast] Backfilled recent notifications {"count": 0, "queryFloorIso": "2026-05-17T20:58:44.627Z", "reason": "recovery-poll"}
 LOG  [notification-toast] Backfilled recent notifications {"count": 0, "queryFloorIso": "2026-05-17T20:58:50.658Z", "reason": "recovery-poll"}
 LOG  [notification-toast] Backfilled recent notifications {"count": 0, "queryFloorIso": "2026-05-17T20:58:56.688Z", "reason": "recovery-poll"}
Android .\index.js ░░░░░░░░░░░░░░░░  0.0% (0/1)
Android Bundled 208ms index.js (1 module)
 INFO  [radio] react-native-track-player unavailable; radio playback is disabled until you run a native dev build.
 WARN  SafeAreaView has been deprecated and will be removed in a future release. Please use 'react-native-safe-area-context' instead. See https://github.com/th3rdwave/react-native-safe-area-context
 WARN  [expo-av]: Expo AV has been deprecated and will be removed in SDK 54. Use the `expo-audio` and `expo-video` packages to replace the required functionality.
 INFO  [push] expo-notifications unavailable; native push registration is disabled until dependencies are installed and Metro is restarted.
 INFO  [LoadTime][Route] enter {"route": "/", "startedAt": "2026-05-17T20:59:30.280Z"}
Android .\index.js ░░░░░░░░░░░░░░░░  0.0% (0/1)
Android Bundled 129ms index.js (1 module)
 INFO  [radio] react-native-track-player unavailable; radio playback is disabled until you run a native dev build.
 WARN  SafeAreaView has been deprecated and will be removed in a future release. Please use 'react-native-safe-area-context' instead. See https://github.com/th3rdwave/react-native-safe-area-context
 WARN  [expo-av]: Expo AV has been deprecated and will be removed in SDK 54. Use the `expo-audio` and `expo-video` packages to replace the required functionality.
 INFO  [push] expo-notifications unavailable; native push registration is disabled until dependencies are installed and Metro is restarted.
 INFO  [LoadTime][Route] enter {"route": "/", "startedAt": "2026-05-17T21:01:45.862Z"}
 INFO  [LoadTime][Route] leave {"durationMs": 2209, "route": "/"}
 INFO  [LoadTime][Feed] mount {"details": {"hasMore": false, "tab": "for_you", "user": "guest"}, "startedAt": "2026-05-17T21:01:49.653Z"}
 INFO  [LoadTime][Route] enter {"route": "/(tabs)/feed", "startedAt": "2026-05-17T21:01:49.678Z"}
 LOG  [notification-toast] Notification toast channel status {"activeUserId": "a10b347a-7932-4662-9732-d5490c8004c8", "reason": "initial", "status": "SUBSCRIBED"}
 INFO  [LoadTime][Feed] query-start {"query": "forYouFeed", "status": "pending"}
 LOG  [notification-toast] Backfilled recent notifications {"count": 0, "queryFloorIso": "2026-05-17T20:56:35.217Z", "reason": "subscribed:initial"}
 INFO  [LoadTime][Edge:manage-social-feed] complete {"action": "get_feed", "cursor": undefined, "durationMs": 1344, "hasUserId": true, "keys": ["action", "cursor", "feed_type", "limit", "personalize", "userId"], "limit": 12}
 INFO  [LoadTime][Feed] primary-page-parsed {"append": false, "feedTab": "for_you", "pages": 1, "posts": 2}
 INFO  [LoadTime][Feed] snapshot-ready {"aiCards": 0, "feedTab": "for_you", "hasMore": false, "posts": 2}
 INFO  [LoadTime][Feed] load-complete {"counts": {"aiCards": 0, "followingEntities": 0, "posts": 2}, "details": {"hasMore": false, "tab": "for_you", "user": "signed-in"}, "durationMs": 4382}
 INFO  [LoadTime][Feed] first-ready {"counts": {"aiCards": 0, "followingEntities": 0, "posts": 2}, "details": {"hasMore": false, "tab": "for_you", "user": "signed-in"}, "durationMs": 4386, "renderCount": 11}
 INFO  [LoadTime][Feed] query-complete {"durationMs": 2160, "error": undefined, "query": "forYouFeed", "status": "success", "updatedAt": "2026-05-17T21:01:52.473Z"}
 INFO  [LoadTime][FeedRadio] fetch-start {"details": {"includeItems": true}}
 INFO  [LoadTime][FeedRadio] edge-complete {"details": {"featuredOnly": true, "playableStations": 1, "stations": 1}, "durationMs": 829}
 INFO  [LoadTime][FeedRadio] fetch-complete {"details": {"playableStations": 1, "stations": 1}, "durationMs": 880}
 WARN  [GROQ_ROUTER] Request failed {"apiKeySignature": "len=56 prefix=gsk_zq suffix=j7J5Bx", "apiKeySource": "process.env.EXPO_PUBLIC_GROQ_API_KEY", "message": "Invalid API Key", "modelId": "llama-3.3-70b-versatile", "modelSource": "default.llama-3.3-70b-versatile", "status": 401}
 WARN  [GROQ_ROUTER] Request exception {"apiKeySignature": "len=56 prefix=gsk_zq suffix=j7J5Bx", "apiKeySource": "process.env.EXPO_PUBLIC_GROQ_API_KEY", "message": "Invalid API Key", "modelId": "llama-3.3-70b-versatile", "modelSource": "default.llama-3.3-70b-versatile"}
 LOG  [notification-toast] Backfilled recent notifications {"count": 0, "queryFloorIso": "2026-05-17T21:01:35.604Z", "reason": "recovery-poll"}
 LOG  [notification-toast] Backfilled recent notifications {"count": 0, "queryFloorIso": "2026-05-17T21:01:41.844Z", "reason": "recovery-poll"}
 LOG  [notification-toast] Backfilled recent notifications {"count": 0, "queryFloorIso": "2026-05-17T21:01:47.874Z", "reason": "recovery-poll"}
 LOG  [notification-toast] Backfilled recent notifications {"count": 0, "queryFloorIso": "2026-05-17T21:01:53.904Z", "reason": "recovery-poll"}
 LOG  [notification-toast] Disposed notification toast channel {"activeUserId": "a10b347a-7932-4662-9732-d5490c8004c8", "reason": "app-state:background"}
 INFO  [LoadTime][Route] leave {"durationMs": 31954, "route": "/(tabs)/feed"}
 INFO  [LoadTime][Route] enter {"route": "/(tabs)/my_venue", "startedAt": "2026-05-17T21:02:21.634Z"}
 LOG  [notification-toast] Notification toast channel status {"activeUserId": "a10b347a-7932-4662-9732-d5490c8004c8", "reason": "foreground", "status": "SUBSCRIBED"}
 LOG  [notification-toast] Backfilled recent notifications {"count": 0, "queryFloorIso": "2026-05-17T21:02:05.415Z", "reason": "foreground"}
 LOG  [notification-toast] Backfilled recent notifications {"count": 0, "queryFloorIso": "2026-05-17T21:02:06.659Z", "reason": "recovery-poll"}
 LOG  [notification-toast] Backfilled recent notifications {"count": 0, "queryFloorIso": "2026-05-17T21:02:12.678Z", "reason": "recovery-poll"}
 LOG  [notification-toast] Backfilled recent notifications {"count": 0, "queryFloorIso": "2026-05-17T21:02:18.709Z", "reason": "recovery-poll"}
 LOG  [notification-toast] Backfilled recent notifications {"count": 0, "queryFloorIso": "2026-05-17T21:02:24.739Z", "reason": "recovery-poll"}
 LOG  [notification-toast] Backfilled recent notifications {"count": 0, "queryFloorIso": "2026-05-17T21:02:30.770Z", "reason": "recovery-poll"}
 LOG  [notification-toast] Backfilled recent notifications {"count": 0, "queryFloorIso": "2026-05-17T21:02:36.801Z", "reason": "recovery-poll"}
 LOG  [notification-toast] Backfilled recent notifications {"count": 0, "queryFloorIso": "2026-05-17T21:02:42.831Z", "reason": "recovery-poll"}
 LOG  [notification-toast] Backfilled recent notifications {"count": 0, "queryFloorIso": "2026-05-17T21:02:48.861Z", "reason": "recovery-poll"}
 LOG  [notification-toast] Backfilled recent notifications {"count": 0, "queryFloorIso": "2026-05-17T21:02:54.893Z", "reason": "recovery-poll"}
Android .\index.js ░░░░░░░░░░░░░░░░  0.0% (0/1)
Android Bundled 128ms index.js (1 module)
 INFO  [radio] react-native-track-player unavailable; radio playback is disabled until you run a native dev build.
 WARN  SafeAreaView has been deprecated and will be removed in a future release. Please use 'react-native-safe-area-context' instead. See https://github.com/th3rdwave/react-native-safe-area-context
 WARN  [expo-av]: Expo AV has been deprecated and will be removed in SDK 54. Use the `expo-audio` and `expo-video` packages to replace the required functionality.
 INFO  [push] expo-notifications unavailable; native push registration is disabled until dependencies are installed and Metro is restarted.
 INFO  [LoadTime][Route] enter {"route": "/", "startedAt": "2026-05-17T21:03:26.508Z"}
Android .\index.js ░░░░░░░░░░░░░░░░  0.0% (0/1)
Android Bundled 118ms index.js (1 module)
 INFO  [radio] react-native-track-player unavailable; radio playback is disabled until you run a native dev build.
 WARN  SafeAreaView has been deprecated and will be removed in a future release. Please use 'react-native-safe-area-context' instead. See https://github.com/th3rdwave/react-native-safe-area-context
 WARN  [expo-av]: Expo AV has been deprecated and will be removed in SDK 54. Use the `expo-audio` and `expo-video` packages to replace the required functionality.
 INFO  [push] expo-notifications unavailable; native push registration is disabled until dependencies are installed and Metro is restarted.
 INFO  [LoadTime][Route] enter {"route": "/", "startedAt": "2026-05-17T21:05:41.950Z"}
 INFO  [LoadTime][Route] leave {"durationMs": 2238, "route": "/"}
 INFO  [LoadTime][Feed] mount {"details": {"hasMore": false, "tab": "for_you", "user": "guest"}, "startedAt": "2026-05-17T21:05:45.734Z"}
 INFO  [LoadTime][Route] enter {"route": "/(tabs)/feed", "startedAt": "2026-05-17T21:05:45.760Z"}
 LOG  [notification-toast] Notification toast channel status {"activeUserId": "9edd5267-c5f5-4a61-9cb7-dd26e31f50da", "reason": "initial", "status": "SUBSCRIBED"}
 LOG  [notification-toast] Backfilled recent notifications {"count": 0, "queryFloorIso": "2026-05-17T21:00:31.344Z", "reason": "subscribed:initial"}
 INFO  [LoadTime][Feed] query-start {"query": "forYouFeed", "status": "pending"}
 INFO  [LoadTime][Edge:manage-social-feed] complete {"action": "get_feed", "cursor": undefined, "durationMs": 972, "hasUserId": true, "keys": ["action", "cursor", "feed_type", "limit", "personalize", "userId"], "limit": 12}
 INFO  [LoadTime][Feed] primary-page-parsed {"append": false, "feedTab": "for_you", "pages": 1, "posts": 2}
 INFO  [LoadTime][Feed] snapshot-ready {"aiCards": 0, "feedTab": "for_you", "hasMore": false, "posts": 2}
 INFO  [LoadTime][Feed] load-complete {"counts": {"aiCards": 0, "followingEntities": 0, "posts": 2}, "details": {"hasMore": false, "tab": "for_you", "user": "signed-in"}, "durationMs": 4341}
 INFO  [LoadTime][Feed] first-ready {"counts": {"aiCards": 0, "followingEntities": 0, "posts": 2}, "details": {"hasMore": false, "tab": "for_you", "user": "signed-in"}, "durationMs": 4346, "renderCount": 11}
 INFO  [LoadTime][Feed] query-complete {"durationMs": 1795, "error": undefined, "query": "forYouFeed", "status": "success", "updatedAt": "2026-05-17T21:05:48.570Z"}
 INFO  [LoadTime][FeedRadio] fetch-start {"details": {"includeItems": true}}
 INFO  [LoadTime][FeedRadio] edge-complete {"details": {"featuredOnly": true, "playableStations": 1, "stations": 1}, "durationMs": 1113}
 INFO  [LoadTime][FeedRadio] fetch-complete {"details": {"playableStations": 1, "stations": 1}, "durationMs": 1115}
 WARN  [GROQ_ROUTER] Request failed {"apiKeySignature": "len=56 prefix=gsk_zq suffix=j7J5Bx", "apiKeySource": "process.env.EXPO_PUBLIC_GROQ_API_KEY", "message": "Invalid API Key", "modelId": "llama-3.3-70b-versatile", "modelSource": "default.llama-3.3-70b-versatile", "status": 401}
 WARN  [GROQ_ROUTER] Request exception {"apiKeySignature": "len=56 prefix=gsk_zq suffix=j7J5Bx", "apiKeySource": "process.env.EXPO_PUBLIC_GROQ_API_KEY", "message": "Invalid API Key", "modelId": "llama-3.3-70b-versatile", "modelSource": "default.llama-3.3-70b-versatile"}
 LOG  [notification-toast] Backfilled recent notifications {"count": 0, "queryFloorIso": "2026-05-17T21:05:31.774Z", "reason": "recovery-poll"}
 LOG  [notification-toast] Backfilled recent notifications {"count": 0, "queryFloorIso": "2026-05-17T21:05:37.371Z", "reason": "recovery-poll"}
 LOG  [notification-toast] Backfilled recent notifications {"count": 0, "queryFloorIso": "2026-05-17T21:05:43.395Z", "reason": "recovery-poll"}
 LOG  [notification-toast] Backfilled recent notifications {"count": 0, "queryFloorIso": "2026-05-17T21:05:49.426Z", "reason": "recovery-poll"}
 LOG  [notification-toast] Disposed notification toast channel {"activeUserId": "9edd5267-c5f5-4a61-9cb7-dd26e31f50da", "reason": "app-state:background"}
 INFO  [LoadTime][Route] leave {"durationMs": 31102, "route": "/(tabs)/feed"}
 INFO  [LoadTime][Route] enter {"route": "/(tabs)/my_group", "startedAt": "2026-05-17T21:06:16.864Z"}
 LOG  [notification-toast] Notification toast channel status {"activeUserId": "9edd5267-c5f5-4a61-9cb7-dd26e31f50da", "reason": "foreground", "status": "SUBSCRIBED"}
 LOG  [notification-toast] Backfilled recent notifications {"count": 0, "queryFloorIso": "2026-05-17T21:06:00.581Z", "reason": "foreground"}
 LOG  [notification-toast] Backfilled recent notifications {"count": 0, "queryFloorIso": "2026-05-17T21:06:01.885Z", "reason": "recovery-poll"}
 LOG  [notification-toast] Backfilled recent notifications {"count": 0, "queryFloorIso": "2026-05-17T21:06:07.916Z", "reason": "recovery-poll"}
 LOG  [notification-toast] Backfilled recent notifications {"count": 0, "queryFloorIso": "2026-05-17T21:06:13.950Z", "reason": "recovery-poll"}
 LOG  [notification-toast] Backfilled recent notifications {"count": 0, "queryFloorIso": "2026-05-17T21:06:19.978Z", "reason": "recovery-poll"}
 LOG  [notification-toast] Backfilled recent notifications {"count": 0, "queryFloorIso": "2026-05-17T21:06:26.008Z", "reason": "recovery-poll"}
 LOG  [notification-toast] Backfilled recent notifications {"count": 0, "queryFloorIso": "2026-05-17T21:06:32.038Z", "reason": "recovery-poll"}
 LOG  [notification-toast] Backfilled recent notifications {"count": 0, "queryFloorIso": "2026-05-17T21:06:38.069Z", "reason": "recovery-poll"}
 LOG  [notification-toast] Backfilled recent notifications {"count": 0, "queryFloorIso": "2026-05-17T21:06:44.099Z", "reason": "recovery-poll"}
 LOG  [notification-toast] Backfilled recent notifications {"count": 0, "queryFloorIso": "2026-05-17T21:06:50.130Z", "reason": "recovery-poll"}
 LOG  [notification-toast] Backfilled recent notifications {"count": 0, "queryFloorIso": "2026-05-17T21:06:56.160Z", "reason": "recovery-poll"}
 LOG  [notification-toast] Backfilled recent notifications {"count": 0, "queryFloorIso": "2026-05-17T21:07:02.191Z", "reason": "recovery-poll"}
 LOG  [notification-toast] Backfilled recent notifications {"count": 0, "queryFloorIso": "2026-05-17T21:07:08.221Z", "reason": "recovery-poll"}
 LOG  [notification-toast] Backfilled recent notifications {"count": 0, "queryFloorIso": "2026-05-17T21:07:14.251Z", "reason": "recovery-poll"}
 LOG  [notification-toast] Backfilled recent notifications {"count": 0, "queryFloorIso": "2026-05-17T21:07:20.282Z", "reason": "recovery-poll"}
 LOG  [notification-toast] Backfilled recent notifications {"count": 0, "queryFloorIso": "2026-05-17T21:07:26.312Z", "reason": "recovery-poll"}
 LOG  [notification-toast] Backfilled recent notifications {"count": 0, "queryFloorIso": "2026-05-17T21:07:32.343Z", "reason": "recovery-poll"}
 LOG  [notification-toast] Backfilled recent notifications {"count": 0, "queryFloorIso": "2026-05-17T21:07:38.374Z", "reason": "recovery-poll"}
Android .\index.js ░░░░░░░░░░░░░░░░  0.0% (0/1)
Android Bundled 120ms index.js (1 module)
 INFO  [radio] react-native-track-player unavailable; radio playback is disabled until you run a native dev build.
 WARN  SafeAreaView has been deprecated and will be removed in a future release. Please use 'react-native-safe-area-context' instead. See https://github.com/th3rdwave/react-native-safe-area-context
 WARN  [expo-av]: Expo AV has been deprecated and will be removed in SDK 54. Use the `expo-audio` and `expo-video` packages to replace the required functionality.
 INFO  [push] expo-notifications unavailable; native push registration is disabled until dependencies are installed and Metro is restarted.
 INFO  [LoadTime][Route] enter {"route": "/", "startedAt": "2026-05-17T21:08:08.210Z"}
Android .\index.js ░░░░░░░░░░░░░░░░  0.0% (0/1)
Android Bundled 153ms index.js (1 module)
 INFO  [radio] react-native-track-player unavailable; radio playback is disabled until you run a native dev build.
 WARN  SafeAreaView has been deprecated and will be removed in a future release. Please use 'react-native-safe-area-context' instead. See https://github.com/th3rdwave/react-native-safe-area-context
 WARN  [expo-av]: Expo AV has been deprecated and will be removed in SDK 54. Use the `expo-audio` and `expo-video` packages to replace the required functionality.
 INFO  [push] expo-notifications unavailable; native push registration is disabled until dependencies are installed and Metro is restarted.
 INFO  [LoadTime][Route] enter {"route": "/", "startedAt": "2026-05-17T21:10:24.024Z"}
 INFO  [LoadTime][Route] leave {"durationMs": 2358, "route": "/"}
 INFO  [LoadTime][Route] enter {"route": "/signup", "startedAt": "2026-05-17T21:10:26.383Z"}
 LOG  [SignupFlow] email.changed.resetVerificationState {"debugVersion": "signup-diagnostics-2026-05-08", "email": "e2. e2e-17", "previousEmail": "e", "timestamp": "2026-05-17T21:10:34.644Z"}
 LOG  [SignupFlow] email.changed.resetVerificationState {"debugVersion": "signup-diagnostics-2026-05-08", "email": "e2. e2e-177", "previousEmail": "e2. e2e-17", "timestamp": "2026-05-17T21:10:35.521Z"}
 LOG  [SignupFlow] email.changed.resetVerificationState {"debugVersion": "signup-diagnostics-2026-05-08", "email": "e2. e2e-17790", "previousEmail": "e2. e2e-177", "timestamp": "2026-05-17T21:10:35.571Z"}
 LOG  [SignupFlow] email.changed.resetVerificationState {"debugVersion": "signup-diagnostics-2026-05-08", "email": "e2. e2e-1779052078", "previousEmail": "e2. e2e-17790", "timestamp": "2026-05-17T21:10:35.618Z"}
 LOG  [SignupFlow] email.changed.resetVerificationState {"debugVersion": "signup-diagnostics-2026-05-08", "email": "e2. e2e-177905207848", "previousEmail": "e2. e2e-1779052078", "timestamp": "2026-05-17T21:10:35.658Z"}
 LOG  [SignupFlow] email.changed.resetVerificationState {"debugVersion": "signup-diagnostics-2026-05-08", "email": "e2. e2e-1779052078489", "previousEmail": "e2. e2e-177905207848", "timestamp": "2026-05-17T21:10:36.555Z"}
 LOG  [SignupFlow] email.changed.resetVerificationState {"debugVersion": "signup-diagnostics-2026-05-08", "email": "e2. e2e-1779052078489-mobil", "previousEmail": "e2. e2e-1779052078489", "timestamp": "2026-05-17T21:10:36.611Z"}
 LOG  [SignupFlow] email.changed.resetVerificationState {"debugVersion": "signup-diagnostics-2026-05-08", "email": "e2. e2e-1779052078489-mobile-s", "previousEmail": "e2. e2e-1779052078489-mobil", "timestamp": "2026-05-17T21:10:36.649Z"}
 LOG  [SignupFlow] email.changed.resetVerificationState {"debugVersion": "signup-diagnostics-2026-05-08", "email": "e2. e2e-1779052078489-mobile-si", "previousEmail": "e2. e2e-1779052078489-mobile-s", "timestamp": "2026-05-17T21:10:37.526Z"}
 LOG  [SignupFlow] email.changed.resetVerificationState {"debugVersion": "signup-diagnostics-2026-05-08", "email": "e2. e2e-1779052078489-mobile-signup-f", "previousEmail": "e2. e2e-1779052078489-mobile-si", "timestamp": "2026-05-17T21:10:37.576Z"}
 LOG  [SignupFlow] email.changed.resetVerificationState {"debugVersion": "signup-diagnostics-2026-05-08", "email": "e2. e2e-1779052078489-mobile-signup-fan@", "previousEmail": "e2. e2e-1779052078489-mobile-signup-f", "timestamp": "2026-05-17T21:10:37.626Z"}
 LOG  [SignupFlow] email.changed.resetVerificationState {"debugVersion": "signup-diagnostics-2026-05-08", "email": "e2***@m", "previousEmail": "e2. e2e-1779052078489-mobile-signup-fan@", "timestamp": "2026-05-17T21:10:38.524Z"}
 LOG  [SignupFlow] email.changed.resetVerificationState {"debugVersion": "signup-diagnostics-2026-05-08", "email": "e2***@musi", "previousEmail": "e2***@m", "timestamp": "2026-05-17T21:10:38.571Z"}
 LOG  [SignupFlow] email.changed.resetVerificationState {"debugVersion": "signup-diagnostics-2026-05-08", "email": "e2***@musikalo", "previousEmail": "e2***@musi", "timestamp": "2026-05-17T21:10:38.620Z"}
 LOG  [SignupFlow] email.changed.resetVerificationState {"debugVersion": "signup-diagnostics-2026-05-08", "email": "e2***@musikaloka", "previousEmail": "e2***@musikalo", "timestamp": "2026-05-17T21:10:38.656Z"}
 LOG  [SignupFlow] email.changed.resetVerificationState {"debugVersion": "signup-diagnostics-2026-05-08", "email": "e2***@musikalokal", "previousEmail": "e2***@musikaloka", "timestamp": "2026-05-17T21:10:39.526Z"}
 LOG  [SignupFlow] email.changed.resetVerificationState {"debugVersion": "signup-diagnostics-2026-05-08", "email": "e2***@musikalokal.test", "previousEmail": "e2***@musikalokal", "timestamp": "2026-05-17T21:10:39.574Z"}
Android .\index.js ░░░░░░░░░░░░░░░░  0.0% (0/1)
Android Bundled 132ms index.js (1 module)
 INFO  [radio] react-native-track-player unavailable; radio playback is disabled until you run a native dev build.
 WARN  SafeAreaView has been deprecated and will be removed in a future release. Please use 'react-native-safe-area-context' instead. See https://github.com/th3rdwave/react-native-safe-area-context
 WARN  [expo-av]: Expo AV has been deprecated and will be removed in SDK 54. Use the `expo-audio` and `expo-video` packages to replace the required functionality.
 INFO  [push] expo-notifications unavailable; native push registration is disabled until dependencies are installed and Metro is restarted.
 INFO  [LoadTime][Route] enter {"route": "/", "startedAt": "2026-05-17T21:12:27.001Z"}
Android .\index.js ░░░░░░░░░░░░░░░░  0.0% (0/1)
Android Bundled 126ms index.js (1 module)
 INFO  [radio] react-native-track-player unavailable; radio playback is disabled until you run a native dev build.
 WARN  SafeAreaView has been deprecated and will be removed in a future release. Please use 'react-native-safe-area-context' instead. See https://github.com/th3rdwave/react-native-safe-area-context
 WARN  [expo-av]: Expo AV has been deprecated and will be removed in SDK 54. Use the `expo-audio` and `expo-video` packages to replace the required functionality.
 INFO  [push] expo-notifications unavailable; native push registration is disabled until dependencies are installed and Metro is restarted.
 INFO  [LoadTime][Route] enter {"route": "/", "startedAt": "2026-05-17T21:14:42.680Z"}
 INFO  [LoadTime][Route] leave {"durationMs": 2396, "route": "/"}
 INFO  [LoadTime][Route] enter {"route": "/signup", "startedAt": "2026-05-17T21:14:45.077Z"}
 LOG  [SignupFlow] email.changed.resetVerificationState {"debugVersion": "signup-diagnostics-2026-05-08", "email": "e2. e2e-1", "previousEmail": "e", "timestamp": "2026-05-17T21:14:53.187Z"}
 LOG  [SignupFlow] email.changed.resetVerificationState {"debugVersion": "signup-diagnostics-2026-05-08", "email": "e2. e2e-17", "previousEmail": "e2. e2e-1", "timestamp": "2026-05-17T21:14:53.232Z"}
 LOG  [SignupFlow] email.changed.resetVerificationState {"debugVersion": "signup-diagnostics-2026-05-08", "email": "e2. e2e-177", "previousEmail": "e2. e2e-17", "timestamp": "2026-05-17T21:14:54.066Z"}
 LOG  [SignupFlow] email.changed.resetVerificationState {"debugVersion": "signup-diagnostics-2026-05-08", "email": "e2. e2e-177905", "previousEmail": "e2. e2e-177", "timestamp": "2026-05-17T21:14:54.114Z"}
 LOG  [SignupFlow] email.changed.resetVerificationState {"debugVersion": "signup-diagnostics-2026-05-08", "email": "e2. e2e-1779052337", "previousEmail": "e2. e2e-177905", "timestamp": "2026-05-17T21:14:54.159Z"}
 LOG  [SignupFlow] email.changed.resetVerificationState {"debugVersion": "signup-diagnostics-2026-05-08", "email": "e2. e2e-177905233724", "previousEmail": "e2. e2e-1779052337", "timestamp": "2026-05-17T21:14:54.198Z"}
 LOG  [SignupFlow] email.changed.resetVerificationState {"debugVersion": "signup-diagnostics-2026-05-08", "email": "e2. e2e-1779052337241", "previousEmail": "e2. e2e-177905233724", "timestamp": "2026-05-17T21:14:55.101Z"}
 LOG  [SignupFlow] email.changed.resetVerificationState {"debugVersion": "signup-diagnostics-2026-05-08", "email": "e2. e2e-1779052337241-mobil", "previousEmail": "e2. e2e-1779052337241", "timestamp": "2026-05-17T21:14:55.149Z"}
 LOG  [SignupFlow] email.changed.resetVerificationState {"debugVersion": "signup-diagnostics-2026-05-08", "email": "e2. e2e-1779052337241-mobile-s", "previousEmail": "e2. e2e-1779052337241-mobil", "timestamp": "2026-05-17T21:14:55.193Z"}
 LOG  [SignupFlow] email.changed.resetVerificationState {"debugVersion": "signup-diagnostics-2026-05-08", "email": "e2. e2e-1779052337241-mobile-si", "previousEmail": "e2. e2e-1779052337241-mobile-s", "timestamp": "2026-05-17T21:14:56.061Z"}
 LOG  [SignupFlow] email.changed.resetVerificationState {"debugVersion": "signup-diagnostics-2026-05-08", "email": "e2. e2e-1779052337241-mobile-signup-", "previousEmail": "e2. e2e-1779052337241-mobile-si", "timestamp": "2026-05-17T21:14:56.117Z"}
 LOG  [SignupFlow] email.changed.resetVerificationState {"debugVersion": "signup-diagnostics-2026-05-08", "email": "e2. e2e-1779052337241-mobile-signup-fan@", "previousEmail": "e2. e2e-1779052337241-mobile-signup-", "timestamp": "2026-05-17T21:14:56.162Z"}
 LOG  [SignupFlow] email.changed.resetVerificationState {"debugVersion": "signup-diagnostics-2026-05-08", "email": "e2***@m", "previousEmail": "e2. e2e-1779052337241-mobile-signup-fan@", "timestamp": "2026-05-17T21:14:57.069Z"}
 LOG  [SignupFlow] email.changed.resetVerificationState {"debugVersion": "signup-diagnostics-2026-05-08", "email": "e2***@musi", "previousEmail": "e2***@m", "timestamp": "2026-05-17T21:14:57.119Z"}
 LOG  [SignupFlow] email.changed.resetVerificationState {"debugVersion": "signup-diagnostics-2026-05-08", "email": "e2***@musikalok", "previousEmail": "e2***@musi", "timestamp": "2026-05-17T21:14:57.166Z"}
 LOG  [SignupFlow] email.changed.resetVerificationState {"debugVersion": "signup-diagnostics-2026-05-08", "email": "e2***@musikaloka", "previousEmail": "e2***@musikalok", "timestamp": "2026-05-17T21:14:57.198Z"}
 LOG  [SignupFlow] email.changed.resetVerificationState {"debugVersion": "signup-diagnostics-2026-05-08", "email": "e2***@musikalokal", "previousEmail": "e2***@musikaloka", "timestamp": "2026-05-17T21:14:58.035Z"}
 LOG  [SignupFlow] email.changed.resetVerificationState {"debugVersion": "signup-diagnostics-2026-05-08", "email": "e2***@musikalokal.tes", "previousEmail": "e2***@musikalokal", "timestamp": "2026-05-17T21:14:58.089Z"}
 LOG  [SignupFlow] email.changed.resetVerificationState {"debugVersion": "signup-diagnostics-2026-05-08", "email": "e2***@musikalokal.test", "previousEmail": "e2***@musikalokal.tes", "timestamp": "2026-05-17T21:14:58.126Z"}
Android .\index.js ░░░░░░░░░░░░░░░░  0.0% (0/1)
Android Bundled 261ms index.js (1 module)
 INFO  [radio] react-native-track-player unavailable; radio playback is disabled until you run a native dev build.
 WARN  SafeAreaView has been deprecated and will be removed in a future release. Please use 'react-native-safe-area-context' instead. See https://github.com/th3rdwave/react-native-safe-area-context
 WARN  [expo-av]: Expo AV has been deprecated and will be removed in SDK 54. Use the `expo-audio` and `expo-video` packages to replace the required functionality.
 INFO  [push] expo-notifications unavailable; native push registration is disabled until dependencies are installed and Metro is restarted.
 INFO  [LoadTime][Route] enter {"route": "/", "startedAt": "2026-05-17T21:18:19.976Z"}
Android .\index.js ░░░░░░░░░░░░░░░░  0.0% (0/1)
Android Bundled 178ms index.js (1 module)
 INFO  [radio] react-native-track-player unavailable; radio playback is disabled until you run a native dev build.
 WARN  SafeAreaView has been deprecated and will be removed in a future release. Please use 'react-native-safe-area-context' instead. See https://github.com/th3rdwave/react-native-safe-area-context
 WARN  [expo-av]: Expo AV has been deprecated and will be removed in SDK 54. Use the `expo-audio` and `expo-video` packages to replace the required functionality.
 INFO  [push] expo-notifications unavailable; native push registration is disabled until dependencies are installed and Metro is restarted.
 INFO  [LoadTime][Route] enter {"route": "/", "startedAt": "2026-05-17T21:20:36.313Z"}
 INFO  [LoadTime][Route] leave {"durationMs": 2515, "route": "/"}
 INFO  [LoadTime][Route] enter {"route": "/signup", "startedAt": "2026-05-17T21:20:38.830Z"}
 LOG  [SignupFlow] email.changed.resetVerificationState {"debugVersion": "signup-diagnostics-2026-05-08", "email": "e2. e2e-", "previousEmail": "e2", "timestamp": "2026-05-17T21:20:48.087Z"}
 LOG  [SignupFlow] email.changed.resetVerificationState {"debugVersion": "signup-diagnostics-2026-05-08", "email": "e2. e2e-17", "previousEmail": "e2. e2e-", "timestamp": "2026-05-17T21:20:48.124Z"}
 LOG  [SignupFlow] email.changed.resetVerificationState {"debugVersion": "signup-diagnostics-2026-05-08", "email": "e2. e2e-177", "previousEmail": "e2. e2e-17", "timestamp": "2026-05-17T21:20:48.980Z"}
 LOG  [SignupFlow] email.changed.resetVerificationState {"debugVersion": "signup-diagnostics-2026-05-08", "email": "e2. e2e-177905", "previousEmail": "e2. e2e-177", "timestamp": "2026-05-17T21:20:49.031Z"}
 LOG  [SignupFlow] email.changed.resetVerificationState {"debugVersion": "signup-diagnostics-2026-05-08", "email": "e2. e2e-17790526900", "previousEmail": "e2. e2e-177905", "timestamp": "2026-05-17T21:20:49.082Z"}
 LOG  [SignupFlow] email.changed.resetVerificationState {"debugVersion": "signup-diagnostics-2026-05-08", "email": "e2. e2e-177905269002", "previousEmail": "e2. e2e-17790526900", "timestamp": "2026-05-17T21:20:49.118Z"}
 LOG  [SignupFlow] email.changed.resetVerificationState {"debugVersion": "signup-diagnostics-2026-05-08", "email": "e2. e2e-1779052690026", "previousEmail": "e2. e2e-177905269002", "timestamp": "2026-05-17T21:20:49.982Z"}
 LOG  [SignupFlow] email.changed.resetVerificationState {"debugVersion": "signup-diagnostics-2026-05-08", "email": "e2. e2e-1779052690026-mob", "previousEmail": "e2. e2e-1779052690026", "timestamp": "2026-05-17T21:20:50.035Z"}
 LOG  [SignupFlow] email.changed.resetVerificationState {"debugVersion": "signup-diagnostics-2026-05-08", "email": "e2. e2e-1779052690026-mobile-s", "previousEmail": "e2. e2e-1779052690026-mob", "timestamp": "2026-05-17T21:20:50.078Z"}
 LOG  [SignupFlow] email.changed.resetVerificationState {"debugVersion": "signup-diagnostics-2026-05-08", "email": "e2. e2e-1779052690026-mobile-si", "previousEmail": "e2. e2e-1779052690026-mobile-s", "timestamp": "2026-05-17T21:20:50.950Z"}
 LOG  [SignupFlow] email.changed.resetVerificationState {"debugVersion": "signup-diagnostics-2026-05-08", "email": "e2. e2e-1779052690026-mobile-signup", "previousEmail": "e2. e2e-1779052690026-mobile-si", "timestamp": "2026-05-17T21:20:51.001Z"}
 LOG  [SignupFlow] email.changed.resetVerificationState {"debugVersion": "signup-diagnostics-2026-05-08", "email": "e2. e2e-1779052690026-mobile-signup-fan", "previousEmail": "e2. e2e-1779052690026-mobile-signup", "timestamp": "2026-05-17T21:20:51.051Z"}
 LOG  [SignupFlow] email.changed.resetVerificationState {"debugVersion": "signup-diagnostics-2026-05-08", "email": "e2. e2e-1779052690026-mobile-signup-fan@", "previousEmail": "e2. e2e-1779052690026-mobile-signup-fan", "timestamp": "2026-05-17T21:20:51.088Z"}
 LOG  [SignupFlow] email.changed.resetVerificationState {"debugVersion": "signup-diagnostics-2026-05-08", "email": "e2***@m", "previousEmail": "e2. e2e-1779052690026-mobile-signup-fan@", "timestamp": "2026-05-17T21:20:51.979Z"}
 LOG  [SignupFlow] email.changed.resetVerificationState {"debugVersion": "signup-diagnostics-2026-05-08", "email": "e2***@musik", "previousEmail": "e2***@m", "timestamp": "2026-05-17T21:20:52.025Z"}
 LOG  [SignupFlow] email.changed.resetVerificationState {"debugVersion": "signup-diagnostics-2026-05-08", "email": "e2***@musikaloka", "previousEmail": "e2***@musik", "timestamp": "2026-05-17T21:20:52.064Z"}
 LOG  [SignupFlow] email.changed.resetVerificationState {"debugVersion": "signup-diagnostics-2026-05-08", "email": "e2***@musikalokal", "previousEmail": "e2***@musikaloka", "timestamp": "2026-05-17T21:20:52.931Z"}
 LOG  [SignupFlow] email.changed.resetVerificationState {"debugVersion": "signup-diagnostics-2026-05-08", "email": "e2***@musikalokal.test", "previousEmail": "e2***@musikalokal", "timestamp": "2026-05-17T21:20:52.975Z"}
Android .\index.js ░░░░░░░░░░░░░░░░  0.0% (0/1)
Android Bundled 180ms index.js (1 module)
 INFO  [radio] react-native-track-player unavailable; radio playback is disabled until you run a native dev build.
 WARN  SafeAreaView has been deprecated and will be removed in a future release. Please use 'react-native-safe-area-context' instead. See https://github.com/th3rdwave/react-native-safe-area-context
 WARN  [expo-av]: Expo AV has been deprecated and will be removed in SDK 54. Use the `expo-audio` and `expo-video` packages to replace the required functionality.
 INFO  [push] expo-notifications unavailable; native push registration is disabled until dependencies are installed and Metro is restarted.
 INFO  [LoadTime][Route] enter {"route": "/", "startedAt": "2026-05-17T21:25:34.729Z"}
Android .\index.js ░░░░░░░░░░░░░░░░  0.0% (0/1)
Android Bundled 114ms index.js (1 module)
 INFO  [radio] react-native-track-player unavailable; radio playback is disabled until you run a native dev build.
 WARN  SafeAreaView has been deprecated and will be removed in a future release. Please use 'react-native-safe-area-context' instead. See https://github.com/th3rdwave/react-native-safe-area-context
 WARN  [expo-av]: Expo AV has been deprecated and will be removed in SDK 54. Use the `expo-audio` and `expo-video` packages to replace the required functionality.
 INFO  [push] expo-notifications unavailable; native push registration is disabled until dependencies are installed and Metro is restarted.
 INFO  [LoadTime][Route] enter {"route": "/", "startedAt": "2026-05-17T21:27:50.757Z"}
 INFO  [LoadTime][Route] leave {"durationMs": 2347, "route": "/"}
 INFO  [LoadTime][Route] enter {"route": "/signup", "startedAt": "2026-05-17T21:27:53.105Z"}
 LOG  [SignupFlow] email.changed.resetVerificationState {"debugVersion": "signup-diagnostics-2026-05-08", "email": "signupfane", "previousEmail": "s", "timestamp": "2026-05-17T21:28:01.471Z"}
 LOG  [SignupFlow] email.changed.resetVerificationState {"debugVersion": "signup-diagnostics-2026-05-08", "email": "signupfane2", "previousEmail": "signupfane", "timestamp": "2026-05-17T21:28:02.316Z"}
 LOG  [SignupFlow] email.changed.resetVerificationState {"debugVersion": "signup-diagnostics-2026-05-08", "email": "signupfane2e17", "previousEmail": "signupfane2", "timestamp": "2026-05-17T21:28:02.367Z"}
 LOG  [SignupFlow] email.changed.resetVerificationState {"debugVersion": "signup-diagnostics-2026-05-08", "email": "signupfane2e1779053", "previousEmail": "signupfane2e17", "timestamp": "2026-05-17T21:28:02.419Z"}
 LOG  [SignupFlow] email.changed.resetVerificationState {"debugVersion": "signup-diagnostics-2026-05-08", "email": "signupfane2e17790531", "previousEmail": "signupfane2e1779053", "timestamp": "2026-05-17T21:28:02.456Z"}
 LOG  [SignupFlow] email.changed.resetVerificationState {"debugVersion": "signup-diagnostics-2026-05-08", "email": "signupfane2e177905312", "previousEmail": "signupfane2e17790531", "timestamp": "2026-05-17T21:28:03.348Z"}
 LOG  [SignupFlow] email.changed.resetVerificationState {"debugVersion": "signup-diagnostics-2026-05-08", "email": "signupfane2e1779053124694m", "previousEmail": "signupfane2e177905312", "timestamp": "2026-05-17T21:28:03.397Z"}
 LOG  [SignupFlow] email.changed.resetVerificationState {"debugVersion": "signup-diagnostics-2026-05-08", "email": "signupfane2e1779053124694mobil", "previousEmail": "signupfane2e1779053124694m", "timestamp": "2026-05-17T21:28:03.434Z"}
 LOG  [SignupFlow] email.changed.resetVerificationState {"debugVersion": "signup-diagnostics-2026-05-08", "email": "signupfane2e1779053124694mobile", "previousEmail": "signupfane2e1779053124694mobil", "timestamp": "2026-05-17T21:28:04.308Z"}
 LOG  [SignupFlow] email.changed.resetVerificationState {"debugVersion": "signup-diagnostics-2026-05-08", "email": "signupfane2e1779053124694mobilesignup", "previousEmail": "signupfane2e1779053124694mobile", "timestamp": "2026-05-17T21:28:04.359Z"}
 LOG  [SignupFlow] email.changed.resetVerificationState {"debugVersion": "signup-diagnostics-2026-05-08", "email": "signupfane2e1779053124694mobilesignupfan", "previousEmail": "signupfane2e1779053124694mobilesignup", "timestamp": "2026-05-17T21:28:04.398Z"}
 LOG  [SignupFlow] email.changed.resetVerificationState {"debugVersion": "signup-diagnostics-2026-05-08", "email": "signupfane2e1779053124694mobilesignupfan@", "previousEmail": "signupfane2e1779053124694mobilesignupfan", "timestamp": "2026-05-17T21:28:05.285Z"}
 LOG  [SignupFlow] email.changed.resetVerificationState {"debugVersion": "signup-diagnostics-2026-05-08", "email": "si***@mu", "previousEmail": "signupfane2e1779053124694mobilesignupfan@", "timestamp": "2026-05-17T21:28:05.341Z"}
 LOG  [SignupFlow] email.changed.resetVerificationState {"debugVersion": "signup-diagnostics-2026-05-08", "email": "si***@musikalo", "previousEmail": "si***@mu", "timestamp": "2026-05-17T21:28:05.393Z"}
 LOG  [SignupFlow] email.changed.resetVerificationState {"debugVersion": "signup-diagnostics-2026-05-08", "email": "si***@musikalok", "previousEmail": "si***@musikalo", "timestamp": "2026-05-17T21:28:05.430Z"}
 LOG  [SignupFlow] email.changed.resetVerificationState {"debugVersion": "signup-diagnostics-2026-05-08", "email": "si***@musikaloka", "previousEmail": "si***@musikalok", "timestamp": "2026-05-17T21:28:06.288Z"}
 LOG  [SignupFlow] email.changed.resetVerificationState {"debugVersion": "signup-diagnostics-2026-05-08", "email": "si***@musikalokal.test", "previousEmail": "si***@musikaloka", "timestamp": "2026-05-17T21:28:06.339Z"}
Android .\index.js ░░░░░░░░░░░░░░░░  0.0% (0/1)
Android Bundled 126ms index.js (1 module)
 INFO  [radio] react-native-track-player unavailable; radio playback is disabled until you run a native dev build.
 WARN  SafeAreaView has been deprecated and will be removed in a future release. Please use 'react-native-safe-area-context' instead. See https://github.com/th3rdwave/react-native-safe-area-context
 WARN  [expo-av]: Expo AV has been deprecated and will be removed in SDK 54. Use the `expo-audio` and `expo-video` packages to replace the required functionality.
 INFO  [push] expo-notifications unavailable; native push registration is disabled until dependencies are installed and Metro is restarted.
 INFO  [LoadTime][Route] enter {"route": "/", "startedAt": "2026-05-17T21:33:16.750Z"}
Android .\index.js ░░░░░░░░░░░░░░░░  0.0% (0/1)
Android Bundled 177ms index.js (1 module)
 INFO  [radio] react-native-track-player unavailable; radio playback is disabled until you run a native dev build.
 WARN  SafeAreaView has been deprecated and will be removed in a future release. Please use 'react-native-safe-area-context' instead. See https://github.com/th3rdwave/react-native-safe-area-context
 WARN  [expo-av]: Expo AV has been deprecated and will be removed in SDK 54. Use the `expo-audio` and `expo-video` packages to replace the required functionality.
 INFO  [push] expo-notifications unavailable; native push registration is disabled until dependencies are installed and Metro is restarted.
 INFO  [LoadTime][Route] enter {"route": "/", "startedAt": "2026-05-17T21:35:32.772Z"}
 INFO  [LoadTime][Route] leave {"durationMs": 2376, "route": "/"}
 INFO  [LoadTime][Route] enter {"route": "/signup", "startedAt": "2026-05-17T21:35:35.149Z"}
 LOG  [SignupFlow] email.changed.resetVerificationState {"debugVersion": "signup-diagnostics-2026-05-08", "email": "sign", "previousEmail": "s", "timestamp": "2026-05-17T21:35:43.789Z"}
 LOG  [SignupFlow] email.changed.resetVerificationState {"debugVersion": "signup-diagnostics-2026-05-08", "email": "signupfane", "previousEmail": "sign", "timestamp": "2026-05-17T21:35:43.838Z"}
 LOG  [SignupFlow] email.changed.resetVerificationState {"debugVersion": "signup-diagnostics-2026-05-08", "email": "signupfane2", "previousEmail": "signupfane", "timestamp": "2026-05-17T21:35:44.684Z"}
 LOG  [SignupFlow] email.changed.resetVerificationState {"debugVersion": "signup-diagnostics-2026-05-08", "email": "signupfane2e177", "previousEmail": "signupfane2", "timestamp": "2026-05-17T21:35:44.733Z"}
 LOG  [SignupFlow] email.changed.resetVerificationState {"debugVersion": "signup-diagnostics-2026-05-08", "email": "signupfane2e1779053", "previousEmail": "signupfane2e177", "timestamp": "2026-05-17T21:35:44.780Z"}
 LOG  [SignupFlow] email.changed.resetVerificationState {"debugVersion": "signup-diagnostics-2026-05-08", "email": "signupfane2e17790535", "previousEmail": "signupfane2e1779053", "timestamp": "2026-05-17T21:35:44.816Z"}
 LOG  [SignupFlow] email.changed.resetVerificationState {"debugVersion": "signup-diagnostics-2026-05-08", "email": "signupfane2e177905358", "previousEmail": "signupfane2e17790535", "timestamp": "2026-05-17T21:35:45.655Z"}
 LOG  [SignupFlow] email.changed.resetVerificationState {"debugVersion": "signup-diagnostics-2026-05-08", "email": "signupfane2e177905358645", "previousEmail": "signupfane2e177905358", "timestamp": "2026-05-17T21:35:45.693Z"}
 LOG  [SignupFlow] email.changed.resetVerificationState {"debugVersion": "signup-diagnostics-2026-05-08", "email": "signupfane2e1779053586456mob", "previousEmail": "signupfane2e177905358645", "timestamp": "2026-05-17T21:35:45.737Z"}
 LOG  [SignupFlow] email.changed.resetVerificationState {"debugVersion": "signup-diagnostics-2026-05-08", "email": "signupfane2e1779053586456mobil", "previousEmail": "signupfane2e1779053586456mob", "timestamp": "2026-05-17T21:35:45.770Z"}
 LOG  [SignupFlow] email.changed.resetVerificationState {"debugVersion": "signup-diagnostics-2026-05-08", "email": "signupfane2e1779053586456mobile", "previousEmail": "signupfane2e1779053586456mobil", "timestamp": "2026-05-17T21:35:46.630Z"}
 LOG  [SignupFlow] email.changed.resetVerificationState {"debugVersion": "signup-diagnostics-2026-05-08", "email": "signupfane2e1779053586456mobilesignupf", "previousEmail": "signupfane2e1779053586456mobile", "timestamp": "2026-05-17T21:35:46.683Z"}
 LOG  [SignupFlow] email.changed.resetVerificationState {"debugVersion": "signup-diagnostics-2026-05-08", "email": "signupfane2e1779053586456mobilesignupfan", "previousEmail": "signupfane2e1779053586456mobilesignupf", "timestamp": "2026-05-17T21:35:46.721Z"}
 LOG  [SignupFlow] email.changed.resetVerificationState {"debugVersion": "signup-diagnostics-2026-05-08", "email": "signupfane2e1779053586456mobilesignupfan@", "previousEmail": "signupfane2e1779053586456mobilesignupfan", "timestamp": "2026-05-17T21:35:47.627Z"}
 LOG  [SignupFlow] email.changed.resetVerificationState {"debugVersion": "signup-diagnostics-2026-05-08", "email": "si***@musi", "previousEmail": "signupfane2e1779053586456mobilesignupfan@", "timestamp": "2026-05-17T21:35:47.690Z"}
 LOG  [SignupFlow] email.changed.resetVerificationState {"debugVersion": "signup-diagnostics-2026-05-08", "email": "si***@musikalok", "previousEmail": "si***@musi", "timestamp": "2026-05-17T21:35:47.734Z"}
 LOG  [SignupFlow] email.changed.resetVerificationState {"debugVersion": "signup-diagnostics-2026-05-08", "email": "si***@musikaloka", "previousEmail": "si***@musikalok", "timestamp": "2026-05-17T21:35:48.617Z"}
 LOG  [SignupFlow] email.changed.resetVerificationState {"debugVersion": "signup-diagnostics-2026-05-08", "email": "si***@musikalokal.tes", "previousEmail": "si***@musikaloka", "timestamp": "2026-05-17T21:35:48.669Z"}
 LOG  [SignupFlow] email.changed.resetVerificationState {"debugVersion": "signup-diagnostics-2026-05-08", "email": "si***@musikalokal.test", "previousEmail": "si***@musikalokal.tes", "timestamp": "2026-05-17T21:35:48.707Z"}
 LOG  [SignupFlow] detailsNext.pressed {"confirmPasswordLength": 12, "debugVersion": "signup-diagnostics-2026-05-08", "diditSupported": false, "email": "si***@musikalokal.test", "passwordLength": 12, "passwordsMatch": true, "selectedDocumentKey": "health_insurance", "selectedDocumentLabel": "Health Insurance Card", "selectedRole": "fan", "timestamp": "2026-05-17T21:37:38.120Z"}
 LOG  [SignupFlow] detailsNext.profileLookup.start {"debugVersion": "signup-diagnostics-2026-05-08", "email": "si***@musikalokal.test", "timestamp": "2026-05-17T21:37:38.121Z"}
 LOG  [SignupFlow] detailsNext.profileLookup.result {"debugVersion": "signup-diagnostics-2026-05-08", "email": "si***@musikalokal.test", "foundProfile": false, "profileId": null, "profileIsVerified": false, "profileRole": null, "profileVerificationStatus": null, "timestamp": "2026-05-17T21:37:39.021Z"}
 LOG  [SignupFlow] detailsNext.modeSelected {"debugVersion": "signup-diagnostics-2026-05-08", "mode": "manual", "selectedDocumentKey": "health_insurance", "selectedDocumentLabel": "Health Insurance Card", "timestamp": "2026-05-17T21:37:39.022Z"}
 LOG  [SignupFlow] detailsNext.stepChanged {"debugVersion": "signup-diagnostics-2026-05-08", "email": "si***@musikalokal.test", "nextStep": "verification", "timestamp": "2026-05-17T21:37:39.023Z", "verificationMode": "manual"}
Android .\index.js ░░░░░░░░░░░░░░░░  0.0% (0/1)
Android Bundled 132ms index.js (1 module)
 INFO  [radio] react-native-track-player unavailable; radio playback is disabled until you run a native dev build.
 WARN  SafeAreaView has been deprecated and will be removed in a future release. Please use 'react-native-safe-area-context' instead. See https://github.com/th3rdwave/react-native-safe-area-context
 WARN  [expo-av]: Expo AV has been deprecated and will be removed in SDK 54. Use the `expo-audio` and `expo-video` packages to replace the required functionality.
 INFO  [push] expo-notifications unavailable; native push registration is disabled until dependencies are installed and Metro is restarted.
 INFO  [LoadTime][Route] enter {"route": "/", "startedAt": "2026-05-17T21:37:50.400Z"}
Android .\index.js ░░░░░░░░░░░░░░░░  0.0% (0/1)
Android Bundled 108ms index.js (1 module)
 INFO  [radio] react-native-track-player unavailable; radio playback is disabled until you run a native dev build.
 WARN  SafeAreaView has been deprecated and will be removed in a future release. Please use 'react-native-safe-area-context' instead. See https://github.com/th3rdwave/react-native-safe-area-context
 WARN  [expo-av]: Expo AV has been deprecated and will be removed in SDK 54. Use the `expo-audio` and `expo-video` packages to replace the required functionality.
 INFO  [push] expo-notifications unavailable; native push registration is disabled until dependencies are installed and Metro is restarted.
 INFO  [LoadTime][Route] enter {"route": "/", "startedAt": "2026-05-17T21:40:05.349Z"}
 INFO  [LoadTime][Route] leave {"durationMs": 2434, "route": "/"}
 INFO  [LoadTime][Route] enter {"route": "/signup", "startedAt": "2026-05-17T21:40:07.785Z"}
 LOG  [SignupFlow] diditSession.cleared {"debugVersion": "signup-diagnostics-2026-05-08", "reason": "role_changed", "storageKey": "signup_current_session", "timestamp": "2026-05-17T21:40:10.185Z"}
 LOG  [SignupFlow] email.changed.resetVerificationState {"debugVersion": "signup-diagnostics-2026-05-08", "email": "signupmu", "previousEmail": "s", "timestamp": "2026-05-17T21:40:16.826Z"}
 LOG  [SignupFlow] email.changed.resetVerificationState {"debugVersion": "signup-diagnostics-2026-05-08", "email": "signupmusi", "previousEmail": "signupmu", "timestamp": "2026-05-17T21:40:16.858Z"}
 LOG  [SignupFlow] email.changed.resetVerificationState {"debugVersion": "signup-diagnostics-2026-05-08", "email": "signupmusic", "previousEmail": "signupmusi", "timestamp": "2026-05-17T21:40:17.706Z"}
 LOG  [SignupFlow] email.changed.resetVerificationState {"debugVersion": "signup-diagnostics-2026-05-08", "email": "signupmusiciane", "previousEmail": "signupmusic", "timestamp": "2026-05-17T21:40:17.753Z"}
 LOG  [SignupFlow] email.changed.resetVerificationState {"debugVersion": "signup-diagnostics-2026-05-08", "email": "signupmusiciane2e17", "previousEmail": "signupmusiciane", "timestamp": "2026-05-17T21:40:17.795Z"}
 LOG  [SignupFlow] email.changed.resetVerificationState {"debugVersion": "signup-diagnostics-2026-05-08", "email": "signupmusiciane2e177", "previousEmail": "signupmusiciane2e17", "timestamp": "2026-05-17T21:40:17.831Z"}
 LOG  [SignupFlow] email.changed.resetVerificationState {"debugVersion": "signup-diagnostics-2026-05-08", "email": "signupmusiciane2e1779", "previousEmail": "signupmusiciane2e177", "timestamp": "2026-05-17T21:40:18.701Z"}
 LOG  [SignupFlow] email.changed.resetVerificationState {"debugVersion": "signup-diagnostics-2026-05-08", "email": "signupmusiciane2e17790535", "previousEmail": "signupmusiciane2e1779", "timestamp": "2026-05-17T21:40:18.745Z"}
 LOG  [SignupFlow] email.changed.resetVerificationState {"debugVersion": "signup-diagnostics-2026-05-08", "email": "signupmusiciane2e1779053586456", "previousEmail": "signupmusiciane2e17790535", "timestamp": "2026-05-17T21:40:18.789Z"}
 LOG  [SignupFlow] email.changed.resetVerificationState {"debugVersion": "signup-diagnostics-2026-05-08", "email": "signupmusiciane2e1779053586456m", "previousEmail": "signupmusiciane2e1779053586456", "timestamp": "2026-05-17T21:40:19.661Z"}
 LOG  [SignupFlow] email.changed.resetVerificationState {"debugVersion": "signup-diagnostics-2026-05-08", "email": "signupmusiciane2e1779053586456mobile", "previousEmail": "signupmusiciane2e1779053586456m", "timestamp": "2026-05-17T21:40:19.712Z"}
 LOG  [SignupFlow] email.changed.resetVerificationState {"debugVersion": "signup-diagnostics-2026-05-08", "email": "signupmusiciane2e1779053586456mobilesign", "previousEmail": "signupmusiciane2e1779053586456mobile", "timestamp": "2026-05-17T21:40:19.755Z"}
 LOG  [SignupFlow] email.changed.resetVerificationState {"debugVersion": "signup-diagnostics-2026-05-08", "email": "signupmusiciane2e1779053586456mobilesignu", "previousEmail": "signupmusiciane2e1779053586456mobilesign", "timestamp": "2026-05-17T21:40:20.627Z"}
 LOG  [SignupFlow] email.changed.resetVerificationState {"debugVersion": "signup-diagnostics-2026-05-08", "email": "signupmusiciane2e1779053586456mobilesignupmu", "previousEmail": "signupmusiciane2e1779053586456mobilesignu", "timestamp": "2026-05-17T21:40:20.669Z"}
 LOG  [SignupFlow] email.changed.resetVerificationState {"debugVersion": "signup-diagnostics-2026-05-08", "email": "signupmusiciane2e1779053586456mobilesignupmusic", "previousEmail": "signupmusiciane2e1779053586456mobilesignupmu", "timestamp": "2026-05-17T21:40:20.717Z"}
 LOG  [SignupFlow] email.changed.resetVerificationState {"debugVersion": "signup-diagnostics-2026-05-08", "email": "signupmusiciane2e1779053586456mobilesignupmusician", "previousEmail": "signupmusiciane2e1779053586456mobilesignupmusic", "timestamp": "2026-05-17T21:40:20.753Z"}
 LOG  [SignupFlow] email.changed.resetVerificationState {"debugVersion": "signup-diagnostics-2026-05-08", "email": "signupmusiciane2e1779053586456mobilesignupmusician@", "previousEmail": "signupmusiciane2e1779053586456mobilesignupmusician", "timestamp": "2026-05-17T21:40:21.633Z"}
 LOG  [SignupFlow] email.changed.resetVerificationState {"debugVersion": "signup-diagnostics-2026-05-08", "email": "si***@mus", "previousEmail": "signupmusiciane2e1779053586456mobilesignupmusician@", "timestamp": "2026-05-17T21:40:21.683Z"}
 LOG  [SignupFlow] email.changed.resetVerificationState {"debugVersion": "signup-diagnostics-2026-05-08", "email": "si***@musikalok", "previousEmail": "si***@mus", "timestamp": "2026-05-17T21:40:21.728Z"}
 LOG  [SignupFlow] email.changed.resetVerificationState {"debugVersion": "signup-diagnostics-2026-05-08", "email": "si***@musikaloka", "previousEmail": "si***@musikalok", "timestamp": "2026-05-17T21:40:22.638Z"}
 LOG  [SignupFlow] email.changed.resetVerificationState {"debugVersion": "signup-diagnostics-2026-05-08", "email": "si***@musikalokal.tes", "previousEmail": "si***@musikaloka", "timestamp": "2026-05-17T21:40:22.705Z"}
 LOG  [SignupFlow] email.changed.resetVerificationState {"debugVersion": "signup-diagnostics-2026-05-08", "email": "si***@musikalokal.test", "previousEmail": "si***@musikalokal.tes", "timestamp": "2026-05-17T21:40:22.760Z"}
 LOG  [SignupFlow] detailsNext.pressed {"confirmPasswordLength": 12, "debugVersion": "signup-diagnostics-2026-05-08", "diditSupported": false, "email": "si***@musikalokal.test", "passwordLength": 12, "passwordsMatch": true, "selectedDocumentKey": "health_insurance", "selectedDocumentLabel": "Health Insurance Card", "selectedRole": "musician", "timestamp": "2026-05-17T21:42:12.360Z"}
 LOG  [SignupFlow] detailsNext.profileLookup.start {"debugVersion": "signup-diagnostics-2026-05-08", "email": "si***@musikalokal.test", "timestamp": "2026-05-17T21:42:12.363Z"}
 LOG  [SignupFlow] detailsNext.profileLookup.result {"debugVersion": "signup-diagnostics-2026-05-08", "email": "si***@musikalokal.test", "foundProfile": false, "profileId": null, "profileIsVerified": false, "profileRole": null, "profileVerificationStatus": null, "timestamp": "2026-05-17T21:42:13.439Z"}
 LOG  [SignupFlow] detailsNext.modeSelected {"debugVersion": "signup-diagnostics-2026-05-08", "mode": "manual", "selectedDocumentKey": "health_insurance", "selectedDocumentLabel": "Health Insurance Card", "timestamp": "2026-05-17T21:42:13.440Z"}
 LOG  [SignupFlow] detailsNext.stepChanged {"debugVersion": "signup-diagnostics-2026-05-08", "email": "si***@musikalokal.test", "nextStep": "verification", "timestamp": "2026-05-17T21:42:13.441Z", "verificationMode": "manual"}
